route_id,route,capsid_id,capsid,organ,current_dose_vg,current_dose_vg_per_kg,current_auc_isf_amount_vg_h,reference_id,reference_product,reference_auc_isf_amount_vg_h,conservative_reference_auc_isf_amount_vg_h,exposure_margin_reference_over_current,conservative_margin_over_current,assessment,evidence_grade,inference_class,uncertainty_factor,comparator_scope,evidence_note,source_url
iv,Peripheral intravenous,aav2,AAV2,brain,2800000000000000.0,40000000000000.0,4284333416421.1143,aav8_hemophilia_iv,scAAV2/8-LP1-hFIXco long-term hemophilia B study,1111121818160.1973,111112181816.01973,0.259345319367876,0.025934531936787603,exceeds-conservative-contextual-upper-bound,exploratory,clinical-same-route-cross-capsid,0.1,clinical same route cross capsid,clinical-same-route-cross-capsid; 0.1 evidence haircut applied to the PBPK-projected disclosed-dose organ AUC,https://doi.org/10.1056/NEJMoa2414783
iv,Peripheral intravenous,aav2,AAV2,heart,2800000000000000.0,40000000000000.0,67419983029864.34,aav8_hemophilia_iv,scAAV2/8-LP1-hFIXco long-term hemophilia B study,8840005775237.363,884000577523.7363,0.13111848116784006,0.013111848116784005,exceeds-conservative-contextual-upper-bound,exploratory,clinical-same-route-cross-capsid,0.1,clinical same route cross capsid,clinical-same-route-cross-capsid; 0.1 evidence haircut applied to the PBPK-projected disclosed-dose organ AUC,https://doi.org/10.1056/NEJMoa2414783
iv,Peripheral intravenous,aav2,AAV2,kidney,2800000000000000.0,40000000000000.0,174279836978513.44,aav8_hemophilia_iv,scAAV2/8-LP1-hFIXco long-term hemophilia B study,14905650444680.781,1490565044468.0781,0.08552710802982025,0.008552710802982024,exceeds-conservative-contextual-upper-bound,exploratory,clinical-same-route-cross-capsid,0.1,clinical same route cross capsid,clinical-same-route-cross-capsid; 0.1 evidence haircut applied to the PBPK-projected disclosed-dose organ AUC,https://doi.org/10.1056/NEJMoa2414783
iv,Peripheral intravenous,aav2,AAV2,liver,2800000000000000.0,40000000000000.0,905087819304261.5,aav8_hemophilia_iv,scAAV2/8-LP1-hFIXco long-term hemophilia B study,105628900965252.38,10562890096525.238,0.11670569276520484,0.011670569276520484,exceeds-conservative-contextual-upper-bound,exploratory,clinical-same-route-cross-capsid,0.1,clinical same route cross capsid,clinical-same-route-cross-capsid; 0.1 evidence haircut applied to the PBPK-projected disclosed-dose organ AUC,https://doi.org/10.1056/NEJMoa2414783
iv,Peripheral intravenous,aav2,AAV2,lung,2800000000000000.0,40000000000000.0,807027502043650.0,aav8_hemophilia_iv,scAAV2/8-LP1-hFIXco long-term hemophilia B study,44908847672261.47,4490884767226.147,0.05564723328329951,0.005564723328329952,exceeds-conservative-contextual-upper-bound,exploratory,clinical-same-route-cross-capsid,0.1,clinical same route cross capsid,clinical-same-route-cross-capsid; 0.1 evidence haircut applied to the PBPK-projected disclosed-dose organ AUC,https://doi.org/10.1056/NEJMoa2414783
iv,Peripheral intravenous,aav2,AAV2,muscle,2800000000000000.0,40000000000000.0,2052060479885506.0,aav8_hemophilia_iv,scAAV2/8-LP1-hFIXco long-term hemophilia B study,307833811089335.75,30783381108933.58,0.150012055739464,0.015001205573946401,exceeds-conservative-contextual-upper-bound,exploratory,clinical-same-route-cross-capsid,0.1,clinical same route cross capsid,clinical-same-route-cross-capsid; 0.1 evidence haircut applied to the PBPK-projected disclosed-dose organ AUC,https://doi.org/10.1056/NEJMoa2414783
iv,Peripheral intravenous,aav2,AAV2,rest,2800000000000000.0,40000000000000.0,3654270697356419.0,aav8_hemophilia_iv,scAAV2/8-LP1-hFIXco long-term hemophilia B study,380237318107325.25,38023731810732.52,0.10405286022800593,0.010405286022800593,exceeds-conservative-contextual-upper-bound,exploratory,clinical-same-route-cross-capsid,0.1,clinical same route cross capsid,clinical-same-route-cross-capsid; 0.1 evidence haircut applied to the PBPK-projected disclosed-dose organ AUC,https://doi.org/10.1056/NEJMoa2414783
iv,Peripheral intravenous,aav2,AAV2,spleen,2800000000000000.0,40000000000000.0,164789320370581.94,aav8_hemophilia_iv,scAAV2/8-LP1-hFIXco long-term hemophilia B study,9185386347612.367,918538634761.2368,0.0557401798062888,0.005574017980628881,exceeds-conservative-contextual-upper-bound,exploratory,clinical-same-route-cross-capsid,0.1,clinical same route cross capsid,clinical-same-route-cross-capsid; 0.1 evidence haircut applied to the PBPK-projected disclosed-dose organ AUC,https://doi.org/10.1056/NEJMoa2414783
iv,Peripheral intravenous,aav5,AAV5,brain,2800000000000000.0,40000000000000.0,4732579210592.19,roctavian_iv,ROCTAVIAN (valoctocogene roxaparvovec-rvox),7098868815888.285,5324151611916.214,1.5,1.125,below-conservative-contextual-upper-bound,moderate,approved-same-capsid-route,0.75,approved same capsid route,approved-same-capsid-route; 0.75 evidence haircut applied to the PBPK-projected disclosed-dose organ AUC,https://www.fda.gov/media/169937/download
iv,Peripheral intravenous,aav5,AAV5,heart,2800000000000000.0,40000000000000.0,60629703186547.17,roctavian_iv,ROCTAVIAN (valoctocogene roxaparvovec-rvox),90944554779820.75,68208416084865.56,1.4999999999999998,1.125,below-conservative-contextual-upper-bound,moderate,approved-same-capsid-route,0.75,approved same capsid route,approved-same-capsid-route; 0.75 evidence haircut applied to the PBPK-projected disclosed-dose organ AUC,https://www.fda.gov/media/169937/download
iv,Peripheral intravenous,aav5,AAV5,kidney,2800000000000000.0,40000000000000.0,180743617029951.5,roctavian_iv,ROCTAVIAN (valoctocogene roxaparvovec-rvox),271115425544927.25,203336569158695.44,1.5,1.125,below-conservative-contextual-upper-bound,moderate,approved-same-capsid-route,0.75,approved same capsid route,approved-same-capsid-route; 0.75 evidence haircut applied to the PBPK-projected disclosed-dose organ AUC,https://www.fda.gov/media/169937/download
iv,Peripheral intravenous,aav5,AAV5,liver,2800000000000000.0,40000000000000.0,1429114062979660.5,roctavian_iv,ROCTAVIAN (valoctocogene roxaparvovec-rvox),2143671094469490.8,1607753320852118.0,1.5,1.125,below-conservative-contextual-upper-bound,moderate,approved-same-capsid-route,0.75,approved same capsid route,approved-same-capsid-route; 0.75 evidence haircut applied to the PBPK-projected disclosed-dose organ AUC,https://www.fda.gov/media/169937/download
iv,Peripheral intravenous,aav5,AAV5,lung,2800000000000000.0,40000000000000.0,1537437337352712.5,roctavian_iv,ROCTAVIAN (valoctocogene roxaparvovec-rvox),2306156006029069.0,1729617004521801.8,1.5000000000000002,1.1250000000000002,below-conservative-contextual-upper-bound,moderate,approved-same-capsid-route,0.75,approved same capsid route,approved-same-capsid-route; 0.75 evidence haircut applied to the PBPK-projected disclosed-dose organ AUC,https://www.fda.gov/media/169937/download
iv,Peripheral intravenous,aav5,AAV5,muscle,2800000000000000.0,40000000000000.0,2027781743059363.2,roctavian_iv,ROCTAVIAN (valoctocogene roxaparvovec-rvox),3041672614589045.0,2281254460941784.0,1.5,1.1250000000000002,below-conservative-contextual-upper-bound,moderate,approved-same-capsid-route,0.75,approved same capsid route,approved-same-capsid-route; 0.75 evidence haircut applied to the PBPK-projected disclosed-dose organ AUC,https://www.fda.gov/media/169937/download
iv,Peripheral intravenous,aav5,AAV5,rest,2800000000000000.0,40000000000000.0,4372009752392064.0,roctavian_iv,ROCTAVIAN (valoctocogene roxaparvovec-rvox),6558014628588096.0,4918510971441072.0,1.5,1.125,below-conservative-contextual-upper-bound,moderate,approved-same-capsid-route,0.75,approved same capsid route,approved-same-capsid-route; 0.75 evidence haircut applied to the PBPK-projected disclosed-dose organ AUC,https://www.fda.gov/media/169937/download
iv,Peripheral intravenous,aav5,AAV5,spleen,2800000000000000.0,40000000000000.0,170114098117066.12,roctavian_iv,ROCTAVIAN (valoctocogene roxaparvovec-rvox),255171147175599.2,191378360381699.38,1.5,1.125,below-conservative-contextual-upper-bound,moderate,approved-same-capsid-route,0.75,approved same capsid route,approved-same-capsid-route; 0.75 evidence haircut applied to the PBPK-projected disclosed-dose organ AUC,https://www.fda.gov/media/169937/download
iv,Peripheral intravenous,aav8,AAV8,brain,2800000000000000.0,40000000000000.0,3608197489461.14,aav8_hemophilia_iv,scAAV2/8-LP1-hFIXco long-term hemophilia B study,180409874473.057,135307405854.79276,0.05,0.0375,exceeds-conservative-contextual-upper-bound,low,clinical-same-capsid-route,0.75,clinical same capsid route,clinical-same-capsid-route; 0.75 evidence haircut applied to the PBPK-projected disclosed-dose organ AUC,https://doi.org/10.1056/NEJMoa2414783
iv,Peripheral intravenous,aav8,AAV8,heart,2800000000000000.0,40000000000000.0,137208569558418.12,aav8_hemophilia_iv,scAAV2/8-LP1-hFIXco long-term hemophilia B study,6860428477920.906,5145321358440.68,0.05,0.0375,exceeds-conservative-contextual-upper-bound,low,clinical-same-capsid-route,0.75,clinical same capsid route,clinical-same-capsid-route; 0.75 evidence haircut applied to the PBPK-projected disclosed-dose organ AUC,https://doi.org/10.1056/NEJMoa2414783
iv,Peripheral intravenous,aav8,AAV8,kidney,2800000000000000.0,40000000000000.0,276209722621259.44,aav8_hemophilia_iv,scAAV2/8-LP1-hFIXco long-term hemophilia B study,13810486131062.973,10357864598297.23,0.05,0.037500000000000006,exceeds-conservative-contextual-upper-bound,low,clinical-same-capsid-route,0.75,clinical same capsid route,clinical-same-capsid-route; 0.75 evidence haircut applied to the PBPK-projected disclosed-dose organ AUC,https://doi.org/10.1056/NEJMoa2414783
iv,Peripheral intravenous,aav8,AAV8,liver,2800000000000000.0,40000000000000.0,3674114418586111.0,aav8_hemophilia_iv,scAAV2/8-LP1-hFIXco long-term hemophilia B study,183705720929305.56,137779290696979.17,0.05,0.037500000000000006,exceeds-conservative-contextual-upper-bound,low,clinical-same-capsid-route,0.75,clinical same capsid route,clinical-same-capsid-route; 0.75 evidence haircut applied to the PBPK-projected disclosed-dose organ AUC,https://doi.org/10.1056/NEJMoa2414783
iv,Peripheral intravenous,aav8,AAV8,lung,2800000000000000.0,40000000000000.0,669426831285962.0,aav8_hemophilia_iv,scAAV2/8-LP1-hFIXco long-term hemophilia B study,33471341564298.1,25103506173223.58,0.05,0.037500000000000006,exceeds-conservative-contextual-upper-bound,low,clinical-same-capsid-route,0.75,clinical same capsid route,clinical-same-capsid-route; 0.75 evidence haircut applied to the PBPK-projected disclosed-dose organ AUC,https://doi.org/10.1056/NEJMoa2414783
iv,Peripheral intravenous,aav8,AAV8,muscle,2800000000000000.0,40000000000000.0,5911635498753092.0,aav8_hemophilia_iv,scAAV2/8-LP1-hFIXco long-term hemophilia B study,295581774937654.6,221686331203240.97,0.05,0.037500000000000006,exceeds-conservative-contextual-upper-bound,low,clinical-same-capsid-route,0.75,clinical same capsid route,clinical-same-capsid-route; 0.75 evidence haircut applied to the PBPK-projected disclosed-dose organ AUC,https://doi.org/10.1056/NEJMoa2414783
iv,Peripheral intravenous,aav8,AAV8,rest,2800000000000000.0,40000000000000.0,7023886649472694.0,aav8_hemophilia_iv,scAAV2/8-LP1-hFIXco long-term hemophilia B study,351194332473634.75,263395749355226.06,0.05000000000000001,0.037500000000000006,exceeds-conservative-contextual-upper-bound,low,clinical-same-capsid-route,0.75,clinical same capsid route,clinical-same-capsid-route; 0.75 evidence haircut applied to the PBPK-projected disclosed-dose organ AUC,https://doi.org/10.1056/NEJMoa2414783
iv,Peripheral intravenous,aav8,AAV8,spleen,2800000000000000.0,40000000000000.0,150213374720445.88,aav8_hemophilia_iv,scAAV2/8-LP1-hFIXco long-term hemophilia B study,7510668736022.294,5633001552016.721,0.05,0.037500000000000006,exceeds-conservative-contextual-upper-bound,low,clinical-same-capsid-route,0.75,clinical same capsid route,clinical-same-capsid-route; 0.75 evidence haircut applied to the PBPK-projected disclosed-dose organ AUC,https://doi.org/10.1056/NEJMoa2414783
iv,Peripheral intravenous,aav9,AAV9,brain,2800000000000000.0,40000000000000.0,22232626802797.824,zolgensma_iv,ZOLGENSMA (onasemnogene abeparvovec-xioi),61139723707694.016,45854792780770.516,2.75,2.0625,below-conservative-contextual-upper-bound,moderate,approved-same-capsid-route,0.75,approved same capsid route,approved-same-capsid-route; 0.75 evidence haircut applied to the PBPK-projected disclosed-dose organ AUC,https://www.fda.gov/media/126109/download
iv,Peripheral intravenous,aav9,AAV9,heart,2800000000000000.0,40000000000000.0,177123518776453.56,zolgensma_iv,ZOLGENSMA (onasemnogene abeparvovec-xioi),487089676635247.3,365317257476435.5,2.75,2.0625,below-conservative-contextual-upper-bound,moderate,approved-same-capsid-route,0.75,approved same capsid route,approved-same-capsid-route; 0.75 evidence haircut applied to the PBPK-projected disclosed-dose organ AUC,https://www.fda.gov/media/126109/download
iv,Peripheral intravenous,aav9,AAV9,kidney,2800000000000000.0,40000000000000.0,299166136428406.9,zolgensma_iv,ZOLGENSMA (onasemnogene abeparvovec-xioi),822706875178118.9,617030156383589.1,2.75,2.0625,below-conservative-contextual-upper-bound,moderate,approved-same-capsid-route,0.75,approved same capsid route,approved-same-capsid-route; 0.75 evidence haircut applied to the PBPK-projected disclosed-dose organ AUC,https://www.fda.gov/media/126109/download
iv,Peripheral intravenous,aav9,AAV9,liver,2800000000000000.0,40000000000000.0,2151364520833851.0,zolgensma_iv,ZOLGENSMA (onasemnogene abeparvovec-xioi),5916252432293090.0,4437189324219817.5,2.75,2.0625,below-conservative-contextual-upper-bound,moderate,approved-same-capsid-route,0.75,approved same capsid route,approved-same-capsid-route; 0.75 evidence haircut applied to the PBPK-projected disclosed-dose organ AUC,https://www.fda.gov/media/126109/download
iv,Peripheral intravenous,aav9,AAV9,lung,2800000000000000.0,40000000000000.0,900766217406458.0,zolgensma_iv,ZOLGENSMA (onasemnogene abeparvovec-xioi),2477107097867759.5,1857830323400819.5,2.75,2.0625,below-conservative-contextual-upper-bound,moderate,approved-same-capsid-route,0.75,approved same capsid route,approved-same-capsid-route; 0.75 evidence haircut applied to the PBPK-projected disclosed-dose organ AUC,https://www.fda.gov/media/126109/download
iv,Peripheral intravenous,aav9,AAV9,muscle,2800000000000000.0,40000000000000.0,6163457995229330.0,zolgensma_iv,ZOLGENSMA (onasemnogene abeparvovec-xioi),1.6949509486880658e+16,1.2712132115160494e+16,2.75,2.0625,below-conservative-contextual-upper-bound,moderate,approved-same-capsid-route,0.75,approved same capsid route,approved-same-capsid-route; 0.75 evidence haircut applied to the PBPK-projected disclosed-dose organ AUC,https://www.fda.gov/media/126109/download
iv,Peripheral intravenous,aav9,AAV9,rest,2800000000000000.0,40000000000000.0,7609393746901534.0,zolgensma_iv,ZOLGENSMA (onasemnogene abeparvovec-xioi),2.092583280397922e+16,1.5694374602984416e+16,2.75,2.0625000000000004,below-conservative-contextual-upper-bound,moderate,approved-same-capsid-route,0.75,approved same capsid route,approved-same-capsid-route; 0.75 evidence haircut applied to the PBPK-projected disclosed-dose organ AUC,https://www.fda.gov/media/126109/download
iv,Peripheral intravenous,aav9,AAV9,spleen,2800000000000000.0,40000000000000.0,185819285566102.03,zolgensma_iv,ZOLGENSMA (onasemnogene abeparvovec-xioi),511003035306780.56,383252276480085.44,2.75,2.0625,below-conservative-contextual-upper-bound,moderate,approved-same-capsid-route,0.75,approved same capsid route,approved-same-capsid-route; 0.75 evidence haircut applied to the PBPK-projected disclosed-dose organ AUC,https://www.fda.gov/media/126109/download
iv,Peripheral intravenous,aavrh10,AAVrh.10,brain,2800000000000000.0,40000000000000.0,32799229555233.22,aav8_hemophilia_iv,scAAV2/8-LP1-hFIXco long-term hemophilia B study,1111121818160.1973,111112181816.01973,0.033876460917750865,0.003387646091775087,exceeds-conservative-contextual-upper-bound,exploratory,clinical-same-route-cross-capsid,0.1,clinical same route cross capsid,clinical-same-route-cross-capsid; 0.1 evidence haircut applied to the PBPK-projected disclosed-dose organ AUC,https://doi.org/10.1056/NEJMoa2414783
iv,Peripheral intravenous,aavrh10,AAVrh.10,heart,2800000000000000.0,40000000000000.0,184538425523394.0,aav8_hemophilia_iv,scAAV2/8-LP1-hFIXco long-term hemophilia B study,8840005775237.363,884000577523.7363,0.04790333368329683,0.004790333368329683,exceeds-conservative-contextual-upper-bound,exploratory,clinical-same-route-cross-capsid,0.1,clinical same route cross capsid,clinical-same-route-cross-capsid; 0.1 evidence haircut applied to the PBPK-projected disclosed-dose organ AUC,https://doi.org/10.1056/NEJMoa2414783
iv,Peripheral intravenous,aavrh10,AAVrh.10,kidney,2800000000000000.0,40000000000000.0,244964830542343.8,aav8_hemophilia_iv,scAAV2/8-LP1-hFIXco long-term hemophilia B study,14905650444680.781,1490565044468.0781,0.0608481242457547,0.00608481242457547,exceeds-conservative-contextual-upper-bound,exploratory,clinical-same-route-cross-capsid,0.1,clinical same route cross capsid,clinical-same-route-cross-capsid; 0.1 evidence haircut applied to the PBPK-projected disclosed-dose organ AUC,https://doi.org/10.1056/NEJMoa2414783
iv,Peripheral intravenous,aavrh10,AAVrh.10,liver,2800000000000000.0,40000000000000.0,1874185164792410.5,aav8_hemophilia_iv,scAAV2/8-LP1-hFIXco long-term hemophilia B study,105628900965252.38,10562890096525.238,0.05635990666746746,0.005635990666746746,exceeds-conservative-contextual-upper-bound,exploratory,clinical-same-route-cross-capsid,0.1,clinical same route cross capsid,clinical-same-route-cross-capsid; 0.1 evidence haircut applied to the PBPK-projected disclosed-dose organ AUC,https://doi.org/10.1056/NEJMoa2414783
iv,Peripheral intravenous,aavrh10,AAVrh.10,lung,2800000000000000.0,40000000000000.0,843452900376693.0,aav8_hemophilia_iv,scAAV2/8-LP1-hFIXco long-term hemophilia B study,44908847672261.47,4490884767226.147,0.053244049136833616,0.005324404913683362,exceeds-conservative-contextual-upper-bound,exploratory,clinical-same-route-cross-capsid,0.1,clinical same route cross capsid,clinical-same-route-cross-capsid; 0.1 evidence haircut applied to the PBPK-projected disclosed-dose organ AUC,https://doi.org/10.1056/NEJMoa2414783
iv,Peripheral intravenous,aavrh10,AAVrh.10,muscle,2800000000000000.0,40000000000000.0,5971408207076602.0,aav8_hemophilia_iv,scAAV2/8-LP1-hFIXco long-term hemophilia B study,307833811089335.75,30783381108933.58,0.05155129249488048,0.005155129249488049,exceeds-conservative-contextual-upper-bound,exploratory,clinical-same-route-cross-capsid,0.1,clinical same route cross capsid,clinical-same-route-cross-capsid; 0.1 evidence haircut applied to the PBPK-projected disclosed-dose organ AUC,https://doi.org/10.1056/NEJMoa2414783
iv,Peripheral intravenous,aavrh10,AAVrh.10,rest,2800000000000000.0,40000000000000.0,7372025227778668.0,aav8_hemophilia_iv,scAAV2/8-LP1-hFIXco long-term hemophilia B study,380237318107325.25,38023731810732.52,0.05157840706710359,0.00515784070671036,exceeds-conservative-contextual-upper-bound,exploratory,clinical-same-route-cross-capsid,0.1,clinical same route cross capsid,clinical-same-route-cross-capsid; 0.1 evidence haircut applied to the PBPK-projected disclosed-dose organ AUC,https://doi.org/10.1056/NEJMoa2414783
iv,Peripheral intravenous,aavrh10,AAVrh.10,spleen,2800000000000000.0,40000000000000.0,156143316300698.34,aav8_hemophilia_iv,scAAV2/8-LP1-hFIXco long-term hemophilia B study,9185386347612.367,918538634761.2368,0.05882663802223397,0.005882663802223398,exceeds-conservative-contextual-upper-bound,exploratory,clinical-same-route-cross-capsid,0.1,clinical same route cross capsid,clinical-same-route-cross-capsid; 0.1 evidence haircut applied to the PBPK-projected disclosed-dose organ AUC,https://doi.org/10.1056/NEJMoa2414783
iv,Peripheral intravenous,php-eb,PHP.eB,brain,2800000000000000.0,40000000000000.0,22509924773338.62,aav8_hemophilia_iv,scAAV2/8-LP1-hFIXco long-term hemophilia B study,1111121818160.1973,33333654544.805916,0.049361418545309434,0.0014808425563592829,exceeds-conservative-contextual-upper-bound,exploratory,clinical-same-route-cross-capsid-mouse-restricted-capsid,0.03,clinical same route cross capsid mouse restricted capsid,clinical-same-route-cross-capsid-mouse-restricted-capsid; 0.03 evidence haircut applied to the PBPK-projected disclosed-dose organ AUC,https://doi.org/10.1056/NEJMoa2414783
iv,Peripheral intravenous,php-eb,PHP.eB,heart,2800000000000000.0,40000000000000.0,139698361857872.38,aav8_hemophilia_iv,scAAV2/8-LP1-hFIXco long-term hemophilia B study,8840005775237.363,265200173257.12088,0.06327923719127852,0.0018983771157383557,exceeds-conservative-contextual-upper-bound,exploratory,clinical-same-route-cross-capsid-mouse-restricted-capsid,0.03,clinical same route cross capsid mouse restricted capsid,clinical-same-route-cross-capsid-mouse-restricted-capsid; 0.03 evidence haircut applied to the PBPK-projected disclosed-dose organ AUC,https://doi.org/10.1056/NEJMoa2414783
iv,Peripheral intravenous,php-eb,PHP.eB,kidney,2800000000000000.0,40000000000000.0,222619560951119.38,aav8_hemophilia_iv,scAAV2/8-LP1-hFIXco long-term hemophilia B study,14905650444680.781,447169513340.4234,0.06695570856845602,0.0020086712570536805,exceeds-conservative-contextual-upper-bound,exploratory,clinical-same-route-cross-capsid-mouse-restricted-capsid,0.03,clinical same route cross capsid mouse restricted capsid,clinical-same-route-cross-capsid-mouse-restricted-capsid; 0.03 evidence haircut applied to the PBPK-projected disclosed-dose organ AUC,https://doi.org/10.1056/NEJMoa2414783
iv,Peripheral intravenous,php-eb,PHP.eB,liver,2800000000000000.0,40000000000000.0,1406401055386387.0,aav8_hemophilia_iv,scAAV2/8-LP1-hFIXco long-term hemophilia B study,105628900965252.38,3168867028957.5713,0.07510581747695892,0.0022531745243087676,exceeds-conservative-contextual-upper-bound,exploratory,clinical-same-route-cross-capsid-mouse-restricted-capsid,0.03,clinical same route cross capsid mouse restricted capsid,clinical-same-route-cross-capsid-mouse-restricted-capsid; 0.03 evidence haircut applied to the PBPK-projected disclosed-dose organ AUC,https://doi.org/10.1056/NEJMoa2414783
iv,Peripheral intravenous,php-eb,PHP.eB,lung,2800000000000000.0,40000000000000.0,717158962470585.5,aav8_hemophilia_iv,scAAV2/8-LP1-hFIXco long-term hemophilia B study,44908847672261.47,1347265430167.844,0.06262049283683521,0.001878614785105056,exceeds-conservative-contextual-upper-bound,exploratory,clinical-same-route-cross-capsid-mouse-restricted-capsid,0.03,clinical same route cross capsid mouse restricted capsid,clinical-same-route-cross-capsid-mouse-restricted-capsid; 0.03 evidence haircut applied to the PBPK-projected disclosed-dose organ AUC,https://doi.org/10.1056/NEJMoa2414783
iv,Peripheral intravenous,php-eb,PHP.eB,muscle,2800000000000000.0,40000000000000.0,5420606234253415.0,aav8_hemophilia_iv,scAAV2/8-LP1-hFIXco long-term hemophilia B study,307833811089335.75,9235014332680.072,0.05678955411741579,0.0017036866235224737,exceeds-conservative-contextual-upper-bound,exploratory,clinical-same-route-cross-capsid-mouse-restricted-capsid,0.03,clinical same route cross capsid mouse restricted capsid,clinical-same-route-cross-capsid-mouse-restricted-capsid; 0.03 evidence haircut applied to the PBPK-projected disclosed-dose organ AUC,https://doi.org/10.1056/NEJMoa2414783
iv,Peripheral intravenous,php-eb,PHP.eB,rest,2800000000000000.0,40000000000000.0,7151142787596068.0,aav8_hemophilia_iv,scAAV2/8-LP1-hFIXco long-term hemophilia B study,380237318107325.25,11407119543219.758,0.05317154605930419,0.0015951463817791257,exceeds-conservative-contextual-upper-bound,exploratory,clinical-same-route-cross-capsid-mouse-restricted-capsid,0.03,clinical same route cross capsid mouse restricted capsid,clinical-same-route-cross-capsid-mouse-restricted-capsid; 0.03 evidence haircut applied to the PBPK-projected disclosed-dose organ AUC,https://doi.org/10.1056/NEJMoa2414783
iv,Peripheral intravenous,php-eb,PHP.eB,spleen,2800000000000000.0,40000000000000.0,148469886710219.5,aav8_hemophilia_iv,scAAV2/8-LP1-hFIXco long-term hemophilia B study,9185386347612.367,275561590428.37103,0.06186699910090332,0.0018560099730270997,exceeds-conservative-contextual-upper-bound,exploratory,clinical-same-route-cross-capsid-mouse-restricted-capsid,0.03,clinical same route cross capsid mouse restricted capsid,clinical-same-route-cross-capsid-mouse-restricted-capsid; 0.03 evidence haircut applied to the PBPK-projected disclosed-dose organ AUC,https://doi.org/10.1056/NEJMoa2414783
iv,Peripheral intravenous,cap-b10,CAP-B10,brain,2800000000000000.0,40000000000000.0,32430288644932.44,aav8_hemophilia_iv,scAAV2/8-LP1-hFIXco long-term hemophilia B study,1111121818160.1973,33333654544.805916,0.03426185410575497,0.001027855623172649,exceeds-conservative-contextual-upper-bound,exploratory,clinical-same-route-cross-capsid-mouse-restricted-capsid,0.03,clinical same route cross capsid mouse restricted capsid,clinical-same-route-cross-capsid-mouse-restricted-capsid; 0.03 evidence haircut applied to the PBPK-projected disclosed-dose organ AUC,https://doi.org/10.1056/NEJMoa2414783
iv,Peripheral intravenous,cap-b10,CAP-B10,heart,2800000000000000.0,40000000000000.0,119172597829804.62,aav8_hemophilia_iv,scAAV2/8-LP1-hFIXco long-term hemophilia B study,8840005775237.363,265200173257.12088,0.07417817464936147,0.002225345239480844,exceeds-conservative-contextual-upper-bound,exploratory,clinical-same-route-cross-capsid-mouse-restricted-capsid,0.03,clinical same route cross capsid mouse restricted capsid,clinical-same-route-cross-capsid-mouse-restricted-capsid; 0.03 evidence haircut applied to the PBPK-projected disclosed-dose organ AUC,https://doi.org/10.1056/NEJMoa2414783
iv,Peripheral intravenous,cap-b10,CAP-B10,kidney,2800000000000000.0,40000000000000.0,179657207327486.3,aav8_hemophilia_iv,scAAV2/8-LP1-hFIXco long-term hemophilia B study,14905650444680.781,447169513340.4234,0.08296717212970013,0.002489015163891004,exceeds-conservative-contextual-upper-bound,exploratory,clinical-same-route-cross-capsid-mouse-restricted-capsid,0.03,clinical same route cross capsid mouse restricted capsid,clinical-same-route-cross-capsid-mouse-restricted-capsid; 0.03 evidence haircut applied to the PBPK-projected disclosed-dose organ AUC,https://doi.org/10.1056/NEJMoa2414783
iv,Peripheral intravenous,cap-b10,CAP-B10,liver,2800000000000000.0,40000000000000.0,640228309356924.5,aav8_hemophilia_iv,scAAV2/8-LP1-hFIXco long-term hemophilia B study,105628900965252.38,3168867028957.5713,0.1649863016387873,0.004949589049163619,exceeds-conservative-contextual-upper-bound,exploratory,clinical-same-route-cross-capsid-mouse-restricted-capsid,0.03,clinical same route cross capsid mouse restricted capsid,clinical-same-route-cross-capsid-mouse-restricted-capsid; 0.03 evidence haircut applied to the PBPK-projected disclosed-dose organ AUC,https://doi.org/10.1056/NEJMoa2414783
iv,Peripheral intravenous,cap-b10,CAP-B10,lung,2800000000000000.0,40000000000000.0,635769084540833.5,aav8_hemophilia_iv,scAAV2/8-LP1-hFIXco long-term hemophilia B study,44908847672261.47,1347265430167.844,0.07063704222846198,0.0021191112668538592,exceeds-conservative-contextual-upper-bound,exploratory,clinical-same-route-cross-capsid-mouse-restricted-capsid,0.03,clinical same route cross capsid mouse restricted capsid,clinical-same-route-cross-capsid-mouse-restricted-capsid; 0.03 evidence haircut applied to the PBPK-projected disclosed-dose organ AUC,https://doi.org/10.1056/NEJMoa2414783
iv,Peripheral intravenous,cap-b10,CAP-B10,muscle,2800000000000000.0,40000000000000.0,4981644024688487.0,aav8_hemophilia_iv,scAAV2/8-LP1-hFIXco long-term hemophilia B study,307833811089335.75,9235014332680.072,0.061793618645520396,0.0018538085593656117,exceeds-conservative-contextual-upper-bound,exploratory,clinical-same-route-cross-capsid-mouse-restricted-capsid,0.03,clinical same route cross capsid mouse restricted capsid,clinical-same-route-cross-capsid-mouse-restricted-capsid; 0.03 evidence haircut applied to the PBPK-projected disclosed-dose organ AUC,https://doi.org/10.1056/NEJMoa2414783
iv,Peripheral intravenous,cap-b10,CAP-B10,rest,2800000000000000.0,40000000000000.0,6929608468093230.0,aav8_hemophilia_iv,scAAV2/8-LP1-hFIXco long-term hemophilia B study,380237318107325.25,11407119543219.758,0.054871400001615445,0.0016461420000484634,exceeds-conservative-contextual-upper-bound,exploratory,clinical-same-route-cross-capsid-mouse-restricted-capsid,0.03,clinical same route cross capsid mouse restricted capsid,clinical-same-route-cross-capsid-mouse-restricted-capsid; 0.03 evidence haircut applied to the PBPK-projected disclosed-dose organ AUC,https://doi.org/10.1056/NEJMoa2414783
iv,Peripheral intravenous,cap-b10,CAP-B10,spleen,2800000000000000.0,40000000000000.0,122746871080723.44,aav8_hemophilia_iv,scAAV2/8-LP1-hFIXco long-term hemophilia B study,9185386347612.367,275561590428.37103,0.07483193882450719,0.002244958164735216,exceeds-conservative-contextual-upper-bound,exploratory,clinical-same-route-cross-capsid-mouse-restricted-capsid,0.03,clinical same route cross capsid mouse restricted capsid,clinical-same-route-cross-capsid-mouse-restricted-capsid; 0.03 evidence haircut applied to the PBPK-projected disclosed-dose organ AUC,https://doi.org/10.1056/NEJMoa2414783
iv,Peripheral intravenous,lk03,AAV-LK03,brain,2800000000000000.0,40000000000000.0,2653055807645.493,lk03_hemophilia_iv,SPK-8011 AAV-LK03 hemophilia A phase 1-2 study,132652790382.27466,99489592786.706,0.05,0.0375,exceeds-conservative-contextual-upper-bound,low,clinical-same-capsid-route,0.75,clinical same capsid route,clinical-same-capsid-route; 0.75 evidence haircut applied to the PBPK-projected disclosed-dose organ AUC,https://doi.org/10.1056/NEJMoa2104205
iv,Peripheral intravenous,lk03,AAV-LK03,heart,2800000000000000.0,40000000000000.0,83892248629254.16,lk03_hemophilia_iv,SPK-8011 AAV-LK03 hemophilia A phase 1-2 study,4194612431462.708,3145959323597.0312,0.05,0.037500000000000006,exceeds-conservative-contextual-upper-bound,low,clinical-same-capsid-route,0.75,clinical same capsid route,clinical-same-capsid-route; 0.75 evidence haircut applied to the PBPK-projected disclosed-dose organ AUC,https://doi.org/10.1056/NEJMoa2104205
iv,Peripheral intravenous,lk03,AAV-LK03,kidney,2800000000000000.0,40000000000000.0,196061792143020.66,lk03_hemophilia_iv,SPK-8011 AAV-LK03 hemophilia A phase 1-2 study,9803089607151.033,7352317205363.275,0.05,0.037500000000000006,exceeds-conservative-contextual-upper-bound,low,clinical-same-capsid-route,0.75,clinical same capsid route,clinical-same-capsid-route; 0.75 evidence haircut applied to the PBPK-projected disclosed-dose organ AUC,https://doi.org/10.1056/NEJMoa2104205
iv,Peripheral intravenous,lk03,AAV-LK03,liver,2800000000000000.0,40000000000000.0,4361765500541089.0,lk03_hemophilia_iv,SPK-8011 AAV-LK03 hemophilia A phase 1-2 study,218088275027054.47,163566206270290.84,0.05,0.0375,exceeds-conservative-contextual-upper-bound,low,clinical-same-capsid-route,0.75,clinical same capsid route,clinical-same-capsid-route; 0.75 evidence haircut applied to the PBPK-projected disclosed-dose organ AUC,https://doi.org/10.1056/NEJMoa2104205
iv,Peripheral intravenous,lk03,AAV-LK03,lung,2800000000000000.0,40000000000000.0,549152204556591.9,lk03_hemophilia_iv,SPK-8011 AAV-LK03 hemophilia A phase 1-2 study,27457610227829.594,20593207670872.195,0.05,0.0375,exceeds-conservative-contextual-upper-bound,low,clinical-same-capsid-route,0.75,clinical same capsid route,clinical-same-capsid-route; 0.75 evidence haircut applied to the PBPK-projected disclosed-dose organ AUC,https://doi.org/10.1056/NEJMoa2104205
iv,Peripheral intravenous,lk03,AAV-LK03,muscle,2800000000000000.0,40000000000000.0,3293381528145632.0,lk03_hemophilia_iv,SPK-8011 AAV-LK03 hemophilia A phase 1-2 study,164669076407281.6,123501807305461.19,0.049999999999999996,0.0375,exceeds-conservative-contextual-upper-bound,low,clinical-same-capsid-route,0.75,clinical same capsid route,clinical-same-capsid-route; 0.75 evidence haircut applied to the PBPK-projected disclosed-dose organ AUC,https://doi.org/10.1056/NEJMoa2104205
iv,Peripheral intravenous,lk03,AAV-LK03,rest,2800000000000000.0,40000000000000.0,4979893970337688.0,lk03_hemophilia_iv,SPK-8011 AAV-LK03 hemophilia A phase 1-2 study,248994698516884.4,186746023887663.3,0.05,0.037500000000000006,exceeds-conservative-contextual-upper-bound,low,clinical-same-capsid-route,0.75,clinical same capsid route,clinical-same-capsid-route; 0.75 evidence haircut applied to the PBPK-projected disclosed-dose organ AUC,https://doi.org/10.1056/NEJMoa2104205
iv,Peripheral intravenous,lk03,AAV-LK03,spleen,2800000000000000.0,40000000000000.0,109240856903746.1,lk03_hemophilia_iv,SPK-8011 AAV-LK03 hemophilia A phase 1-2 study,5462042845187.305,4096532133890.4785,0.05,0.0375,exceeds-conservative-contextual-upper-bound,low,clinical-same-capsid-route,0.75,clinical same capsid route,clinical-same-capsid-route; 0.75 evidence haircut applied to the PBPK-projected disclosed-dose organ AUC,https://doi.org/10.1056/NEJMoa2104205
intrathecal,Lumbar intrathecal,aav2,AAV2,brain,2800000000000000.0,40000000000000.0,7216890090813931.0,itvisma_it,ITVISMA (onasemnogene abeparvovec-brve),272131222529825.8,27213122252982.582,0.037707547032787704,0.00377075470327877,exceeds-conservative-contextual-upper-bound,exploratory,approved-same-route-cross-capsid,0.1,approved same route cross capsid,approved-same-route-cross-capsid; 0.1 evidence haircut applied to the PBPK-projected disclosed-dose organ AUC,https://www.fda.gov/media/193168/download
intrathecal,Lumbar intrathecal,aav2,AAV2,heart,2800000000000000.0,40000000000000.0,62076774287360.72,itvisma_it,ITVISMA (onasemnogene abeparvovec-brve),7019368164803.165,701936816480.3165,0.11307559462271156,0.011307559462271157,exceeds-conservative-contextual-upper-bound,exploratory,approved-same-route-cross-capsid,0.1,approved same route cross capsid,approved-same-route-cross-capsid; 0.1 evidence haircut applied to the PBPK-projected disclosed-dose organ AUC,https://www.fda.gov/media/193168/download
intrathecal,Lumbar intrathecal,aav2,AAV2,kidney,2800000000000000.0,40000000000000.0,160420856212047.84,itvisma_it,ITVISMA (onasemnogene abeparvovec-brve),11834755119680.465,1183475511968.0466,0.073773170142148,0.007377317014214801,exceeds-conservative-contextual-upper-bound,exploratory,approved-same-route-cross-capsid,0.1,approved same route cross capsid,approved-same-route-cross-capsid; 0.1 evidence haircut applied to the PBPK-projected disclosed-dose organ AUC,https://www.fda.gov/media/193168/download
intrathecal,Lumbar intrathecal,aav2,AAV2,liver,2800000000000000.0,40000000000000.0,831313316337230.5,itvisma_it,ITVISMA (onasemnogene abeparvovec-brve),83774253241458.92,8377425324145.893,0.1007733806196785,0.01007733806196785,exceeds-conservative-contextual-upper-bound,exploratory,approved-same-route-cross-capsid,0.1,approved same route cross capsid,approved-same-route-cross-capsid; 0.1 evidence haircut applied to the PBPK-projected disclosed-dose organ AUC,https://www.fda.gov/media/193168/download
intrathecal,Lumbar intrathecal,aav2,AAV2,lung,2800000000000000.0,40000000000000.0,742904884597946.9,itvisma_it,ITVISMA (onasemnogene abeparvovec-brve),35656383326748.37,3565638332674.837,0.047995892968243525,0.004799589296824353,exceeds-conservative-contextual-upper-bound,exploratory,approved-same-route-cross-capsid,0.1,approved same route cross capsid,approved-same-route-cross-capsid; 0.1 evidence haircut applied to the PBPK-projected disclosed-dose organ AUC,https://www.fda.gov/media/193168/download
intrathecal,Lumbar intrathecal,aav2,AAV2,muscle,2800000000000000.0,40000000000000.0,1889742366910029.5,itvisma_it,ITVISMA (onasemnogene abeparvovec-brve),244451335930545.56,24445133593054.56,0.1293569643200913,0.012935696432009132,exceeds-conservative-contextual-upper-bound,exploratory,approved-same-route-cross-capsid,0.1,approved same route cross capsid,approved-same-route-cross-capsid; 0.1 evidence haircut applied to the PBPK-projected disclosed-dose organ AUC,https://www.fda.gov/media/193168/download
intrathecal,Lumbar intrathecal,aav2,AAV2,rest,2800000000000000.0,40000000000000.0,3365312178085477.5,itvisma_it,ITVISMA (onasemnogene abeparvovec-brve),301949841737870.9,30194984173787.09,0.0897241699311384,0.00897241699311384,exceeds-conservative-contextual-upper-bound,exploratory,approved-same-route-cross-capsid,0.1,approved same route cross capsid,approved-same-route-cross-capsid; 0.1 evidence haircut applied to the PBPK-projected disclosed-dose organ AUC,https://www.fda.gov/media/193168/download
intrathecal,Lumbar intrathecal,aav2,AAV2,spleen,2800000000000000.0,40000000000000.0,151519104573612.5,itvisma_it,ITVISMA (onasemnogene abeparvovec-brve),7289689917888.429,728968991788.8429,0.04811069824100551,0.004811069824100551,exceeds-conservative-contextual-upper-bound,exploratory,approved-same-route-cross-capsid,0.1,approved same route cross capsid,approved-same-route-cross-capsid; 0.1 evidence haircut applied to the PBPK-projected disclosed-dose organ AUC,https://www.fda.gov/media/193168/download
intrathecal,Lumbar intrathecal,aav5,AAV5,brain,2800000000000000.0,40000000000000.0,7176542404163420.0,itvisma_it,ITVISMA (onasemnogene abeparvovec-brve),272131222529825.8,27213122252982.582,0.03791954498477579,0.0037919544984775793,exceeds-conservative-contextual-upper-bound,exploratory,approved-same-route-cross-capsid,0.1,approved same route cross capsid,approved-same-route-cross-capsid; 0.1 evidence haircut applied to the PBPK-projected disclosed-dose organ AUC,https://www.fda.gov/media/193168/download
intrathecal,Lumbar intrathecal,aav5,AAV5,heart,2800000000000000.0,40000000000000.0,55840440531768.086,itvisma_it,ITVISMA (onasemnogene abeparvovec-brve),7019368164803.165,701936816480.3165,0.1257040255764062,0.01257040255764062,exceeds-conservative-contextual-upper-bound,exploratory,approved-same-route-cross-capsid,0.1,approved same route cross capsid,approved-same-route-cross-capsid; 0.1 evidence haircut applied to the PBPK-projected disclosed-dose organ AUC,https://www.fda.gov/media/193168/download
intrathecal,Lumbar intrathecal,aav5,AAV5,kidney,2800000000000000.0,40000000000000.0,166416311285433.03,itvisma_it,ITVISMA (onasemnogene abeparvovec-brve),11834755119680.465,1183475511968.0466,0.07111535538954347,0.007111535538954349,exceeds-conservative-contextual-upper-bound,exploratory,approved-same-route-cross-capsid,0.1,approved same route cross capsid,approved-same-route-cross-capsid; 0.1 evidence haircut applied to the PBPK-projected disclosed-dose organ AUC,https://www.fda.gov/media/193168/download
intrathecal,Lumbar intrathecal,aav5,AAV5,liver,2800000000000000.0,40000000000000.0,1313328534459044.0,itvisma_it,ITVISMA (onasemnogene abeparvovec-brve),83774253241458.92,8377425324145.893,0.06378773554628148,0.006378773554628148,exceeds-conservative-contextual-upper-bound,exploratory,approved-same-route-cross-capsid,0.1,approved same route cross capsid,approved-same-route-cross-capsid; 0.1 evidence haircut applied to the PBPK-projected disclosed-dose organ AUC,https://www.fda.gov/media/193168/download
intrathecal,Lumbar intrathecal,aav5,AAV5,lung,2800000000000000.0,40000000000000.0,1415792328329183.0,itvisma_it,ITVISMA (onasemnogene abeparvovec-brve),35656383326748.37,3565638332674.837,0.025184755287399732,0.0025184755287399733,exceeds-conservative-contextual-upper-bound,exploratory,approved-same-route-cross-capsid,0.1,approved same route cross capsid,approved-same-route-cross-capsid; 0.1 evidence haircut applied to the PBPK-projected disclosed-dose organ AUC,https://www.fda.gov/media/193168/download
intrathecal,Lumbar intrathecal,aav5,AAV5,muscle,2800000000000000.0,40000000000000.0,1867887016126217.0,itvisma_it,ITVISMA (onasemnogene abeparvovec-brve),244451335930545.56,24445133593054.56,0.13087051509009873,0.013087051509009873,exceeds-conservative-contextual-upper-bound,exploratory,approved-same-route-cross-capsid,0.1,approved same route cross capsid,approved-same-route-cross-capsid; 0.1 evidence haircut applied to the PBPK-projected disclosed-dose organ AUC,https://www.fda.gov/media/193168/download
intrathecal,Lumbar intrathecal,aav5,AAV5,rest,2800000000000000.0,40000000000000.0,4027368293632007.0,itvisma_it,ITVISMA (onasemnogene abeparvovec-brve),301949841737870.9,30194984173787.09,0.07497447954171657,0.0074974479541716574,exceeds-conservative-contextual-upper-bound,exploratory,approved-same-route-cross-capsid,0.1,approved same route cross capsid,approved-same-route-cross-capsid; 0.1 evidence haircut applied to the PBPK-projected disclosed-dose organ AUC,https://www.fda.gov/media/193168/download
intrathecal,Lumbar intrathecal,aav5,AAV5,spleen,2800000000000000.0,40000000000000.0,156462902807671.88,itvisma_it,ITVISMA (onasemnogene abeparvovec-brve),7289689917888.429,728968991788.8429,0.04659053224168478,0.004659053224168478,exceeds-conservative-contextual-upper-bound,exploratory,approved-same-route-cross-capsid,0.1,approved same route cross capsid,approved-same-route-cross-capsid; 0.1 evidence haircut applied to the PBPK-projected disclosed-dose organ AUC,https://www.fda.gov/media/193168/download
intrathecal,Lumbar intrathecal,aav8,AAV8,brain,2800000000000000.0,40000000000000.0,7260409160411049.0,itvisma_it,ITVISMA (onasemnogene abeparvovec-brve),272131222529825.8,27213122252982.582,0.037481527076143335,0.0037481527076143333,exceeds-conservative-contextual-upper-bound,exploratory,approved-same-route-cross-capsid,0.1,approved same route cross capsid,approved-same-route-cross-capsid; 0.1 evidence haircut applied to the PBPK-projected disclosed-dose organ AUC,https://www.fda.gov/media/193168/download
intrathecal,Lumbar intrathecal,aav8,AAV8,heart,2800000000000000.0,40000000000000.0,126286239584791.58,itvisma_it,ITVISMA (onasemnogene abeparvovec-brve),7019368164803.165,701936816480.3165,0.05558300087073378,0.005558300087073378,exceeds-conservative-contextual-upper-bound,exploratory,approved-same-route-cross-capsid,0.1,approved same route cross capsid,approved-same-route-cross-capsid; 0.1 evidence haircut applied to the PBPK-projected disclosed-dose organ AUC,https://www.fda.gov/media/193168/download
intrathecal,Lumbar intrathecal,aav8,AAV8,kidney,2800000000000000.0,40000000000000.0,254168517119701.88,itvisma_it,ITVISMA (onasemnogene abeparvovec-brve),11834755119680.465,1183475511968.0466,0.04656263196478748,0.004656263196478749,exceeds-conservative-contextual-upper-bound,exploratory,approved-same-route-cross-capsid,0.1,approved same route cross capsid,approved-same-route-cross-capsid; 0.1 evidence haircut applied to the PBPK-projected disclosed-dose organ AUC,https://www.fda.gov/media/193168/download
intrathecal,Lumbar intrathecal,aav8,AAV8,liver,2800000000000000.0,40000000000000.0,3378106424264871.5,itvisma_it,ITVISMA (onasemnogene abeparvovec-brve),83774253241458.92,8377425324145.893,0.02479917525383751,0.002479917525383751,exceeds-conservative-contextual-upper-bound,exploratory,approved-same-route-cross-capsid,0.1,approved same route cross capsid,approved-same-route-cross-capsid; 0.1 evidence haircut applied to the PBPK-projected disclosed-dose organ AUC,https://www.fda.gov/media/193168/download
intrathecal,Lumbar intrathecal,aav8,AAV8,lung,2800000000000000.0,40000000000000.0,616032262215690.1,itvisma_it,ITVISMA (onasemnogene abeparvovec-brve),35656383326748.37,3565638332674.837,0.05788070773842697,0.005788070773842698,exceeds-conservative-contextual-upper-bound,exploratory,approved-same-route-cross-capsid,0.1,approved same route cross capsid,approved-same-route-cross-capsid; 0.1 evidence haircut applied to the PBPK-projected disclosed-dose organ AUC,https://www.fda.gov/media/193168/download
intrathecal,Lumbar intrathecal,aav8,AAV8,muscle,2800000000000000.0,40000000000000.0,5441960827712570.0,itvisma_it,ITVISMA (onasemnogene abeparvovec-brve),244451335930545.56,24445133593054.56,0.04491971619599038,0.004491971619599039,exceeds-conservative-contextual-upper-bound,exploratory,approved-same-route-cross-capsid,0.1,approved same route cross capsid,approved-same-route-cross-capsid; 0.1 evidence haircut applied to the PBPK-projected disclosed-dose organ AUC,https://www.fda.gov/media/193168/download
intrathecal,Lumbar intrathecal,aav8,AAV8,rest,2800000000000000.0,40000000000000.0,6466237992927283.0,itvisma_it,ITVISMA (onasemnogene abeparvovec-brve),301949841737870.9,30194984173787.09,0.04669636998640339,0.004669636998640339,exceeds-conservative-contextual-upper-bound,exploratory,approved-same-route-cross-capsid,0.1,approved same route cross capsid,approved-same-route-cross-capsid; 0.1 evidence haircut applied to the PBPK-projected disclosed-dose organ AUC,https://www.fda.gov/media/193168/download
intrathecal,Lumbar intrathecal,aav8,AAV8,spleen,2800000000000000.0,40000000000000.0,138074294431214.78,itvisma_it,ITVISMA (onasemnogene abeparvovec-brve),7289689917888.429,728968991788.8429,0.05279541675673724,0.005279541675673725,exceeds-conservative-contextual-upper-bound,exploratory,approved-same-route-cross-capsid,0.1,approved same route cross capsid,approved-same-route-cross-capsid; 0.1 evidence haircut applied to the PBPK-projected disclosed-dose organ AUC,https://www.fda.gov/media/193168/download
intrathecal,Lumbar intrathecal,aav9,AAV9,brain,2800000000000000.0,40000000000000.0,6351037801449464.0,itvisma_it,ITVISMA (onasemnogene abeparvovec-brve),272187334347834.2,204140500760875.62,0.04285714285714286,0.03214285714285714,exceeds-conservative-contextual-upper-bound,moderate,approved-same-capsid-route,0.75,approved same capsid route,approved-same-capsid-route; 0.75 evidence haircut applied to the PBPK-projected disclosed-dose organ AUC,https://www.fda.gov/media/193168/download
intrathecal,Lumbar intrathecal,aav9,AAV9,heart,2800000000000000.0,40000000000000.0,164053577885890.38,itvisma_it,ITVISMA (onasemnogene abeparvovec-brve),7030867623681.017,5273150717760.763,0.04285714285714286,0.03214285714285715,exceeds-conservative-contextual-upper-bound,moderate,approved-same-capsid-route,0.75,approved same capsid route,approved-same-capsid-route; 0.75 evidence haircut applied to the PBPK-projected disclosed-dose organ AUC,https://www.fda.gov/media/193168/download
intrathecal,Lumbar intrathecal,aav9,AAV9,kidney,2800000000000000.0,40000000000000.0,277036498840840.7,itvisma_it,ITVISMA (onasemnogene abeparvovec-brve),11872992807464.602,8904744605598.451,0.04285714285714286,0.03214285714285715,exceeds-conservative-contextual-upper-bound,moderate,approved-same-capsid-route,0.75,approved same capsid route,approved-same-capsid-route; 0.75 evidence haircut applied to the PBPK-projected disclosed-dose organ AUC,https://www.fda.gov/media/193168/download
intrathecal,Lumbar intrathecal,aav9,AAV9,liver,2800000000000000.0,40000000000000.0,1989358851385542.2,itvisma_it,ITVISMA (onasemnogene abeparvovec-brve),85258236487951.81,63943677365963.86,0.04285714285714286,0.03214285714285715,exceeds-conservative-contextual-upper-bound,moderate,approved-same-capsid-route,0.75,approved same capsid route,approved-same-capsid-route; 0.75 evidence haircut applied to the PBPK-projected disclosed-dose organ AUC,https://www.fda.gov/media/193168/download
intrathecal,Lumbar intrathecal,aav9,AAV9,lung,2800000000000000.0,40000000000000.0,834183547736988.0,itvisma_it,ITVISMA (onasemnogene abeparvovec-brve),35750723474442.34,26813042605831.758,0.04285714285714286,0.03214285714285715,exceeds-conservative-contextual-upper-bound,moderate,approved-same-capsid-route,0.75,approved same capsid route,approved-same-capsid-route; 0.75 evidence haircut applied to the PBPK-projected disclosed-dose organ AUC,https://www.fda.gov/media/193168/download
intrathecal,Lumbar intrathecal,aav9,AAV9,muscle,2800000000000000.0,40000000000000.0,5709646492819682.0,itvisma_it,ITVISMA (onasemnogene abeparvovec-brve),244699135406557.8,183524351554918.38,0.04285714285714286,0.03214285714285715,exceeds-conservative-contextual-upper-bound,moderate,approved-same-capsid-route,0.75,approved same capsid route,approved-same-capsid-route; 0.75 evidence haircut applied to the PBPK-projected disclosed-dose organ AUC,https://www.fda.gov/media/193168/download
intrathecal,Lumbar intrathecal,aav9,AAV9,rest,2800000000000000.0,40000000000000.0,7049538648768418.0,itvisma_it,ITVISMA (onasemnogene abeparvovec-brve),302123084947217.94,226592313710413.44,0.04285714285714286,0.03214285714285714,exceeds-conservative-contextual-upper-bound,moderate,approved-same-capsid-route,0.75,approved same capsid route,approved-same-capsid-route; 0.75 evidence haircut applied to the PBPK-projected disclosed-dose organ AUC,https://www.fda.gov/media/193168/download
intrathecal,Lumbar intrathecal,aav9,AAV9,spleen,2800000000000000.0,40000000000000.0,171903228999468.22,itvisma_it,ITVISMA (onasemnogene abeparvovec-brve),7367281242834.353,5525460932125.765,0.04285714285714286,0.03214285714285715,exceeds-conservative-contextual-upper-bound,moderate,approved-same-capsid-route,0.75,approved same capsid route,approved-same-capsid-route; 0.75 evidence haircut applied to the PBPK-projected disclosed-dose organ AUC,https://www.fda.gov/media/193168/download
intrathecal,Lumbar intrathecal,aavrh10,AAVrh.10,brain,2800000000000000.0,40000000000000.0,6063058302387770.0,itvisma_it,ITVISMA (onasemnogene abeparvovec-brve),272131222529825.8,27213122252982.582,0.04488349096406583,0.004488349096406583,exceeds-conservative-contextual-upper-bound,exploratory,approved-same-route-cross-capsid,0.1,approved same route cross capsid,approved-same-route-cross-capsid; 0.1 evidence haircut applied to the PBPK-projected disclosed-dose organ AUC,https://www.fda.gov/media/193168/download
intrathecal,Lumbar intrathecal,aavrh10,AAVrh.10,heart,2800000000000000.0,40000000000000.0,171263530365504.38,itvisma_it,ITVISMA (onasemnogene abeparvovec-brve),7019368164803.165,701936816480.3165,0.0409857729186283,0.004098577291862831,exceeds-conservative-contextual-upper-bound,exploratory,approved-same-route-cross-capsid,0.1,approved same route cross capsid,approved-same-route-cross-capsid; 0.1 evidence haircut applied to the PBPK-projected disclosed-dose organ AUC,https://www.fda.gov/media/193168/download
intrathecal,Lumbar intrathecal,aavrh10,AAVrh.10,kidney,2800000000000000.0,40000000000000.0,227295010442639.8,itvisma_it,ITVISMA (onasemnogene abeparvovec-brve),11834755119680.465,1183475511968.0466,0.05206781748808817,0.005206781748808818,exceeds-conservative-contextual-upper-bound,exploratory,approved-same-route-cross-capsid,0.1,approved same route cross capsid,approved-same-route-cross-capsid; 0.1 evidence haircut applied to the PBPK-projected disclosed-dose organ AUC,https://www.fda.gov/media/193168/download
intrathecal,Lumbar intrathecal,aavrh10,AAVrh.10,liver,2800000000000000.0,40000000000000.0,1736268638820575.8,itvisma_it,ITVISMA (onasemnogene abeparvovec-brve),83774253241458.92,8377425324145.893,0.048249591894008785,0.004824959189400879,exceeds-conservative-contextual-upper-bound,exploratory,approved-same-route-cross-capsid,0.1,approved same route cross capsid,approved-same-route-cross-capsid; 0.1 evidence haircut applied to the PBPK-projected disclosed-dose organ AUC,https://www.fda.gov/media/193168/download
intrathecal,Lumbar intrathecal,aavrh10,AAVrh.10,lung,2800000000000000.0,40000000000000.0,782664777745844.9,itvisma_it,ITVISMA (onasemnogene abeparvovec-brve),35656383326748.37,3565638332674.837,0.0455576695676052,0.004555766956760521,exceeds-conservative-contextual-upper-bound,exploratory,approved-same-route-cross-capsid,0.1,approved same route cross capsid,approved-same-route-cross-capsid; 0.1 evidence haircut applied to the PBPK-projected disclosed-dose organ AUC,https://www.fda.gov/media/193168/download
intrathecal,Lumbar intrathecal,aavrh10,AAVrh.10,muscle,2800000000000000.0,40000000000000.0,5542822492725146.0,itvisma_it,ITVISMA (onasemnogene abeparvovec-brve),244451335930545.56,24445133593054.56,0.04410232083949712,0.004410232083949712,exceeds-conservative-contextual-upper-bound,exploratory,approved-same-route-cross-capsid,0.1,approved same route cross capsid,approved-same-route-cross-capsid; 0.1 evidence haircut applied to the PBPK-projected disclosed-dose organ AUC,https://www.fda.gov/media/193168/download
intrathecal,Lumbar intrathecal,aavrh10,AAVrh.10,rest,2800000000000000.0,40000000000000.0,6843313723352558.0,itvisma_it,ITVISMA (onasemnogene abeparvovec-brve),301949841737870.9,30194984173787.09,0.04412333760287477,0.004412333760287477,exceeds-conservative-contextual-upper-bound,exploratory,approved-same-route-cross-capsid,0.1,approved same route cross capsid,approved-same-route-cross-capsid; 0.1 evidence haircut applied to the PBPK-projected disclosed-dose organ AUC,https://www.fda.gov/media/193168/download
intrathecal,Lumbar intrathecal,aavrh10,AAVrh.10,spleen,2800000000000000.0,40000000000000.0,144726221002005.34,itvisma_it,ITVISMA (onasemnogene abeparvovec-brve),7289689917888.429,728968991788.8429,0.05036882651546206,0.005036882651546206,exceeds-conservative-contextual-upper-bound,exploratory,approved-same-route-cross-capsid,0.1,approved same route cross capsid,approved-same-route-cross-capsid; 0.1 evidence haircut applied to the PBPK-projected disclosed-dose organ AUC,https://www.fda.gov/media/193168/download
intrathecal,Lumbar intrathecal,php-eb,PHP.eB,brain,2800000000000000.0,40000000000000.0,6351235300125980.0,itvisma_it,ITVISMA (onasemnogene abeparvovec-brve),272131222529825.8,8163936675894.774,0.04284697537885708,0.0012854092613657124,exceeds-conservative-contextual-upper-bound,exploratory,approved-same-route-cross-capsid-mouse-restricted-capsid,0.03,approved same route cross capsid mouse restricted capsid,approved-same-route-cross-capsid-mouse-restricted-capsid; 0.03 evidence haircut applied to the PBPK-projected disclosed-dose organ AUC,https://www.fda.gov/media/193168/download
intrathecal,Lumbar intrathecal,php-eb,PHP.eB,heart,2800000000000000.0,40000000000000.0,129391564023597.14,itvisma_it,ITVISMA (onasemnogene abeparvovec-brve),7019368164803.165,210581044944.09494,0.05424904025059194,0.001627471207517758,exceeds-conservative-contextual-upper-bound,exploratory,approved-same-route-cross-capsid-mouse-restricted-capsid,0.03,approved same route cross capsid mouse restricted capsid,approved-same-route-cross-capsid-mouse-restricted-capsid; 0.03 evidence haircut applied to the PBPK-projected disclosed-dose organ AUC,https://www.fda.gov/media/193168/download
intrathecal,Lumbar intrathecal,php-eb,PHP.eB,kidney,2800000000000000.0,40000000000000.0,206148553080853.47,itvisma_it,ITVISMA (onasemnogene abeparvovec-brve),11834755119680.465,355042653590.41394,0.057408868230274496,0.001722266046908235,exceeds-conservative-contextual-upper-bound,exploratory,approved-same-route-cross-capsid-mouse-restricted-capsid,0.03,approved same route cross capsid mouse restricted capsid,approved-same-route-cross-capsid-mouse-restricted-capsid; 0.03 evidence haircut applied to the PBPK-projected disclosed-dose organ AUC,https://www.fda.gov/media/193168/download
intrathecal,Lumbar intrathecal,php-eb,PHP.eB,liver,2800000000000000.0,40000000000000.0,1299927820693116.8,itvisma_it,ITVISMA (onasemnogene abeparvovec-brve),83774253241458.92,2513227597243.7676,0.0644453114302845,0.0019333593429085346,exceeds-conservative-contextual-upper-bound,exploratory,approved-same-route-cross-capsid-mouse-restricted-capsid,0.03,approved same route cross capsid mouse restricted capsid,approved-same-route-cross-capsid-mouse-restricted-capsid; 0.03 evidence haircut applied to the PBPK-projected disclosed-dose organ AUC,https://www.fda.gov/media/193168/download
intrathecal,Lumbar intrathecal,php-eb,PHP.eB,lung,2800000000000000.0,40000000000000.0,664136185483182.5,itvisma_it,ITVISMA (onasemnogene abeparvovec-brve),35656383326748.37,1069691499802.4509,0.05368836107131716,0.0016106508321395146,exceeds-conservative-contextual-upper-bound,exploratory,approved-same-route-cross-capsid-mouse-restricted-capsid,0.03,approved same route cross capsid mouse restricted capsid,approved-same-route-cross-capsid-mouse-restricted-capsid; 0.03 evidence haircut applied to the PBPK-projected disclosed-dose organ AUC,https://www.fda.gov/media/193168/download
intrathecal,Lumbar intrathecal,php-eb,PHP.eB,muscle,2800000000000000.0,40000000000000.0,5021559585131557.0,itvisma_it,ITVISMA (onasemnogene abeparvovec-brve),244451335930545.56,7333540077916.366,0.04868036150648232,0.0014604108451944694,exceeds-conservative-contextual-upper-bound,exploratory,approved-same-route-cross-capsid-mouse-restricted-capsid,0.03,approved same route cross capsid mouse restricted capsid,approved-same-route-cross-capsid-mouse-restricted-capsid; 0.03 evidence haircut applied to the PBPK-projected disclosed-dose organ AUC,https://www.fda.gov/media/193168/download
intrathecal,Lumbar intrathecal,php-eb,PHP.eB,rest,2800000000000000.0,40000000000000.0,6625074457201296.0,itvisma_it,ITVISMA (onasemnogene abeparvovec-brve),301949841737870.9,9058495252136.125,0.04557682237211065,0.0013673046711633193,exceeds-conservative-contextual-upper-bound,exploratory,approved-same-route-cross-capsid-mouse-restricted-capsid,0.03,approved same route cross capsid mouse restricted capsid,approved-same-route-cross-capsid-mouse-restricted-capsid; 0.03 evidence haircut applied to the PBPK-projected disclosed-dose organ AUC,https://www.fda.gov/media/193168/download
intrathecal,Lumbar intrathecal,php-eb,PHP.eB,spleen,2800000000000000.0,40000000000000.0,137334283459274.16,itvisma_it,ITVISMA (onasemnogene abeparvovec-brve),7289689917888.429,218690697536.65286,0.0530798991648007,0.001592396974944021,exceeds-conservative-contextual-upper-bound,exploratory,approved-same-route-cross-capsid-mouse-restricted-capsid,0.03,approved same route cross capsid mouse restricted capsid,approved-same-route-cross-capsid-mouse-restricted-capsid; 0.03 evidence haircut applied to the PBPK-projected disclosed-dose organ AUC,https://www.fda.gov/media/193168/download
intrathecal,Lumbar intrathecal,cap-b10,CAP-B10,brain,2800000000000000.0,40000000000000.0,6086275266756528.0,itvisma_it,ITVISMA (onasemnogene abeparvovec-brve),272131222529825.8,8163936675894.774,0.044712276491373486,0.0013413682947412047,exceeds-conservative-contextual-upper-bound,exploratory,approved-same-route-cross-capsid-mouse-restricted-capsid,0.03,approved same route cross capsid mouse restricted capsid,approved-same-route-cross-capsid-mouse-restricted-capsid; 0.03 evidence haircut applied to the PBPK-projected disclosed-dose organ AUC,https://www.fda.gov/media/193168/download
intrathecal,Lumbar intrathecal,cap-b10,CAP-B10,heart,2800000000000000.0,40000000000000.0,110588325323467.88,itvisma_it,ITVISMA (onasemnogene abeparvovec-brve),7019368164803.165,210581044944.09494,0.06347295832784973,0.0019041887498354917,exceeds-conservative-contextual-upper-bound,exploratory,approved-same-route-cross-capsid-mouse-restricted-capsid,0.03,approved same route cross capsid mouse restricted capsid,approved-same-route-cross-capsid-mouse-restricted-capsid; 0.03 evidence haircut applied to the PBPK-projected disclosed-dose organ AUC,https://www.fda.gov/media/193168/download
intrathecal,Lumbar intrathecal,cap-b10,CAP-B10,kidney,2800000000000000.0,40000000000000.0,166677309201170.12,itvisma_it,ITVISMA (onasemnogene abeparvovec-brve),11834755119680.465,355042653590.41394,0.07100399674317145,0.0021301199022951437,exceeds-conservative-contextual-upper-bound,exploratory,approved-same-route-cross-capsid-mouse-restricted-capsid,0.03,approved same route cross capsid mouse restricted capsid,approved-same-route-cross-capsid-mouse-restricted-capsid; 0.03 evidence haircut applied to the PBPK-projected disclosed-dose organ AUC,https://www.fda.gov/media/193168/download
intrathecal,Lumbar intrathecal,cap-b10,CAP-B10,liver,2800000000000000.0,40000000000000.0,592777860762599.0,itvisma_it,ITVISMA (onasemnogene abeparvovec-brve),83774253241458.92,2513227597243.7676,0.14132486853285095,0.004239746055985528,exceeds-conservative-contextual-upper-bound,exploratory,approved-same-route-cross-capsid-mouse-restricted-capsid,0.03,approved same route cross capsid mouse restricted capsid,approved-same-route-cross-capsid-mouse-restricted-capsid; 0.03 evidence haircut applied to the PBPK-projected disclosed-dose organ AUC,https://www.fda.gov/media/193168/download
intrathecal,Lumbar intrathecal,cap-b10,CAP-B10,lung,2800000000000000.0,40000000000000.0,589864698748737.2,itvisma_it,ITVISMA (onasemnogene abeparvovec-brve),35656383326748.37,1069691499802.4509,0.06044841029203004,0.001813452308760901,exceeds-conservative-contextual-upper-bound,exploratory,approved-same-route-cross-capsid-mouse-restricted-capsid,0.03,approved same route cross capsid mouse restricted capsid,approved-same-route-cross-capsid-mouse-restricted-capsid; 0.03 evidence haircut applied to the PBPK-projected disclosed-dose organ AUC,https://www.fda.gov/media/193168/download
intrathecal,Lumbar intrathecal,cap-b10,CAP-B10,muscle,2800000000000000.0,40000000000000.0,4623599475667099.0,itvisma_it,ITVISMA (onasemnogene abeparvovec-brve),244451335930545.56,7333540077916.366,0.05287035289648998,0.0015861105868946992,exceeds-conservative-contextual-upper-bound,exploratory,approved-same-route-cross-capsid-mouse-restricted-capsid,0.03,approved same route cross capsid mouse restricted capsid,approved-same-route-cross-capsid-mouse-restricted-capsid; 0.03 evidence haircut applied to the PBPK-projected disclosed-dose organ AUC,https://www.fda.gov/media/193168/download
intrathecal,Lumbar intrathecal,cap-b10,CAP-B10,rest,2800000000000000.0,40000000000000.0,6431902553689905.0,itvisma_it,ITVISMA (onasemnogene abeparvovec-brve),301949841737870.9,9058495252136.125,0.04694564931874565,0.0014083694795623692,exceeds-conservative-contextual-upper-bound,exploratory,approved-same-route-cross-capsid-mouse-restricted-capsid,0.03,approved same route cross capsid mouse restricted capsid,approved-same-route-cross-capsid-mouse-restricted-capsid; 0.03 evidence haircut applied to the PBPK-projected disclosed-dose organ AUC,https://www.fda.gov/media/193168/download
intrathecal,Lumbar intrathecal,cap-b10,CAP-B10,spleen,2800000000000000.0,40000000000000.0,113746816824459.3,itvisma_it,ITVISMA (onasemnogene abeparvovec-brve),7289689917888.429,218690697536.65286,0.06408697949884877,0.001922609384965463,exceeds-conservative-contextual-upper-bound,exploratory,approved-same-route-cross-capsid-mouse-restricted-capsid,0.03,approved same route cross capsid mouse restricted capsid,approved-same-route-cross-capsid-mouse-restricted-capsid; 0.03 evidence haircut applied to the PBPK-projected disclosed-dose organ AUC,https://www.fda.gov/media/193168/download
intrathecal,Lumbar intrathecal,lk03,AAV-LK03,brain,2800000000000000.0,40000000000000.0,7360315132700307.0,itvisma_it,ITVISMA (onasemnogene abeparvovec-brve),272131222529825.8,27213122252982.582,0.03697276782631289,0.0036972767826312894,exceeds-conservative-contextual-upper-bound,exploratory,approved-same-route-cross-capsid,0.1,approved same route cross capsid,approved-same-route-cross-capsid; 0.1 evidence haircut applied to the PBPK-projected disclosed-dose organ AUC,https://www.fda.gov/media/193168/download
intrathecal,Lumbar intrathecal,lk03,AAV-LK03,heart,2800000000000000.0,40000000000000.0,77162164001746.25,itvisma_it,ITVISMA (onasemnogene abeparvovec-brve),7019368164803.165,701936816480.3165,0.09096904234884225,0.009096904234884224,exceeds-conservative-contextual-upper-bound,exploratory,approved-same-route-cross-capsid,0.1,approved same route cross capsid,approved-same-route-cross-capsid; 0.1 evidence haircut applied to the PBPK-projected disclosed-dose organ AUC,https://www.fda.gov/media/193168/download
intrathecal,Lumbar intrathecal,lk03,AAV-LK03,kidney,2800000000000000.0,40000000000000.0,180285415895869.3,itvisma_it,ITVISMA (onasemnogene abeparvovec-brve),11834755119680.465,1183475511968.0466,0.06564455067467063,0.006564455067467065,exceeds-conservative-contextual-upper-bound,exploratory,approved-same-route-cross-capsid,0.1,approved same route cross capsid,approved-same-route-cross-capsid; 0.1 evidence haircut applied to the PBPK-projected disclosed-dose organ AUC,https://www.fda.gov/media/193168/download
intrathecal,Lumbar intrathecal,lk03,AAV-LK03,liver,2800000000000000.0,40000000000000.0,4008158702797673.5,itvisma_it,ITVISMA (onasemnogene abeparvovec-brve),83774253241458.92,8377425324145.893,0.020900932186887943,0.0020900932186887944,exceeds-conservative-contextual-upper-bound,exploratory,approved-same-route-cross-capsid,0.1,approved same route cross capsid,approved-same-route-cross-capsid; 0.1 evidence haircut applied to the PBPK-projected disclosed-dose organ AUC,https://www.fda.gov/media/193168/download
intrathecal,Lumbar intrathecal,lk03,AAV-LK03,lung,2800000000000000.0,40000000000000.0,504988925234904.4,itvisma_it,ITVISMA (onasemnogene abeparvovec-brve),35656383326748.37,3565638332674.837,0.07060824811190103,0.007060824811190103,exceeds-conservative-contextual-upper-bound,exploratory,approved-same-route-cross-capsid,0.1,approved same route cross capsid,approved-same-route-cross-capsid; 0.1 evidence haircut applied to the PBPK-projected disclosed-dose organ AUC,https://www.fda.gov/media/193168/download
intrathecal,Lumbar intrathecal,lk03,AAV-LK03,muscle,2800000000000000.0,40000000000000.0,3029665118153672.5,itvisma_it,ITVISMA (onasemnogene abeparvovec-brve),244451335930545.56,24445133593054.56,0.0806859261328256,0.008068592613282561,exceeds-conservative-contextual-upper-bound,exploratory,approved-same-route-cross-capsid,0.1,approved same route cross capsid,approved-same-route-cross-capsid; 0.1 evidence haircut applied to the PBPK-projected disclosed-dose organ AUC,https://www.fda.gov/media/193168/download
intrathecal,Lumbar intrathecal,lk03,AAV-LK03,rest,2800000000000000.0,40000000000000.0,4581325071207706.0,itvisma_it,ITVISMA (onasemnogene abeparvovec-brve),301949841737870.9,30194984173787.09,0.06590884450342493,0.006590884450342494,exceeds-conservative-contextual-upper-bound,exploratory,approved-same-route-cross-capsid,0.1,approved same route cross capsid,approved-same-route-cross-capsid; 0.1 evidence haircut applied to the PBPK-projected disclosed-dose organ AUC,https://www.fda.gov/media/193168/download
intrathecal,Lumbar intrathecal,lk03,AAV-LK03,spleen,2800000000000000.0,40000000000000.0,100331714981911.28,itvisma_it,ITVISMA (onasemnogene abeparvovec-brve),7289689917888.429,728968991788.8429,0.0726558887107898,0.007265588871078981,exceeds-conservative-contextual-upper-bound,exploratory,approved-same-route-cross-capsid,0.1,approved same route cross capsid,approved-same-route-cross-capsid; 0.1 evidence haircut applied to the PBPK-projected disclosed-dose organ AUC,https://www.fda.gov/media/193168/download
intramuscular,Deltoid intramuscular,aav2,AAV2,brain,2800000000000000.0,40000000000000.0,2131130825905.3257,glybera_im,GLYBERA (alipogene tiparvovec; historical EU authorization),359900608259.8337,35990060825.98337,0.16887776380736472,0.01688777638073647,exceeds-conservative-contextual-upper-bound,exploratory,historical-same-route-cross-capsid,0.1,historical same route cross capsid,historical-same-route-cross-capsid; 0.1 evidence haircut applied to the PBPK-projected disclosed-dose organ AUC,https://www.ema.europa.eu/en/documents/all-authorised-presentations/glybera-epar-all-authorised-presentations_en.pdf
intramuscular,Deltoid intramuscular,aav2,AAV2,heart,2800000000000000.0,40000000000000.0,33511421777991.695,glybera_im,GLYBERA (alipogene tiparvovec; historical EU authorization),2862959765509.973,286295976550.9973,0.08543235749520466,0.008543235749520465,exceeds-conservative-contextual-upper-bound,exploratory,historical-same-route-cross-capsid,0.1,historical same route cross capsid,historical-same-route-cross-capsid; 0.1 evidence haircut applied to the PBPK-projected disclosed-dose organ AUC,https://www.ema.europa.eu/en/documents/all-authorised-presentations/glybera-epar-all-authorised-presentations_en.pdf
intramuscular,Deltoid intramuscular,aav2,AAV2,kidney,2800000000000000.0,40000000000000.0,86505088608352.75,glybera_im,GLYBERA (alipogene tiparvovec; historical EU authorization),4826364012968.45,482636401296.84503,0.05579283358484909,0.005579283358484909,exceeds-conservative-contextual-upper-bound,exploratory,historical-same-route-cross-capsid,0.1,historical same route cross capsid,historical-same-route-cross-capsid; 0.1 evidence haircut applied to the PBPK-projected disclosed-dose organ AUC,https://www.ema.europa.eu/en/documents/all-authorised-presentations/glybera-epar-all-authorised-presentations_en.pdf
intramuscular,Deltoid intramuscular,aav2,AAV2,liver,2800000000000000.0,40000000000000.0,444665635408786.9,glybera_im,GLYBERA (alipogene tiparvovec; historical EU authorization),34110896795336.45,3411089679533.645,0.07671134011509088,0.007671134011509088,exceeds-conservative-contextual-upper-bound,exploratory,historical-same-route-cross-capsid,0.1,historical same route cross capsid,historical-same-route-cross-capsid; 0.1 evidence haircut applied to the PBPK-projected disclosed-dose organ AUC,https://www.ema.europa.eu/en/documents/all-authorised-presentations/glybera-epar-all-authorised-presentations_en.pdf
intramuscular,Deltoid intramuscular,aav2,AAV2,lung,2800000000000000.0,40000000000000.0,400707598608095.56,glybera_im,GLYBERA (alipogene tiparvovec; historical EU authorization),14541589921917.809,1454158992191.781,0.03628977831323816,0.0036289778313238165,exceeds-conservative-contextual-upper-bound,exploratory,historical-same-route-cross-capsid,0.1,historical same route cross capsid,historical-same-route-cross-capsid; 0.1 evidence haircut applied to the PBPK-projected disclosed-dose organ AUC,https://www.ema.europa.eu/en/documents/all-authorised-presentations/glybera-epar-all-authorised-presentations_en.pdf
intramuscular,Deltoid intramuscular,aav2,AAV2,muscle,2800000000000000.0,40000000000000.0,1.4936428884043107e+17,glybera_im,GLYBERA (alipogene tiparvovec; historical EU authorization),2624880022872136.5,262488002287213.66,0.017573678710286297,0.0017573678710286296,exceeds-conservative-contextual-upper-bound,exploratory,historical-same-route-cross-capsid,0.1,historical same route cross capsid,historical-same-route-cross-capsid; 0.1 evidence haircut applied to the PBPK-projected disclosed-dose organ AUC,https://www.ema.europa.eu/en/documents/all-authorised-presentations/glybera-epar-all-authorised-presentations_en.pdf
intramuscular,Deltoid intramuscular,aav2,AAV2,rest,2800000000000000.0,40000000000000.0,1817587222263554.5,glybera_im,GLYBERA (alipogene tiparvovec; historical EU authorization),123160725367882.78,12316072536788.28,0.06776055853567405,0.006776055853567406,exceeds-conservative-contextual-upper-bound,exploratory,historical-same-route-cross-capsid,0.1,historical same route cross capsid,historical-same-route-cross-capsid; 0.1 evidence haircut applied to the PBPK-projected disclosed-dose organ AUC,https://www.ema.europa.eu/en/documents/all-authorised-presentations/glybera-epar-all-authorised-presentations_en.pdf
intramuscular,Deltoid intramuscular,aav2,AAV2,spleen,2800000000000000.0,40000000000000.0,81337724416776.83,glybera_im,GLYBERA (alipogene tiparvovec; historical EU authorization),2970991506328.5347,297099150632.85345,0.03652661206877499,0.003652661206877499,exceeds-conservative-contextual-upper-bound,exploratory,historical-same-route-cross-capsid,0.1,historical same route cross capsid,historical-same-route-cross-capsid; 0.1 evidence haircut applied to the PBPK-projected disclosed-dose organ AUC,https://www.ema.europa.eu/en/documents/all-authorised-presentations/glybera-epar-all-authorised-presentations_en.pdf
intramuscular,Deltoid intramuscular,aav5,AAV5,brain,2800000000000000.0,40000000000000.0,2353919078947.6665,glybera_im,GLYBERA (alipogene tiparvovec; historical EU authorization),359900608259.8337,35990060825.98337,0.15289421436727102,0.015289421436727102,exceeds-conservative-contextual-upper-bound,exploratory,historical-same-route-cross-capsid,0.1,historical same route cross capsid,historical-same-route-cross-capsid; 0.1 evidence haircut applied to the PBPK-projected disclosed-dose organ AUC,https://www.ema.europa.eu/en/documents/all-authorised-presentations/glybera-epar-all-authorised-presentations_en.pdf
intramuscular,Deltoid intramuscular,aav5,AAV5,heart,2800000000000000.0,40000000000000.0,30135618782775.066,glybera_im,GLYBERA (alipogene tiparvovec; historical EU authorization),2862959765509.973,286295976550.9973,0.09500252130699188,0.009500252130699188,exceeds-conservative-contextual-upper-bound,exploratory,historical-same-route-cross-capsid,0.1,historical same route cross capsid,historical-same-route-cross-capsid; 0.1 evidence haircut applied to the PBPK-projected disclosed-dose organ AUC,https://www.ema.europa.eu/en/documents/all-authorised-presentations/glybera-epar-all-authorised-presentations_en.pdf
intramuscular,Deltoid intramuscular,aav5,AAV5,kidney,2800000000000000.0,40000000000000.0,89707431692418.55,glybera_im,GLYBERA (alipogene tiparvovec; historical EU authorization),4826364012968.45,482636401296.84503,0.053801161419008064,0.005380116141900807,exceeds-conservative-contextual-upper-bound,exploratory,historical-same-route-cross-capsid,0.1,historical same route cross capsid,historical-same-route-cross-capsid; 0.1 evidence haircut applied to the PBPK-projected disclosed-dose organ AUC,https://www.ema.europa.eu/en/documents/all-authorised-presentations/glybera-epar-all-authorised-presentations_en.pdf
intramuscular,Deltoid intramuscular,aav5,AAV5,liver,2800000000000000.0,40000000000000.0,702073592126990.5,glybera_im,GLYBERA (alipogene tiparvovec; historical EU authorization),34110896795336.45,3411089679533.645,0.04858592771164436,0.004858592771164436,exceeds-conservative-contextual-upper-bound,exploratory,historical-same-route-cross-capsid,0.1,historical same route cross capsid,historical-same-route-cross-capsid; 0.1 evidence haircut applied to the PBPK-projected disclosed-dose organ AUC,https://www.ema.europa.eu/en/documents/all-authorised-presentations/glybera-epar-all-authorised-presentations_en.pdf
intramuscular,Deltoid intramuscular,aav5,AAV5,lung,2800000000000000.0,40000000000000.0,763638620832684.8,glybera_im,GLYBERA (alipogene tiparvovec; historical EU authorization),14541589921917.809,1454158992191.781,0.019042501944259195,0.0019042501944259195,exceeds-conservative-contextual-upper-bound,exploratory,historical-same-route-cross-capsid,0.1,historical same route cross capsid,historical-same-route-cross-capsid; 0.1 evidence haircut applied to the PBPK-projected disclosed-dose organ AUC,https://www.ema.europa.eu/en/documents/all-authorised-presentations/glybera-epar-all-authorised-presentations_en.pdf
intramuscular,Deltoid intramuscular,aav5,AAV5,muscle,2800000000000000.0,40000000000000.0,1.493552202018049e+17,glybera_im,GLYBERA (alipogene tiparvovec; historical EU authorization),2624880022872136.5,262488002287213.66,0.01757474575930769,0.0017574745759307688,exceeds-conservative-contextual-upper-bound,exploratory,historical-same-route-cross-capsid,0.1,historical same route cross capsid,historical-same-route-cross-capsid; 0.1 evidence haircut applied to the PBPK-projected disclosed-dose organ AUC,https://www.ema.europa.eu/en/documents/all-authorised-presentations/glybera-epar-all-authorised-presentations_en.pdf
intramuscular,Deltoid intramuscular,aav5,AAV5,rest,2800000000000000.0,40000000000000.0,2174396992348483.0,glybera_im,GLYBERA (alipogene tiparvovec; historical EU authorization),123160725367882.78,12316072536788.28,0.05664132437695363,0.005664132437695363,exceeds-conservative-contextual-upper-bound,exploratory,historical-same-route-cross-capsid,0.1,historical same route cross capsid,historical-same-route-cross-capsid; 0.1 evidence haircut applied to the PBPK-projected disclosed-dose organ AUC,https://www.ema.europa.eu/en/documents/all-authorised-presentations/glybera-epar-all-authorised-presentations_en.pdf
intramuscular,Deltoid intramuscular,aav5,AAV5,spleen,2800000000000000.0,40000000000000.0,83968758602659.19,glybera_im,GLYBERA (alipogene tiparvovec; historical EU authorization),2970991506328.5347,297099150632.85345,0.03538210586615064,0.0035382105866150638,exceeds-conservative-contextual-upper-bound,exploratory,historical-same-route-cross-capsid,0.1,historical same route cross capsid,historical-same-route-cross-capsid; 0.1 evidence haircut applied to the PBPK-projected disclosed-dose organ AUC,https://www.ema.europa.eu/en/documents/all-authorised-presentations/glybera-epar-all-authorised-presentations_en.pdf
intramuscular,Deltoid intramuscular,aav8,AAV8,brain,2800000000000000.0,40000000000000.0,2320521592238.6616,glybera_im,GLYBERA (alipogene tiparvovec; historical EU authorization),359900608259.8337,35990060825.98337,0.15509470347682872,0.015509470347682873,exceeds-conservative-contextual-upper-bound,exploratory,historical-same-route-cross-capsid,0.1,historical same route cross capsid,historical-same-route-cross-capsid; 0.1 evidence haircut applied to the PBPK-projected disclosed-dose organ AUC,https://www.ema.europa.eu/en/documents/all-authorised-presentations/glybera-epar-all-authorised-presentations_en.pdf
intramuscular,Deltoid intramuscular,aav8,AAV8,heart,2800000000000000.0,40000000000000.0,88174803080311.28,glybera_im,GLYBERA (alipogene tiparvovec; historical EU authorization),2862959765509.973,286295976550.9973,0.03246913704930347,0.0032469137049303473,exceeds-conservative-contextual-upper-bound,exploratory,historical-same-route-cross-capsid,0.1,historical same route cross capsid,historical-same-route-cross-capsid; 0.1 evidence haircut applied to the PBPK-projected disclosed-dose organ AUC,https://www.ema.europa.eu/en/documents/all-authorised-presentations/glybera-epar-all-authorised-presentations_en.pdf
intramuscular,Deltoid intramuscular,aav8,AAV8,kidney,2800000000000000.0,40000000000000.0,177348267460594.0,glybera_im,GLYBERA (alipogene tiparvovec; historical EU authorization),4826364012968.45,482636401296.84503,0.027214046587970456,0.0027214046587970457,exceeds-conservative-contextual-upper-bound,exploratory,historical-same-route-cross-capsid,0.1,historical same route cross capsid,historical-same-route-cross-capsid; 0.1 evidence haircut applied to the PBPK-projected disclosed-dose organ AUC,https://www.ema.europa.eu/en/documents/all-authorised-presentations/glybera-epar-all-authorised-presentations_en.pdf
intramuscular,Deltoid intramuscular,aav8,AAV8,liver,2800000000000000.0,40000000000000.0,2349453697265667.5,glybera_im,GLYBERA (alipogene tiparvovec; historical EU authorization),34110896795336.45,3411089679533.645,0.01451865037180144,0.001451865037180144,exceeds-conservative-contextual-upper-bound,exploratory,historical-same-route-cross-capsid,0.1,historical same route cross capsid,historical-same-route-cross-capsid; 0.1 evidence haircut applied to the PBPK-projected disclosed-dose organ AUC,https://www.ema.europa.eu/en/documents/all-authorised-presentations/glybera-epar-all-authorised-presentations_en.pdf
intramuscular,Deltoid intramuscular,aav8,AAV8,lung,2800000000000000.0,40000000000000.0,429929209875327.0,glybera_im,GLYBERA (alipogene tiparvovec; historical EU authorization),14541589921917.809,1454158992191.781,0.03382321923680098,0.0033823219236800988,exceeds-conservative-contextual-upper-bound,exploratory,historical-same-route-cross-capsid,0.1,historical same route cross capsid,historical-same-route-cross-capsid; 0.1 evidence haircut applied to the PBPK-projected disclosed-dose organ AUC,https://www.ema.europa.eu/en/documents/all-authorised-presentations/glybera-epar-all-authorised-presentations_en.pdf
intramuscular,Deltoid intramuscular,aav8,AAV8,muscle,2800000000000000.0,40000000000000.0,1.0640354129006442e+17,glybera_im,GLYBERA (alipogene tiparvovec; historical EU authorization),2624880022872136.5,262488002287213.66,0.024669103970106663,0.0024669103970106666,exceeds-conservative-contextual-upper-bound,exploratory,historical-same-route-cross-capsid,0.1,historical same route cross capsid,historical-same-route-cross-capsid; 0.1 evidence haircut applied to the PBPK-projected disclosed-dose organ AUC,https://www.ema.europa.eu/en/documents/all-authorised-presentations/glybera-epar-all-authorised-presentations_en.pdf
intramuscular,Deltoid intramuscular,aav8,AAV8,rest,2800000000000000.0,40000000000000.0,4516867741453957.0,glybera_im,GLYBERA (alipogene tiparvovec; historical EU authorization),123160725367882.78,12316072536788.28,0.02726684340069651,0.0027266843400696513,exceeds-conservative-contextual-upper-bound,exploratory,historical-same-route-cross-capsid,0.1,historical same route cross capsid,historical-same-route-cross-capsid; 0.1 evidence haircut applied to the PBPK-projected disclosed-dose organ AUC,https://www.ema.europa.eu/en/documents/all-authorised-presentations/glybera-epar-all-authorised-presentations_en.pdf
intramuscular,Deltoid intramuscular,aav8,AAV8,spleen,2800000000000000.0,40000000000000.0,96053121841167.95,glybera_im,GLYBERA (alipogene tiparvovec; historical EU authorization),2970991506328.5347,297099150632.85345,0.030930712603400055,0.0030930712603400054,exceeds-conservative-contextual-upper-bound,exploratory,historical-same-route-cross-capsid,0.1,historical same route cross capsid,historical-same-route-cross-capsid; 0.1 evidence haircut applied to the PBPK-projected disclosed-dose organ AUC,https://www.ema.europa.eu/en/documents/all-authorised-presentations/glybera-epar-all-authorised-presentations_en.pdf
intramuscular,Deltoid intramuscular,aav9,AAV9,brain,2800000000000000.0,40000000000000.0,14408214379333.814,glybera_im,GLYBERA (alipogene tiparvovec; historical EU authorization),359900608259.8337,35990060825.98337,0.024978848786151545,0.0024978848786151543,exceeds-conservative-contextual-upper-bound,exploratory,historical-same-route-cross-capsid,0.1,historical same route cross capsid,historical-same-route-cross-capsid; 0.1 evidence haircut applied to the PBPK-projected disclosed-dose organ AUC,https://www.ema.europa.eu/en/documents/all-authorised-presentations/glybera-epar-all-authorised-presentations_en.pdf
intramuscular,Deltoid intramuscular,aav9,AAV9,heart,2800000000000000.0,40000000000000.0,114697799471186.38,glybera_im,GLYBERA (alipogene tiparvovec; historical EU authorization),2862959765509.973,286295976550.9973,0.024960895315425707,0.0024960895315425708,exceeds-conservative-contextual-upper-bound,exploratory,historical-same-route-cross-capsid,0.1,historical same route cross capsid,historical-same-route-cross-capsid; 0.1 evidence haircut applied to the PBPK-projected disclosed-dose organ AUC,https://www.ema.europa.eu/en/documents/all-authorised-presentations/glybera-epar-all-authorised-presentations_en.pdf
intramuscular,Deltoid intramuscular,aav9,AAV9,kidney,2800000000000000.0,40000000000000.0,193570897285291.53,glybera_im,GLYBERA (alipogene tiparvovec; historical EU authorization),4826364012968.45,482636401296.84503,0.024933314256714877,0.0024933314256714877,exceeds-conservative-contextual-upper-bound,exploratory,historical-same-route-cross-capsid,0.1,historical same route cross capsid,historical-same-route-cross-capsid; 0.1 evidence haircut applied to the PBPK-projected disclosed-dose organ AUC,https://www.ema.europa.eu/en/documents/all-authorised-presentations/glybera-epar-all-authorised-presentations_en.pdf
intramuscular,Deltoid intramuscular,aav9,AAV9,liver,2800000000000000.0,40000000000000.0,1383361831558253.0,glybera_im,GLYBERA (alipogene tiparvovec; historical EU authorization),34110896795336.45,3411089679533.645,0.02465797162909511,0.002465797162909511,exceeds-conservative-contextual-upper-bound,exploratory,historical-same-route-cross-capsid,0.1,historical same route cross capsid,historical-same-route-cross-capsid; 0.1 evidence haircut applied to the PBPK-projected disclosed-dose organ AUC,https://www.ema.europa.eu/en/documents/all-authorised-presentations/glybera-epar-all-authorised-presentations_en.pdf
intramuscular,Deltoid intramuscular,aav9,AAV9,lung,2800000000000000.0,40000000000000.0,583003379333599.0,glybera_im,GLYBERA (alipogene tiparvovec; historical EU authorization),14541589921917.809,1454158992191.781,0.024942548255105394,0.0024942548255105397,exceeds-conservative-contextual-upper-bound,exploratory,historical-same-route-cross-capsid,0.1,historical same route cross capsid,historical-same-route-cross-capsid; 0.1 evidence haircut applied to the PBPK-projected disclosed-dose organ AUC,https://www.ema.europa.eu/en/documents/all-authorised-presentations/glybera-epar-all-authorised-presentations_en.pdf
intramuscular,Deltoid intramuscular,aav9,AAV9,muscle,2800000000000000.0,40000000000000.0,1.0506893246238488e+17,glybera_im,GLYBERA (alipogene tiparvovec; historical EU authorization),2624880022872136.5,262488002287213.66,0.024982456387018633,0.002498245638701863,exceeds-conservative-contextual-upper-bound,exploratory,historical-same-route-cross-capsid,0.1,historical same route cross capsid,historical-same-route-cross-capsid; 0.1 evidence haircut applied to the PBPK-projected disclosed-dose organ AUC,https://www.ema.europa.eu/en/documents/all-authorised-presentations/glybera-epar-all-authorised-presentations_en.pdf
intramuscular,Deltoid intramuscular,aav9,AAV9,rest,2800000000000000.0,40000000000000.0,4930993768941763.0,glybera_im,GLYBERA (alipogene tiparvovec; historical EU authorization),123160725367882.78,12316072536788.28,0.02497685682420041,0.0024976856824200414,exceeds-conservative-contextual-upper-bound,exploratory,historical-same-route-cross-capsid,0.1,historical same route cross capsid,historical-same-route-cross-capsid; 0.1 evidence haircut applied to the PBPK-projected disclosed-dose organ AUC,https://www.ema.europa.eu/en/documents/all-authorised-presentations/glybera-epar-all-authorised-presentations_en.pdf
intramuscular,Deltoid intramuscular,aav9,AAV9,spleen,2800000000000000.0,40000000000000.0,119767909813995.98,glybera_im,GLYBERA (alipogene tiparvovec; historical EU authorization),2970991506328.5347,297099150632.85345,0.024806239926392595,0.0024806239926392594,exceeds-conservative-contextual-upper-bound,exploratory,historical-same-route-cross-capsid,0.1,historical same route cross capsid,historical-same-route-cross-capsid; 0.1 evidence haircut applied to the PBPK-projected disclosed-dose organ AUC,https://www.ema.europa.eu/en/documents/all-authorised-presentations/glybera-epar-all-authorised-presentations_en.pdf
intramuscular,Deltoid intramuscular,aavrh10,AAVrh.10,brain,2800000000000000.0,40000000000000.0,21096968415127.355,glybera_im,GLYBERA (alipogene tiparvovec; historical EU authorization),359900608259.8337,35990060825.98337,0.017059351902037775,0.0017059351902037774,exceeds-conservative-contextual-upper-bound,exploratory,historical-same-route-cross-capsid,0.1,historical same route cross capsid,historical-same-route-cross-capsid; 0.1 evidence haircut applied to the PBPK-projected disclosed-dose organ AUC,https://www.ema.europa.eu/en/documents/all-authorised-presentations/glybera-epar-all-authorised-presentations_en.pdf
intramuscular,Deltoid intramuscular,aavrh10,AAVrh.10,heart,2800000000000000.0,40000000000000.0,118603493287150.0,glybera_im,GLYBERA (alipogene tiparvovec; historical EU authorization),2862959765509.973,286295976550.9973,0.024138916031574916,0.002413891603157492,exceeds-conservative-contextual-upper-bound,exploratory,historical-same-route-cross-capsid,0.1,historical same route cross capsid,historical-same-route-cross-capsid; 0.1 evidence haircut applied to the PBPK-projected disclosed-dose organ AUC,https://www.ema.europa.eu/en/documents/all-authorised-presentations/glybera-epar-all-authorised-presentations_en.pdf
intramuscular,Deltoid intramuscular,aavrh10,AAVrh.10,kidney,2800000000000000.0,40000000000000.0,157304376535558.88,glybera_im,GLYBERA (alipogene tiparvovec; historical EU authorization),4826364012968.45,482636401296.84503,0.030681689341793005,0.0030681689341793003,exceeds-conservative-contextual-upper-bound,exploratory,historical-same-route-cross-capsid,0.1,historical same route cross capsid,historical-same-route-cross-capsid; 0.1 evidence haircut applied to the PBPK-projected disclosed-dose organ AUC,https://www.ema.europa.eu/en/documents/all-authorised-presentations/glybera-epar-all-authorised-presentations_en.pdf
intramuscular,Deltoid intramuscular,aavrh10,AAVrh.10,liver,2800000000000000.0,40000000000000.0,1195393340894084.2,glybera_im,GLYBERA (alipogene tiparvovec; historical EU authorization),34110896795336.45,3411089679533.645,0.028535290961068507,0.002853529096106851,exceeds-conservative-contextual-upper-bound,exploratory,historical-same-route-cross-capsid,0.1,historical same route cross capsid,historical-same-route-cross-capsid; 0.1 evidence haircut applied to the PBPK-projected disclosed-dose organ AUC,https://www.ema.europa.eu/en/documents/all-authorised-presentations/glybera-epar-all-authorised-presentations_en.pdf
intramuscular,Deltoid intramuscular,aavrh10,AAVrh.10,lung,2800000000000000.0,40000000000000.0,541797813639100.44,glybera_im,GLYBERA (alipogene tiparvovec; historical EU authorization),14541589921917.809,1454158992191.781,0.02683951384788012,0.002683951384788012,exceeds-conservative-contextual-upper-bound,exploratory,historical-same-route-cross-capsid,0.1,historical same route cross capsid,historical-same-route-cross-capsid; 0.1 evidence haircut applied to the PBPK-projected disclosed-dose organ AUC,https://www.ema.europa.eu/en/documents/all-authorised-presentations/glybera-epar-all-authorised-presentations_en.pdf
intramuscular,Deltoid intramuscular,aavrh10,AAVrh.10,muscle,2800000000000000.0,40000000000000.0,1.064422238388984e+17,glybera_im,GLYBERA (alipogene tiparvovec; historical EU authorization),2624880022872136.5,262488002287213.66,0.02466013888290162,0.0024660138882901623,exceeds-conservative-contextual-upper-bound,exploratory,historical-same-route-cross-capsid,0.1,historical same route cross capsid,historical-same-route-cross-capsid; 0.1 evidence haircut applied to the PBPK-projected disclosed-dose organ AUC,https://www.ema.europa.eu/en/documents/all-authorised-presentations/glybera-epar-all-authorised-presentations_en.pdf
intramuscular,Deltoid intramuscular,aavrh10,AAVrh.10,rest,2800000000000000.0,40000000000000.0,4741426919142735.0,glybera_im,GLYBERA (alipogene tiparvovec; historical EU authorization),123160725367882.78,12316072536788.28,0.025975455800160394,0.0025975455800160397,exceeds-conservative-contextual-upper-bound,exploratory,historical-same-route-cross-capsid,0.1,historical same route cross capsid,historical-same-route-cross-capsid; 0.1 evidence haircut applied to the PBPK-projected disclosed-dose organ AUC,https://www.ema.europa.eu/en/documents/all-authorised-presentations/glybera-epar-all-authorised-presentations_en.pdf
intramuscular,Deltoid intramuscular,aavrh10,AAVrh.10,spleen,2800000000000000.0,40000000000000.0,99857787442936.58,glybera_im,GLYBERA (alipogene tiparvovec; historical EU authorization),2970991506328.5347,297099150632.85345,0.029752226465324987,0.0029752226465324986,exceeds-conservative-contextual-upper-bound,exploratory,historical-same-route-cross-capsid,0.1,historical same route cross capsid,historical-same-route-cross-capsid; 0.1 evidence haircut applied to the PBPK-projected disclosed-dose organ AUC,https://www.ema.europa.eu/en/documents/all-authorised-presentations/glybera-epar-all-authorised-presentations_en.pdf
intramuscular,Deltoid intramuscular,php-eb,PHP.eB,brain,2800000000000000.0,40000000000000.0,14161079459197.02,glybera_im,GLYBERA (alipogene tiparvovec; historical EU authorization),359900608259.8337,10797018247.79501,0.025414772178691047,0.0007624431653607314,exceeds-conservative-contextual-upper-bound,exploratory,historical-same-route-cross-capsid-mouse-restricted-capsid,0.03,historical same route cross capsid mouse restricted capsid,historical-same-route-cross-capsid-mouse-restricted-capsid; 0.03 evidence haircut applied to the PBPK-projected disclosed-dose organ AUC,https://www.ema.europa.eu/en/documents/all-authorised-presentations/glybera-epar-all-authorised-presentations_en.pdf
intramuscular,Deltoid intramuscular,php-eb,PHP.eB,heart,2800000000000000.0,40000000000000.0,87814447150111.77,glybera_im,GLYBERA (alipogene tiparvovec; historical EU authorization),2862959765509.973,85888792965.2992,0.032602377608959635,0.0009780713282687892,exceeds-conservative-contextual-upper-bound,exploratory,historical-same-route-cross-capsid-mouse-restricted-capsid,0.03,historical same route cross capsid mouse restricted capsid,historical-same-route-cross-capsid-mouse-restricted-capsid; 0.03 evidence haircut applied to the PBPK-projected disclosed-dose organ AUC,https://www.ema.europa.eu/en/documents/all-authorised-presentations/glybera-epar-all-authorised-presentations_en.pdf
intramuscular,Deltoid intramuscular,php-eb,PHP.eB,kidney,2800000000000000.0,40000000000000.0,139809014995701.28,glybera_im,GLYBERA (alipogene tiparvovec; historical EU authorization),4826364012968.45,144790920389.0535,0.03452112163952265,0.0010356336491856794,exceeds-conservative-contextual-upper-bound,exploratory,historical-same-route-cross-capsid-mouse-restricted-capsid,0.03,historical same route cross capsid mouse restricted capsid,historical-same-route-cross-capsid-mouse-restricted-capsid; 0.03 evidence haircut applied to the PBPK-projected disclosed-dose organ AUC,https://www.ema.europa.eu/en/documents/all-authorised-presentations/glybera-epar-all-authorised-presentations_en.pdf
intramuscular,Deltoid intramuscular,php-eb,PHP.eB,liver,2800000000000000.0,40000000000000.0,876405895850674.5,glybera_im,GLYBERA (alipogene tiparvovec; historical EU authorization),34110896795336.45,1023326903860.0934,0.03892134564228034,0.00116764036926841,exceeds-conservative-contextual-upper-bound,exploratory,historical-same-route-cross-capsid-mouse-restricted-capsid,0.03,historical same route cross capsid mouse restricted capsid,historical-same-route-cross-capsid-mouse-restricted-capsid; 0.03 evidence haircut applied to the PBPK-projected disclosed-dose organ AUC,https://www.ema.europa.eu/en/documents/all-authorised-presentations/glybera-epar-all-authorised-presentations_en.pdf
intramuscular,Deltoid intramuscular,php-eb,PHP.eB,lung,2800000000000000.0,40000000000000.0,450518551721618.9,glybera_im,GLYBERA (alipogene tiparvovec; historical EU authorization),14541589921917.809,436247697657.53424,0.03227744976616022,0.0009683234929848066,exceeds-conservative-contextual-upper-bound,exploratory,historical-same-route-cross-capsid-mouse-restricted-capsid,0.03,historical same route cross capsid mouse restricted capsid,historical-same-route-cross-capsid-mouse-restricted-capsid; 0.03 evidence haircut applied to the PBPK-projected disclosed-dose organ AUC,https://www.ema.europa.eu/en/documents/all-authorised-presentations/glybera-epar-all-authorised-presentations_en.pdf
intramuscular,Deltoid intramuscular,php-eb,PHP.eB,muscle,2800000000000000.0,40000000000000.0,1.1044651981675763e+17,glybera_im,GLYBERA (alipogene tiparvovec; historical EU authorization),2624880022872136.5,78746400686164.1,0.023766072731192328,0.0007129821819357698,exceeds-conservative-contextual-upper-bound,exploratory,historical-same-route-cross-capsid-mouse-restricted-capsid,0.03,historical same route cross capsid mouse restricted capsid,historical-same-route-cross-capsid-mouse-restricted-capsid; 0.03 evidence haircut applied to the PBPK-projected disclosed-dose organ AUC,https://www.ema.europa.eu/en/documents/all-authorised-presentations/glybera-epar-all-authorised-presentations_en.pdf
intramuscular,Deltoid intramuscular,php-eb,PHP.eB,rest,2800000000000000.0,40000000000000.0,4498439299191705.0,glybera_im,GLYBERA (alipogene tiparvovec; historical EU authorization),123160725367882.78,3694821761036.4834,0.02737854557468692,0.0008213563672406076,exceeds-conservative-contextual-upper-bound,exploratory,historical-same-route-cross-capsid-mouse-restricted-capsid,0.03,historical same route cross capsid mouse restricted capsid,historical-same-route-cross-capsid-mouse-restricted-capsid; 0.03 evidence haircut applied to the PBPK-projected disclosed-dose organ AUC,https://www.ema.europa.eu/en/documents/all-authorised-presentations/glybera-epar-all-authorised-presentations_en.pdf
intramuscular,Deltoid intramuscular,php-eb,PHP.eB,spleen,2800000000000000.0,40000000000000.0,92841406340443.72,glybera_im,GLYBERA (alipogene tiparvovec; historical EU authorization),2970991506328.5347,89129745189.85603,0.03200071631222487,0.0009600214893667459,exceeds-conservative-contextual-upper-bound,exploratory,historical-same-route-cross-capsid-mouse-restricted-capsid,0.03,historical same route cross capsid mouse restricted capsid,historical-same-route-cross-capsid-mouse-restricted-capsid; 0.03 evidence haircut applied to the PBPK-projected disclosed-dose organ AUC,https://www.ema.europa.eu/en/documents/all-authorised-presentations/glybera-epar-all-authorised-presentations_en.pdf
intramuscular,Deltoid intramuscular,cap-b10,CAP-B10,brain,2800000000000000.0,40000000000000.0,19991808057337.91,glybera_im,GLYBERA (alipogene tiparvovec; historical EU authorization),359900608259.8337,10797018247.79501,0.018002404146118922,0.0005400721243835676,exceeds-conservative-contextual-upper-bound,exploratory,historical-same-route-cross-capsid-mouse-restricted-capsid,0.03,historical same route cross capsid mouse restricted capsid,historical-same-route-cross-capsid-mouse-restricted-capsid; 0.03 evidence haircut applied to the PBPK-projected disclosed-dose organ AUC,https://www.ema.europa.eu/en/documents/all-authorised-presentations/glybera-epar-all-authorised-presentations_en.pdf
intramuscular,Deltoid intramuscular,cap-b10,CAP-B10,heart,2800000000000000.0,40000000000000.0,73406357424221.64,glybera_im,GLYBERA (alipogene tiparvovec; historical EU authorization),2862959765509.973,85888792965.2992,0.03900152338256866,0.00117004570147706,exceeds-conservative-contextual-upper-bound,exploratory,historical-same-route-cross-capsid-mouse-restricted-capsid,0.03,historical same route cross capsid mouse restricted capsid,historical-same-route-cross-capsid-mouse-restricted-capsid; 0.03 evidence haircut applied to the PBPK-projected disclosed-dose organ AUC,https://www.ema.europa.eu/en/documents/all-authorised-presentations/glybera-epar-all-authorised-presentations_en.pdf
intramuscular,Deltoid intramuscular,cap-b10,CAP-B10,kidney,2800000000000000.0,40000000000000.0,110556597486949.47,glybera_im,GLYBERA (alipogene tiparvovec; historical EU authorization),4826364012968.45,144790920389.0535,0.04365514245803533,0.00130965427374106,exceeds-conservative-contextual-upper-bound,exploratory,historical-same-route-cross-capsid-mouse-restricted-capsid,0.03,historical same route cross capsid mouse restricted capsid,historical-same-route-cross-capsid-mouse-restricted-capsid; 0.03 evidence haircut applied to the PBPK-projected disclosed-dose organ AUC,https://www.ema.europa.eu/en/documents/all-authorised-presentations/glybera-epar-all-authorised-presentations_en.pdf
intramuscular,Deltoid intramuscular,cap-b10,CAP-B10,liver,2800000000000000.0,40000000000000.0,391024655790961.4,glybera_im,GLYBERA (alipogene tiparvovec; historical EU authorization),34110896795336.45,1023326903860.0934,0.08723464438920665,0.0026170393316761993,exceeds-conservative-contextual-upper-bound,exploratory,historical-same-route-cross-capsid-mouse-restricted-capsid,0.03,historical same route cross capsid mouse restricted capsid,historical-same-route-cross-capsid-mouse-restricted-capsid; 0.03 evidence haircut applied to the PBPK-projected disclosed-dose organ AUC,https://www.ema.europa.eu/en/documents/all-authorised-presentations/glybera-epar-all-authorised-presentations_en.pdf
intramuscular,Deltoid intramuscular,cap-b10,CAP-B10,lung,2800000000000000.0,40000000000000.0,391332893942507.4,glybera_im,GLYBERA (alipogene tiparvovec; historical EU authorization),14541589921917.809,436247697657.53424,0.037159130108940404,0.001114773903268212,exceeds-conservative-contextual-upper-bound,exploratory,historical-same-route-cross-capsid-mouse-restricted-capsid,0.03,historical same route cross capsid mouse restricted capsid,historical-same-route-cross-capsid-mouse-restricted-capsid; 0.03 evidence haircut applied to the PBPK-projected disclosed-dose organ AUC,https://www.ema.europa.eu/en/documents/all-authorised-presentations/glybera-epar-all-authorised-presentations_en.pdf
intramuscular,Deltoid intramuscular,cap-b10,CAP-B10,muscle,2800000000000000.0,40000000000000.0,1.1408701063300144e+17,glybera_im,GLYBERA (alipogene tiparvovec; historical EU authorization),2624880022872136.5,78746400686164.1,0.023007702702597145,0.0006902310810779144,exceeds-conservative-contextual-upper-bound,exploratory,historical-same-route-cross-capsid-mouse-restricted-capsid,0.03,historical same route cross capsid mouse restricted capsid,historical-same-route-cross-capsid-mouse-restricted-capsid; 0.03 evidence haircut applied to the PBPK-projected disclosed-dose organ AUC,https://www.ema.europa.eu/en/documents/all-authorised-presentations/glybera-epar-all-authorised-presentations_en.pdf
intramuscular,Deltoid intramuscular,cap-b10,CAP-B10,rest,2800000000000000.0,40000000000000.0,4271438519648199.0,glybera_im,GLYBERA (alipogene tiparvovec; historical EU authorization),123160725367882.78,3694821761036.4834,0.02883354748086751,0.0008650064244260253,exceeds-conservative-contextual-upper-bound,exploratory,historical-same-route-cross-capsid-mouse-restricted-capsid,0.03,historical same route cross capsid mouse restricted capsid,historical-same-route-cross-capsid-mouse-restricted-capsid; 0.03 evidence haircut applied to the PBPK-projected disclosed-dose organ AUC,https://www.ema.europa.eu/en/documents/all-authorised-presentations/glybera-epar-all-authorised-presentations_en.pdf
intramuscular,Deltoid intramuscular,cap-b10,CAP-B10,spleen,2800000000000000.0,40000000000000.0,75193117337265.83,glybera_im,GLYBERA (alipogene tiparvovec; historical EU authorization),2970991506328.5347,89129745189.85603,0.039511482054968704,0.0011853444616490608,exceeds-conservative-contextual-upper-bound,exploratory,historical-same-route-cross-capsid-mouse-restricted-capsid,0.03,historical same route cross capsid mouse restricted capsid,historical-same-route-cross-capsid-mouse-restricted-capsid; 0.03 evidence haircut applied to the PBPK-projected disclosed-dose organ AUC,https://www.ema.europa.eu/en/documents/all-authorised-presentations/glybera-epar-all-authorised-presentations_en.pdf
intramuscular,Deltoid intramuscular,lk03,AAV-LK03,brain,2800000000000000.0,40000000000000.0,1491934654078.7246,glybera_im,GLYBERA (alipogene tiparvovec; historical EU authorization),359900608259.8337,35990060825.98337,0.2412308121377298,0.02412308121377298,exceeds-conservative-contextual-upper-bound,exploratory,historical-same-route-cross-capsid,0.1,historical same route cross capsid,historical-same-route-cross-capsid; 0.1 evidence haircut applied to the PBPK-projected disclosed-dose organ AUC,https://www.ema.europa.eu/en/documents/all-authorised-presentations/glybera-epar-all-authorised-presentations_en.pdf
intramuscular,Deltoid intramuscular,lk03,AAV-LK03,heart,2800000000000000.0,40000000000000.0,47141166475792.266,glybera_im,GLYBERA (alipogene tiparvovec; historical EU authorization),2862959765509.973,286295976550.9973,0.060731627567598444,0.006073162756759844,exceeds-conservative-contextual-upper-bound,exploratory,historical-same-route-cross-capsid,0.1,historical same route cross capsid,historical-same-route-cross-capsid; 0.1 evidence haircut applied to the PBPK-projected disclosed-dose organ AUC,https://www.ema.europa.eu/en/documents/all-authorised-presentations/glybera-epar-all-authorised-presentations_en.pdf
intramuscular,Deltoid intramuscular,lk03,AAV-LK03,kidney,2800000000000000.0,40000000000000.0,110040786298360.78,glybera_im,GLYBERA (alipogene tiparvovec; historical EU authorization),4826364012968.45,482636401296.84503,0.04385977395583501,0.004385977395583501,exceeds-conservative-contextual-upper-bound,exploratory,historical-same-route-cross-capsid,0.1,historical same route cross capsid,historical-same-route-cross-capsid; 0.1 evidence haircut applied to the PBPK-projected disclosed-dose organ AUC,https://www.ema.europa.eu/en/documents/all-authorised-presentations/glybera-epar-all-authorised-presentations_en.pdf
intramuscular,Deltoid intramuscular,lk03,AAV-LK03,liver,2800000000000000.0,40000000000000.0,2437243624533502.5,glybera_im,GLYBERA (alipogene tiparvovec; historical EU authorization),34110896795336.45,3411089679533.645,0.013995686131650217,0.0013995686131650217,exceeds-conservative-contextual-upper-bound,exploratory,historical-same-route-cross-capsid,0.1,historical same route cross capsid,historical-same-route-cross-capsid; 0.1 evidence haircut applied to the PBPK-projected disclosed-dose organ AUC,https://www.ema.europa.eu/en/documents/all-authorised-presentations/glybera-epar-all-authorised-presentations_en.pdf
intramuscular,Deltoid intramuscular,lk03,AAV-LK03,lung,2800000000000000.0,40000000000000.0,308306695278451.8,glybera_im,GLYBERA (alipogene tiparvovec; historical EU authorization),14541589921917.809,1454158992191.781,0.047165988104099894,0.00471659881040999,exceeds-conservative-contextual-upper-bound,exploratory,historical-same-route-cross-capsid,0.1,historical same route cross capsid,historical-same-route-cross-capsid; 0.1 evidence haircut applied to the PBPK-projected disclosed-dose organ AUC,https://www.ema.europa.eu/en/documents/all-authorised-presentations/glybera-epar-all-authorised-presentations_en.pdf
intramuscular,Deltoid intramuscular,lk03,AAV-LK03,muscle,2800000000000000.0,40000000000000.0,1.2976943092465603e+17,glybera_im,GLYBERA (alipogene tiparvovec; historical EU authorization),2624880022872136.5,262488002287213.66,0.02022726002702546,0.002022726002702546,exceeds-conservative-contextual-upper-bound,exploratory,historical-same-route-cross-capsid,0.1,historical same route cross capsid,historical-same-route-cross-capsid; 0.1 evidence haircut applied to the PBPK-projected disclosed-dose organ AUC,https://www.ema.europa.eu/en/documents/all-authorised-presentations/glybera-epar-all-authorised-presentations_en.pdf
intramuscular,Deltoid intramuscular,lk03,AAV-LK03,rest,2800000000000000.0,40000000000000.0,2800196662829092.5,glybera_im,GLYBERA (alipogene tiparvovec; historical EU authorization),123160725367882.78,12316072536788.28,0.043982884131949194,0.0043982884131949194,exceeds-conservative-contextual-upper-bound,exploratory,historical-same-route-cross-capsid,0.1,historical same route cross capsid,historical-same-route-cross-capsid; 0.1 evidence haircut applied to the PBPK-projected disclosed-dose organ AUC,https://www.ema.europa.eu/en/documents/all-authorised-presentations/glybera-epar-all-authorised-presentations_en.pdf
intramuscular,Deltoid intramuscular,lk03,AAV-LK03,spleen,2800000000000000.0,40000000000000.0,61012376504073.88,glybera_im,GLYBERA (alipogene tiparvovec; historical EU authorization),2970991506328.5347,297099150632.85345,0.04869489891334027,0.004869489891334027,exceeds-conservative-contextual-upper-bound,exploratory,historical-same-route-cross-capsid,0.1,historical same route cross capsid,historical-same-route-cross-capsid; 0.1 evidence haircut applied to the PBPK-projected disclosed-dose organ AUC,https://www.ema.europa.eu/en/documents/all-authorised-presentations/glybera-epar-all-authorised-presentations_en.pdf
intracisternal,Intra-cisterna magna,aav2,AAV2,brain,2800000000000000.0,40000000000000.0,8229714845547246.0,itvisma_it,ITVISMA (onasemnogene abeparvovec-brve),272131222529825.8,8163936675894.774,0.033066907862192164,0.000992007235865765,exceeds-conservative-contextual-upper-bound,exploratory,clinical-closest-csf-route-cross-capsid,0.03,clinical closest csf route cross capsid,clinical-closest-csf-route-cross-capsid; 0.03 evidence haircut applied to the PBPK-projected disclosed-dose organ AUC,https://www.fda.gov/media/193168/download
intracisternal,Intra-cisterna magna,aav2,AAV2,heart,2800000000000000.0,40000000000000.0,61645845403436.3,itvisma_it,ITVISMA (onasemnogene abeparvovec-brve),7019368164803.165,210581044944.09494,0.11386603783053785,0.0034159811349161353,exceeds-conservative-contextual-upper-bound,exploratory,clinical-closest-csf-route-cross-capsid,0.03,clinical closest csf route cross capsid,clinical-closest-csf-route-cross-capsid; 0.03 evidence haircut applied to the PBPK-projected disclosed-dose organ AUC,https://www.fda.gov/media/193168/download
intracisternal,Intra-cisterna magna,aav2,AAV2,kidney,2800000000000000.0,40000000000000.0,159290906205050.53,itvisma_it,ITVISMA (onasemnogene abeparvovec-brve),11834755119680.465,355042653590.41394,0.07429648937049758,0.0022288946811149274,exceeds-conservative-contextual-upper-bound,exploratory,clinical-closest-csf-route-cross-capsid,0.03,clinical closest csf route cross capsid,clinical-closest-csf-route-cross-capsid; 0.03 evidence haircut applied to the PBPK-projected disclosed-dose organ AUC,https://www.fda.gov/media/193168/download
intracisternal,Intra-cisterna magna,aav2,AAV2,liver,2800000000000000.0,40000000000000.0,824871431611990.8,itvisma_it,ITVISMA (onasemnogene abeparvovec-brve),83774253241458.92,2513227597243.7676,0.10156037660044127,0.003046811298013238,exceeds-conservative-contextual-upper-bound,exploratory,clinical-closest-csf-route-cross-capsid,0.03,clinical closest csf route cross capsid,clinical-closest-csf-route-cross-capsid; 0.03 evidence haircut applied to the PBPK-projected disclosed-dose organ AUC,https://www.fda.gov/media/193168/download
intracisternal,Intra-cisterna magna,aav2,AAV2,lung,2800000000000000.0,40000000000000.0,737694365687204.5,itvisma_it,ITVISMA (onasemnogene abeparvovec-brve),35656383326748.37,1069691499802.4509,0.048334899906050395,0.0014500469971815118,exceeds-conservative-contextual-upper-bound,exploratory,clinical-closest-csf-route-cross-capsid,0.03,clinical closest csf route cross capsid,clinical-closest-csf-route-cross-capsid; 0.03 evidence haircut applied to the PBPK-projected disclosed-dose organ AUC,https://www.fda.gov/media/193168/download
intracisternal,Intra-cisterna magna,aav2,AAV2,muscle,2800000000000000.0,40000000000000.0,1876706769242712.5,itvisma_it,ITVISMA (onasemnogene abeparvovec-brve),244451335930545.56,7333540077916.366,0.13025547727372797,0.003907664318211839,exceeds-conservative-contextual-upper-bound,exploratory,clinical-closest-csf-route-cross-capsid,0.03,clinical closest csf route cross capsid,clinical-closest-csf-route-cross-capsid; 0.03 evidence haircut applied to the PBPK-projected disclosed-dose organ AUC,https://www.fda.gov/media/193168/download
intracisternal,Intra-cisterna magna,aav2,AAV2,rest,2800000000000000.0,40000000000000.0,3342127630224474.0,itvisma_it,ITVISMA (onasemnogene abeparvovec-brve),301949841737870.9,9058495252136.125,0.09034659209516496,0.0027103977628549487,exceeds-conservative-contextual-upper-bound,exploratory,clinical-closest-csf-route-cross-capsid,0.03,clinical closest csf route cross capsid,clinical-closest-csf-route-cross-capsid; 0.03 evidence haircut applied to the PBPK-projected disclosed-dose organ AUC,https://www.fda.gov/media/193168/download
intracisternal,Intra-cisterna magna,aav2,AAV2,spleen,2800000000000000.0,40000000000000.0,150394575451045.5,itvisma_it,ITVISMA (onasemnogene abeparvovec-brve),7289689917888.429,218690697536.65286,0.04847043117097847,0.001454112935129354,exceeds-conservative-contextual-upper-bound,exploratory,clinical-closest-csf-route-cross-capsid,0.03,clinical closest csf route cross capsid,clinical-closest-csf-route-cross-capsid; 0.03 evidence haircut applied to the PBPK-projected disclosed-dose organ AUC,https://www.fda.gov/media/193168/download
intracisternal,Intra-cisterna magna,aav5,AAV5,brain,2800000000000000.0,40000000000000.0,8192003721158554.0,itvisma_it,ITVISMA (onasemnogene abeparvovec-brve),272131222529825.8,8163936675894.774,0.0332191282856668,0.0009965738485700041,exceeds-conservative-contextual-upper-bound,exploratory,clinical-closest-csf-route-cross-capsid,0.03,clinical closest csf route cross capsid,clinical-closest-csf-route-cross-capsid; 0.03 evidence haircut applied to the PBPK-projected disclosed-dose organ AUC,https://www.fda.gov/media/193168/download
intracisternal,Intra-cisterna magna,aav5,AAV5,heart,2800000000000000.0,40000000000000.0,55451282264108.03,itvisma_it,ITVISMA (onasemnogene abeparvovec-brve),7019368164803.165,210581044944.09494,0.1265862190773286,0.0037975865723198577,exceeds-conservative-contextual-upper-bound,exploratory,clinical-closest-csf-route-cross-capsid,0.03,clinical closest csf route cross capsid,clinical-closest-csf-route-cross-capsid; 0.03 evidence haircut applied to the PBPK-projected disclosed-dose organ AUC,https://www.fda.gov/media/193168/download
intracisternal,Intra-cisterna magna,aav5,AAV5,kidney,2800000000000000.0,40000000000000.0,165239190792223.88,itvisma_it,ITVISMA (onasemnogene abeparvovec-brve),11834755119680.465,355042653590.41394,0.07162196245902583,0.002148658873770775,exceeds-conservative-contextual-upper-bound,exploratory,clinical-closest-csf-route-cross-capsid,0.03,clinical closest csf route cross capsid,clinical-closest-csf-route-cross-capsid; 0.03 evidence haircut applied to the PBPK-projected disclosed-dose organ AUC,https://www.fda.gov/media/193168/download
intracisternal,Intra-cisterna magna,aav5,AAV5,liver,2800000000000000.0,40000000000000.0,1303168106542856.0,itvisma_it,ITVISMA (onasemnogene abeparvovec-brve),83774253241458.92,2513227597243.7676,0.06428507022298272,0.0019285521066894815,exceeds-conservative-contextual-upper-bound,exploratory,clinical-closest-csf-route-cross-capsid,0.03,clinical closest csf route cross capsid,clinical-closest-csf-route-cross-capsid; 0.03 evidence haircut applied to the PBPK-projected disclosed-dose organ AUC,https://www.fda.gov/media/193168/download
intracisternal,Intra-cisterna magna,aav5,AAV5,lung,2800000000000000.0,40000000000000.0,1405878310949585.5,itvisma_it,ITVISMA (onasemnogene abeparvovec-brve),35656383326748.37,1069691499802.4509,0.02536235394560191,0.0007608706183680573,exceeds-conservative-contextual-upper-bound,exploratory,clinical-closest-csf-route-cross-capsid,0.03,clinical closest csf route cross capsid,clinical-closest-csf-route-cross-capsid; 0.03 evidence haircut applied to the PBPK-projected disclosed-dose organ AUC,https://www.fda.gov/media/193168/download
intracisternal,Intra-cisterna magna,aav5,AAV5,muscle,2800000000000000.0,40000000000000.0,1854943680835239.5,itvisma_it,ITVISMA (onasemnogene abeparvovec-brve),244451335930545.56,7333540077916.366,0.13178369696942746,0.003953510909082823,exceeds-conservative-contextual-upper-bound,exploratory,clinical-closest-csf-route-cross-capsid,0.03,clinical closest csf route cross capsid,clinical-closest-csf-route-cross-capsid; 0.03 evidence haircut applied to the PBPK-projected disclosed-dose organ AUC,https://www.fda.gov/media/193168/download
intracisternal,Intra-cisterna magna,aav5,AAV5,rest,2800000000000000.0,40000000000000.0,3999493223333367.0,itvisma_it,ITVISMA (onasemnogene abeparvovec-brve),301949841737870.9,9058495252136.125,0.07549702546719446,0.0022649107640158334,exceeds-conservative-contextual-upper-bound,exploratory,clinical-closest-csf-route-cross-capsid,0.03,clinical closest csf route cross capsid,clinical-closest-csf-route-cross-capsid; 0.03 evidence haircut applied to the PBPK-projected disclosed-dose organ AUC,https://www.fda.gov/media/193168/download
intracisternal,Intra-cisterna magna,aav5,AAV5,spleen,2800000000000000.0,40000000000000.0,155298601124648.16,itvisma_it,ITVISMA (onasemnogene abeparvovec-brve),7289689917888.429,218690697536.65286,0.04693982988319042,0.0014081948964957125,exceeds-conservative-contextual-upper-bound,exploratory,clinical-closest-csf-route-cross-capsid,0.03,clinical closest csf route cross capsid,clinical-closest-csf-route-cross-capsid; 0.03 evidence haircut applied to the PBPK-projected disclosed-dose organ AUC,https://www.fda.gov/media/193168/download
intracisternal,Intra-cisterna magna,aav8,AAV8,brain,2800000000000000.0,40000000000000.0,8270022496870248.0,itvisma_it,ITVISMA (onasemnogene abeparvovec-brve),272131222529825.8,8163936675894.774,0.03290574150588014,0.000987172245176404,exceeds-conservative-contextual-upper-bound,exploratory,clinical-closest-csf-route-cross-capsid,0.03,clinical closest csf route cross capsid,clinical-closest-csf-route-cross-capsid; 0.03 evidence haircut applied to the PBPK-projected disclosed-dose organ AUC,https://www.fda.gov/media/193168/download
intracisternal,Intra-cisterna magna,aav8,AAV8,heart,2800000000000000.0,40000000000000.0,125403778462987.47,itvisma_it,ITVISMA (onasemnogene abeparvovec-brve),7019368164803.165,210581044944.09494,0.055974136113250444,0.0016792240833975133,exceeds-conservative-contextual-upper-bound,exploratory,clinical-closest-csf-route-cross-capsid,0.03,clinical closest csf route cross capsid,clinical-closest-csf-route-cross-capsid; 0.03 evidence haircut applied to the PBPK-projected disclosed-dose organ AUC,https://www.fda.gov/media/193168/download
intracisternal,Intra-cisterna magna,aav8,AAV8,kidney,2800000000000000.0,40000000000000.0,252372626836819.38,itvisma_it,ITVISMA (onasemnogene abeparvovec-brve),11834755119680.465,355042653590.41394,0.046893972884518305,0.0014068191865355493,exceeds-conservative-contextual-upper-bound,exploratory,clinical-closest-csf-route-cross-capsid,0.03,clinical closest csf route cross capsid,clinical-closest-csf-route-cross-capsid; 0.03 evidence haircut applied to the PBPK-projected disclosed-dose organ AUC,https://www.fda.gov/media/193168/download
intracisternal,Intra-cisterna magna,aav8,AAV8,liver,2800000000000000.0,40000000000000.0,3353071321252176.0,itvisma_it,ITVISMA (onasemnogene abeparvovec-brve),83774253241458.92,2513227597243.7676,0.02498433382865657,0.0007495300148596971,exceeds-conservative-contextual-upper-bound,exploratory,clinical-closest-csf-route-cross-capsid,0.03,clinical closest csf route cross capsid,clinical-closest-csf-route-cross-capsid; 0.03 evidence haircut applied to the PBPK-projected disclosed-dose organ AUC,https://www.fda.gov/media/193168/download
intracisternal,Intra-cisterna magna,aav8,AAV8,lung,2800000000000000.0,40000000000000.0,611693121828450.0,itvisma_it,ITVISMA (onasemnogene abeparvovec-brve),35656383326748.37,1069691499802.4509,0.05829129354955905,0.0017487388064867714,exceeds-conservative-contextual-upper-bound,exploratory,clinical-closest-csf-route-cross-capsid,0.03,clinical closest csf route cross capsid,clinical-closest-csf-route-cross-capsid; 0.03 evidence haircut applied to the PBPK-projected disclosed-dose organ AUC,https://www.fda.gov/media/193168/download
intracisternal,Intra-cisterna magna,aav8,AAV8,muscle,2800000000000000.0,40000000000000.0,5404159753657879.0,itvisma_it,ITVISMA (onasemnogene abeparvovec-brve),244451335930545.56,7333540077916.366,0.04523392110403201,0.0013570176331209602,exceeds-conservative-contextual-upper-bound,exploratory,clinical-closest-csf-route-cross-capsid,0.03,clinical closest csf route cross capsid,clinical-closest-csf-route-cross-capsid; 0.03 evidence haircut applied to the PBPK-projected disclosed-dose organ AUC,https://www.fda.gov/media/193168/download
intracisternal,Intra-cisterna magna,aav8,AAV8,rest,2800000000000000.0,40000000000000.0,6421452497337160.0,itvisma_it,ITVISMA (onasemnogene abeparvovec-brve),301949841737870.9,9058495252136.125,0.047022047093408084,0.0014106614128022424,exceeds-conservative-contextual-upper-bound,exploratory,clinical-closest-csf-route-cross-capsid,0.03,clinical closest csf route cross capsid,clinical-closest-csf-route-cross-capsid; 0.03 evidence haircut applied to the PBPK-projected disclosed-dose organ AUC,https://www.fda.gov/media/193168/download
intracisternal,Intra-cisterna magna,aav8,AAV8,spleen,2800000000000000.0,40000000000000.0,137048417483837.47,itvisma_it,ITVISMA (onasemnogene abeparvovec-brve),7289689917888.429,218690697536.65286,0.05319061724115219,0.0015957185172345658,exceeds-conservative-contextual-upper-bound,exploratory,clinical-closest-csf-route-cross-capsid,0.03,clinical closest csf route cross capsid,clinical-closest-csf-route-cross-capsid; 0.03 evidence haircut applied to the PBPK-projected disclosed-dose organ AUC,https://www.fda.gov/media/193168/download
intracisternal,Intra-cisterna magna,aav9,AAV9,brain,2800000000000000.0,40000000000000.0,7408742939283354.0,itvisma_it,ITVISMA (onasemnogene abeparvovec-brve),272131222529825.8,27213122252982.582,0.03673109254296101,0.0036731092542961006,exceeds-conservative-contextual-upper-bound,exploratory,clinical-closest-csf-route,0.1,clinical closest csf route,clinical-closest-csf-route; 0.1 evidence haircut applied to the PBPK-projected disclosed-dose organ AUC,https://www.fda.gov/media/193168/download
intracisternal,Intra-cisterna magna,aav9,AAV9,heart,2800000000000000.0,40000000000000.0,162865832718134.7,itvisma_it,ITVISMA (onasemnogene abeparvovec-brve),7019368164803.165,701936816480.3165,0.04309908375289065,0.004309908375289065,exceeds-conservative-contextual-upper-bound,exploratory,clinical-closest-csf-route,0.1,clinical closest csf route,clinical-closest-csf-route; 0.1 evidence haircut applied to the PBPK-projected disclosed-dose organ AUC,https://www.fda.gov/media/193168/download
intracisternal,Intra-cisterna magna,aav9,AAV9,kidney,2800000000000000.0,40000000000000.0,275010673907899.7,itvisma_it,ITVISMA (onasemnogene abeparvovec-brve),11834755119680.465,1183475511968.0466,0.043033802839390484,0.004303380283939049,exceeds-conservative-contextual-upper-bound,exploratory,clinical-closest-csf-route,0.1,clinical closest csf route,clinical-closest-csf-route; 0.1 evidence haircut applied to the PBPK-projected disclosed-dose organ AUC,https://www.fda.gov/media/193168/download
intracisternal,Intra-cisterna magna,aav9,AAV9,liver,2800000000000000.0,40000000000000.0,1973782013301380.5,itvisma_it,ITVISMA (onasemnogene abeparvovec-brve),83774253241458.92,8377425324145.893,0.04244351842143739,0.004244351842143739,exceeds-conservative-contextual-upper-bound,exploratory,clinical-closest-csf-route,0.1,clinical closest csf route,clinical-closest-csf-route; 0.1 evidence haircut applied to the PBPK-projected disclosed-dose organ AUC,https://www.fda.gov/media/193168/download
intracisternal,Intra-cisterna magna,aav9,AAV9,lung,2800000000000000.0,40000000000000.0,828108337284527.9,itvisma_it,ITVISMA (onasemnogene abeparvovec-brve),35656383326748.37,3565638332674.837,0.043057631135160604,0.004305763113516061,exceeds-conservative-contextual-upper-bound,exploratory,clinical-closest-csf-route,0.1,clinical closest csf route,clinical-closest-csf-route; 0.1 evidence haircut applied to the PBPK-projected disclosed-dose organ AUC,https://www.fda.gov/media/193168/download
intracisternal,Intra-cisterna magna,aav9,AAV9,muscle,2800000000000000.0,40000000000000.0,5668543646446984.0,itvisma_it,ITVISMA (onasemnogene abeparvovec-brve),244451335930545.56,24445133593054.56,0.043124186947694494,0.00431241869476945,exceeds-conservative-contextual-upper-bound,exploratory,clinical-closest-csf-route,0.1,clinical closest csf route,clinical-closest-csf-route; 0.1 evidence haircut applied to the PBPK-projected disclosed-dose organ AUC,https://www.fda.gov/media/193168/download
intracisternal,Intra-cisterna magna,aav9,AAV9,rest,2800000000000000.0,40000000000000.0,6998931249121218.0,itvisma_it,ITVISMA (onasemnogene abeparvovec-brve),301949841737870.9,30194984173787.09,0.04314227858371712,0.004314227858371713,exceeds-conservative-contextual-upper-bound,exploratory,clinical-closest-csf-route,0.1,clinical closest csf route,clinical-closest-csf-route; 0.1 evidence haircut applied to the PBPK-projected disclosed-dose organ AUC,https://www.fda.gov/media/193168/download
intracisternal,Intra-cisterna magna,aav9,AAV9,spleen,2800000000000000.0,40000000000000.0,170588761109760.53,itvisma_it,ITVISMA (onasemnogene abeparvovec-brve),7289689917888.429,728968991788.8429,0.042732533318523155,0.004273253331852316,exceeds-conservative-contextual-upper-bound,exploratory,clinical-closest-csf-route,0.1,clinical closest csf route,clinical-closest-csf-route; 0.1 evidence haircut applied to the PBPK-projected disclosed-dose organ AUC,https://www.fda.gov/media/193168/download
intracisternal,Intra-cisterna magna,aavrh10,AAVrh.10,brain,2800000000000000.0,40000000000000.0,7129110101525672.0,itvisma_it,ITVISMA (onasemnogene abeparvovec-brve),272131222529825.8,8163936675894.774,0.03817183612742748,0.0011451550838228242,exceeds-conservative-contextual-upper-bound,exploratory,clinical-closest-csf-route-cross-capsid,0.03,clinical closest csf route cross capsid,clinical-closest-csf-route-cross-capsid; 0.03 evidence haircut applied to the PBPK-projected disclosed-dose organ AUC,https://www.fda.gov/media/193168/download
intracisternal,Intra-cisterna magna,aavrh10,AAVrh.10,heart,2800000000000000.0,40000000000000.0,170016321200954.06,itvisma_it,ITVISMA (onasemnogene abeparvovec-brve),7019368164803.165,210581044944.09494,0.04128643717979574,0.0012385931153938723,exceeds-conservative-contextual-upper-bound,exploratory,clinical-closest-csf-route-cross-capsid,0.03,clinical closest csf route cross capsid,clinical-closest-csf-route-cross-capsid; 0.03 evidence haircut applied to the PBPK-projected disclosed-dose organ AUC,https://www.fda.gov/media/193168/download
intracisternal,Intra-cisterna magna,aavrh10,AAVrh.10,kidney,2800000000000000.0,40000000000000.0,225622083660801.0,itvisma_it,ITVISMA (onasemnogene abeparvovec-brve),11834755119680.465,355042653590.41394,0.05245388628478749,0.0015736165885436245,exceeds-conservative-contextual-upper-bound,exploratory,clinical-closest-csf-route-cross-capsid,0.03,clinical closest csf route cross capsid,clinical-closest-csf-route-cross-capsid; 0.03 evidence haircut applied to the PBPK-projected disclosed-dose organ AUC,https://www.fda.gov/media/193168/download
intracisternal,Intra-cisterna magna,aavrh10,AAVrh.10,liver,2800000000000000.0,40000000000000.0,1722533183051529.0,itvisma_it,ITVISMA (onasemnogene abeparvovec-brve),83774253241458.92,2513227597243.7676,0.048634333472200426,0.0014590300041660129,exceeds-conservative-contextual-upper-bound,exploratory,clinical-closest-csf-route-cross-capsid,0.03,clinical closest csf route cross capsid,clinical-closest-csf-route-cross-capsid; 0.03 evidence haircut applied to the PBPK-projected disclosed-dose organ AUC,https://www.fda.gov/media/193168/download
intracisternal,Intra-cisterna magna,aavrh10,AAVrh.10,lung,2800000000000000.0,40000000000000.0,776929068555164.0,itvisma_it,ITVISMA (onasemnogene abeparvovec-brve),35656383326748.37,1069691499802.4509,0.0458940008423905,0.001376820025271715,exceeds-conservative-contextual-upper-bound,exploratory,clinical-closest-csf-route-cross-capsid,0.03,clinical closest csf route cross capsid,clinical-closest-csf-route-cross-capsid; 0.03 evidence haircut applied to the PBPK-projected disclosed-dose organ AUC,https://www.fda.gov/media/193168/download
intracisternal,Intra-cisterna magna,aavrh10,AAVrh.10,muscle,2800000000000000.0,40000000000000.0,5502686884534684.0,itvisma_it,ITVISMA (onasemnogene abeparvovec-brve),244451335930545.56,7333540077916.366,0.044423995233597004,0.0013327198570079102,exceeds-conservative-contextual-upper-bound,exploratory,clinical-closest-csf-route-cross-capsid,0.03,clinical closest csf route cross capsid,clinical-closest-csf-route-cross-capsid; 0.03 evidence haircut applied to the PBPK-projected disclosed-dose organ AUC,https://www.fda.gov/media/193168/download
intracisternal,Intra-cisterna magna,aavrh10,AAVrh.10,rest,2800000000000000.0,40000000000000.0,6793896088574368.0,itvisma_it,ITVISMA (onasemnogene abeparvovec-brve),301949841737870.9,9058495252136.125,0.04444428319203688,0.0013333284957611062,exceeds-conservative-contextual-upper-bound,exploratory,clinical-closest-csf-route-cross-capsid,0.03,clinical closest csf route cross capsid,clinical-closest-csf-route-cross-capsid; 0.03 evidence haircut applied to the PBPK-projected disclosed-dose organ AUC,https://www.fda.gov/media/193168/download
intracisternal,Intra-cisterna magna,aavrh10,AAVrh.10,spleen,2800000000000000.0,40000000000000.0,143610600416315.84,itvisma_it,ITVISMA (onasemnogene abeparvovec-brve),7289689917888.429,218690697536.65286,0.050760110303530455,0.0015228033091059137,exceeds-conservative-contextual-upper-bound,exploratory,clinical-closest-csf-route-cross-capsid,0.03,clinical closest csf route cross capsid,clinical-closest-csf-route-cross-capsid; 0.03 evidence haircut applied to the PBPK-projected disclosed-dose organ AUC,https://www.fda.gov/media/193168/download
intracisternal,Intra-cisterna magna,php-eb,PHP.eB,brain,2800000000000000.0,40000000000000.0,7408841568583898.0,itvisma_it,ITVISMA (onasemnogene abeparvovec-brve),272131222529825.8,2449181002768.432,0.03673060356476756,0.000330575432082908,exceeds-conservative-contextual-upper-bound,exploratory,clinical-closest-csf-route-cross-capsid-mouse-restricted-capsid,0.009,clinical closest csf route cross capsid mouse restricted capsid,clinical-closest-csf-route-cross-capsid-mouse-restricted-capsid; 0.009 evidence haircut applied to the PBPK-projected disclosed-dose organ AUC,https://www.fda.gov/media/193168/download
intracisternal,Intra-cisterna magna,php-eb,PHP.eB,heart,2800000000000000.0,40000000000000.0,128454208782156.53,itvisma_it,ITVISMA (onasemnogene abeparvovec-brve),7019368164803.165,63174313483.22848,0.054644906004654166,0.0004918041540418874,exceeds-conservative-contextual-upper-bound,exploratory,clinical-closest-csf-route-cross-capsid-mouse-restricted-capsid,0.009,clinical closest csf route cross capsid mouse restricted capsid,clinical-closest-csf-route-cross-capsid-mouse-restricted-capsid; 0.009 evidence haircut applied to the PBPK-projected disclosed-dose organ AUC,https://www.fda.gov/media/193168/download
intracisternal,Intra-cisterna magna,php-eb,PHP.eB,kidney,2800000000000000.0,40000000000000.0,204638460306241.2,itvisma_it,ITVISMA (onasemnogene abeparvovec-brve),11834755119680.465,106512796077.12418,0.05783250666551033,0.0005204925599895929,exceeds-conservative-contextual-upper-bound,exploratory,clinical-closest-csf-route-cross-capsid-mouse-restricted-capsid,0.009,clinical closest csf route cross capsid mouse restricted capsid,clinical-closest-csf-route-cross-capsid-mouse-restricted-capsid; 0.009 evidence haircut applied to the PBPK-projected disclosed-dose organ AUC,https://www.fda.gov/media/193168/download
intracisternal,Intra-cisterna magna,php-eb,PHP.eB,liver,2800000000000000.0,40000000000000.0,1289590833325713.5,itvisma_it,ITVISMA (onasemnogene abeparvovec-brve),83774253241458.92,753968279173.1302,0.06496188641897702,0.0005846569777707931,exceeds-conservative-contextual-upper-bound,exploratory,clinical-closest-csf-route-cross-capsid-mouse-restricted-capsid,0.009,clinical closest csf route cross capsid mouse restricted capsid,clinical-closest-csf-route-cross-capsid-mouse-restricted-capsid; 0.009 evidence haircut applied to the PBPK-projected disclosed-dose organ AUC,https://www.fda.gov/media/193168/download
intracisternal,Intra-cisterna magna,php-eb,PHP.eB,lung,2800000000000000.0,40000000000000.0,659289224258268.5,itvisma_it,ITVISMA (onasemnogene abeparvovec-brve),35656383326748.37,320907449940.7353,0.05408306705886704,0.0004867476035298034,exceeds-conservative-contextual-upper-bound,exploratory,clinical-closest-csf-route-cross-capsid-mouse-restricted-capsid,0.009,clinical closest csf route cross capsid mouse restricted capsid,clinical-closest-csf-route-cross-capsid-mouse-restricted-capsid; 0.009 evidence haircut applied to the PBPK-projected disclosed-dose organ AUC,https://www.fda.gov/media/193168/download
intracisternal,Intra-cisterna magna,php-eb,PHP.eB,muscle,2800000000000000.0,40000000000000.0,4985398229172044.0,itvisma_it,ITVISMA (onasemnogene abeparvovec-brve),244451335930545.56,2200062023374.9097,0.04903346226187895,0.0004413011603569105,exceeds-conservative-contextual-upper-bound,exploratory,clinical-closest-csf-route-cross-capsid-mouse-restricted-capsid,0.009,clinical closest csf route cross capsid mouse restricted capsid,clinical-closest-csf-route-cross-capsid-mouse-restricted-capsid; 0.009 evidence haircut applied to the PBPK-projected disclosed-dose organ AUC,https://www.fda.gov/media/193168/download
intracisternal,Intra-cisterna magna,php-eb,PHP.eB,rest,2800000000000000.0,40000000000000.0,6577491207378222.0,itvisma_it,ITVISMA (onasemnogene abeparvovec-brve),301949841737870.9,2717548575640.838,0.045906536735337976,0.0004131588306180418,exceeds-conservative-contextual-upper-bound,exploratory,clinical-closest-csf-route-cross-capsid-mouse-restricted-capsid,0.009,clinical closest csf route cross capsid mouse restricted capsid,clinical-closest-csf-route-cross-capsid-mouse-restricted-capsid; 0.009 evidence haircut applied to the PBPK-projected disclosed-dose organ AUC,https://www.fda.gov/media/193168/download
intracisternal,Intra-cisterna magna,php-eb,PHP.eB,spleen,2800000000000000.0,40000000000000.0,136279035020552.53,itvisma_it,ITVISMA (onasemnogene abeparvovec-brve),7289689917888.429,65607209260.99586,0.05349091235338623,0.0004814182111804761,exceeds-conservative-contextual-upper-bound,exploratory,clinical-closest-csf-route-cross-capsid-mouse-restricted-capsid,0.009,clinical closest csf route cross capsid mouse restricted capsid,clinical-closest-csf-route-cross-capsid-mouse-restricted-capsid; 0.009 evidence haircut applied to the PBPK-projected disclosed-dose organ AUC,https://www.fda.gov/media/193168/download
intracisternal,Intra-cisterna magna,cap-b10,CAP-B10,brain,2800000000000000.0,40000000000000.0,7151755318601604.0,itvisma_it,ITVISMA (onasemnogene abeparvovec-brve),272131222529825.8,2449181002768.432,0.03805096936440439,0.0003424587242796395,exceeds-conservative-contextual-upper-bound,exploratory,clinical-closest-csf-route-cross-capsid-mouse-restricted-capsid,0.009,clinical closest csf route cross capsid mouse restricted capsid,clinical-closest-csf-route-cross-capsid-mouse-restricted-capsid; 0.009 evidence haircut applied to the PBPK-projected disclosed-dose organ AUC,https://www.fda.gov/media/193168/download
intracisternal,Intra-cisterna magna,cap-b10,CAP-B10,heart,2800000000000000.0,40000000000000.0,109783863777773.5,itvisma_it,ITVISMA (onasemnogene abeparvovec-brve),7019368164803.165,63174313483.22848,0.06393806815737418,0.0005754426134163676,exceeds-conservative-contextual-upper-bound,exploratory,clinical-closest-csf-route-cross-capsid-mouse-restricted-capsid,0.009,clinical closest csf route cross capsid mouse restricted capsid,clinical-closest-csf-route-cross-capsid-mouse-restricted-capsid; 0.009 evidence haircut applied to the PBPK-projected disclosed-dose organ AUC,https://www.fda.gov/media/193168/download
intracisternal,Intra-cisterna magna,cap-b10,CAP-B10,kidney,2800000000000000.0,40000000000000.0,165451154541574.94,itvisma_it,ITVISMA (onasemnogene abeparvovec-brve),11834755119680.465,106512796077.12418,0.07153020571220373,0.0006437718514098335,exceeds-conservative-contextual-upper-bound,exploratory,clinical-closest-csf-route-cross-capsid-mouse-restricted-capsid,0.009,clinical closest csf route cross capsid mouse restricted capsid,clinical-closest-csf-route-cross-capsid-mouse-restricted-capsid; 0.009 evidence haircut applied to the PBPK-projected disclosed-dose organ AUC,https://www.fda.gov/media/193168/download
intracisternal,Intra-cisterna magna,cap-b10,CAP-B10,liver,2800000000000000.0,40000000000000.0,588049324479788.8,itvisma_it,ITVISMA (onasemnogene abeparvovec-brve),83774253241458.92,753968279173.1302,0.14246126941063808,0.0012821514246957428,exceeds-conservative-contextual-upper-bound,exploratory,clinical-closest-csf-route-cross-capsid-mouse-restricted-capsid,0.009,clinical closest csf route cross capsid mouse restricted capsid,clinical-closest-csf-route-cross-capsid-mouse-restricted-capsid; 0.009 evidence haircut applied to the PBPK-projected disclosed-dose organ AUC,https://www.fda.gov/media/193168/download
intracisternal,Intra-cisterna magna,cap-b10,CAP-B10,lung,2800000000000000.0,40000000000000.0,585539009415400.2,itvisma_it,ITVISMA (onasemnogene abeparvovec-brve),35656383326748.37,320907449940.7353,0.06089497497758101,0.000548054774798229,exceeds-conservative-contextual-upper-bound,exploratory,clinical-closest-csf-route-cross-capsid-mouse-restricted-capsid,0.009,clinical closest csf route cross capsid mouse restricted capsid,clinical-closest-csf-route-cross-capsid-mouse-restricted-capsid; 0.009 evidence haircut applied to the PBPK-projected disclosed-dose organ AUC,https://www.fda.gov/media/193168/download
intracisternal,Intra-cisterna magna,cap-b10,CAP-B10,muscle,2800000000000000.0,40000000000000.0,4590162919695256.0,itvisma_it,ITVISMA (onasemnogene abeparvovec-brve),244451335930545.56,2200062023374.9097,0.053255481386437334,0.00047929933247793595,exceeds-conservative-contextual-upper-bound,exploratory,clinical-closest-csf-route-cross-capsid-mouse-restricted-capsid,0.009,clinical closest csf route cross capsid mouse restricted capsid,clinical-closest-csf-route-cross-capsid-mouse-restricted-capsid; 0.009 evidence haircut applied to the PBPK-projected disclosed-dose organ AUC,https://www.fda.gov/media/193168/download
intracisternal,Intra-cisterna magna,cap-b10,CAP-B10,rest,2800000000000000.0,40000000000000.0,6385504319233742.0,itvisma_it,ITVISMA (onasemnogene abeparvovec-brve),301949841737870.9,2717548575640.838,0.0472867649354444,0.0004255808844189996,exceeds-conservative-contextual-upper-bound,exploratory,clinical-closest-csf-route-cross-capsid-mouse-restricted-capsid,0.009,clinical closest csf route cross capsid mouse restricted capsid,clinical-closest-csf-route-cross-capsid-mouse-restricted-capsid; 0.009 evidence haircut applied to the PBPK-projected disclosed-dose organ AUC,https://www.fda.gov/media/193168/download
intracisternal,Intra-cisterna magna,cap-b10,CAP-B10,spleen,2800000000000000.0,40000000000000.0,112868019408355.31,itvisma_it,ITVISMA (onasemnogene abeparvovec-brve),7289689917888.429,65607209260.99586,0.06458596470550623,0.0005812736823495561,exceeds-conservative-contextual-upper-bound,exploratory,clinical-closest-csf-route-cross-capsid-mouse-restricted-capsid,0.009,clinical closest csf route cross capsid mouse restricted capsid,clinical-closest-csf-route-cross-capsid-mouse-restricted-capsid; 0.009 evidence haircut applied to the PBPK-projected disclosed-dose organ AUC,https://www.fda.gov/media/193168/download
intracisternal,Intra-cisterna magna,lk03,AAV-LK03,brain,2800000000000000.0,40000000000000.0,8363010049654485.0,itvisma_it,ITVISMA (onasemnogene abeparvovec-brve),272131222529825.8,8163936675894.774,0.032539865540526146,0.0009761959662157844,exceeds-conservative-contextual-upper-bound,exploratory,clinical-closest-csf-route-cross-capsid,0.03,clinical closest csf route cross capsid,clinical-closest-csf-route-cross-capsid; 0.03 evidence haircut applied to the PBPK-projected disclosed-dose organ AUC,https://www.fda.gov/media/193168/download
intracisternal,Intra-cisterna magna,lk03,AAV-LK03,heart,2800000000000000.0,40000000000000.0,76627987815646.58,itvisma_it,ITVISMA (onasemnogene abeparvovec-brve),7019368164803.165,210581044944.09494,0.09160319049079726,0.0027480957147239175,exceeds-conservative-contextual-upper-bound,exploratory,clinical-closest-csf-route-cross-capsid,0.03,clinical closest csf route cross capsid,clinical-closest-csf-route-cross-capsid; 0.03 evidence haircut applied to the PBPK-projected disclosed-dose organ AUC,https://www.fda.gov/media/193168/download
intracisternal,Intra-cisterna magna,lk03,AAV-LK03,kidney,2800000000000000.0,40000000000000.0,179020465897790.03,itvisma_it,ITVISMA (onasemnogene abeparvovec-brve),11834755119680.465,355042653590.41394,0.0661083919111092,0.0019832517573332765,exceeds-conservative-contextual-upper-bound,exploratory,clinical-closest-csf-route-cross-capsid,0.03,clinical closest csf route cross capsid,clinical-closest-csf-route-cross-capsid; 0.03 evidence haircut applied to the PBPK-projected disclosed-dose organ AUC,https://www.fda.gov/media/193168/download
intracisternal,Intra-cisterna magna,lk03,AAV-LK03,liver,2800000000000000.0,40000000000000.0,3978836821749591.0,itvisma_it,ITVISMA (onasemnogene abeparvovec-brve),83774253241458.92,2513227597243.7676,0.021054960782387992,0.0006316488234716398,exceeds-conservative-contextual-upper-bound,exploratory,clinical-closest-csf-route-cross-capsid,0.03,clinical closest csf route cross capsid,clinical-closest-csf-route-cross-capsid; 0.03 evidence haircut applied to the PBPK-projected disclosed-dose organ AUC,https://www.fda.gov/media/193168/download
intracisternal,Intra-cisterna magna,lk03,AAV-LK03,lung,2800000000000000.0,40000000000000.0,501457549509362.25,itvisma_it,ITVISMA (onasemnogene abeparvovec-brve),35656383326748.37,1069691499802.4509,0.07110548711777379,0.0021331646135332133,exceeds-conservative-contextual-upper-bound,exploratory,clinical-closest-csf-route-cross-capsid,0.03,clinical closest csf route cross capsid,clinical-closest-csf-route-cross-capsid; 0.03 evidence haircut applied to the PBPK-projected disclosed-dose organ AUC,https://www.fda.gov/media/193168/download
intracisternal,Intra-cisterna magna,lk03,AAV-LK03,muscle,2800000000000000.0,40000000000000.0,3008817703453319.0,itvisma_it,ITVISMA (onasemnogene abeparvovec-brve),244451335930545.56,7333540077916.366,0.08124498059486314,0.002437349417845894,exceeds-conservative-contextual-upper-bound,exploratory,clinical-closest-csf-route-cross-capsid,0.03,clinical closest csf route cross capsid,clinical-closest-csf-route-cross-capsid; 0.03 evidence haircut applied to the PBPK-projected disclosed-dose organ AUC,https://www.fda.gov/media/193168/download
intracisternal,Intra-cisterna magna,lk03,AAV-LK03,rest,2800000000000000.0,40000000000000.0,4549863117774670.0,itvisma_it,ITVISMA (onasemnogene abeparvovec-brve),301949841737870.9,9058495252136.125,0.0663645990927204,0.0019909379727816117,exceeds-conservative-contextual-upper-bound,exploratory,clinical-closest-csf-route-cross-capsid,0.03,clinical closest csf route cross capsid,clinical-closest-csf-route-cross-capsid; 0.03 evidence haircut applied to the PBPK-projected disclosed-dose organ AUC,https://www.fda.gov/media/193168/download
intracisternal,Intra-cisterna magna,lk03,AAV-LK03,spleen,2800000000000000.0,40000000000000.0,99589670910818.44,itvisma_it,ITVISMA (onasemnogene abeparvovec-brve),7289689917888.429,218690697536.65286,0.07319724878312203,0.002195917463493661,exceeds-conservative-contextual-upper-bound,exploratory,clinical-closest-csf-route-cross-capsid,0.03,clinical closest csf route cross capsid,clinical-closest-csf-route-cross-capsid; 0.03 evidence haircut applied to the PBPK-projected disclosed-dose organ AUC,https://www.fda.gov/media/193168/download
intracerebroventricular,Intracerebroventricular,aav2,AAV2,brain,2800000000000000.0,40000000000000.0,6029891948456726.0,itvisma_it,ITVISMA (onasemnogene abeparvovec-brve),272131222529825.8,8163936675894.774,0.04513036466589991,0.0013539109399769973,exceeds-conservative-contextual-upper-bound,exploratory,clinical-closest-csf-route-cross-capsid,0.03,clinical closest csf route cross capsid,clinical-closest-csf-route-cross-capsid; 0.03 evidence haircut applied to the PBPK-projected disclosed-dose organ AUC,https://www.fda.gov/media/193168/download
intracerebroventricular,Intracerebroventricular,aav2,AAV2,heart,2800000000000000.0,40000000000000.0,62575483925870.86,itvisma_it,ITVISMA (onasemnogene abeparvovec-brve),7019368164803.165,210581044944.09494,0.11217441279588916,0.003365232383876675,exceeds-conservative-contextual-upper-bound,exploratory,clinical-closest-csf-route-cross-capsid,0.03,clinical closest csf route cross capsid,clinical-closest-csf-route-cross-capsid; 0.03 evidence haircut applied to the PBPK-projected disclosed-dose organ AUC,https://www.fda.gov/media/193168/download
intracerebroventricular,Intracerebroventricular,aav2,AAV2,kidney,2800000000000000.0,40000000000000.0,161696630451486.12,itvisma_it,ITVISMA (onasemnogene abeparvovec-brve),11834755119680.465,355042653590.41394,0.0731911053844208,0.0021957331615326237,exceeds-conservative-contextual-upper-bound,exploratory,clinical-closest-csf-route-cross-capsid,0.03,clinical closest csf route cross capsid,clinical-closest-csf-route-cross-capsid; 0.03 evidence haircut applied to the PBPK-projected disclosed-dose organ AUC,https://www.fda.gov/media/193168/download
intracerebroventricular,Intracerebroventricular,aav2,AAV2,liver,2800000000000000.0,40000000000000.0,837465869962409.9,itvisma_it,ITVISMA (onasemnogene abeparvovec-brve),83774253241458.92,2513227597243.7676,0.10003303566892723,0.0030009910700678167,exceeds-conservative-contextual-upper-bound,exploratory,clinical-closest-csf-route-cross-capsid,0.03,clinical closest csf route cross capsid,clinical-closest-csf-route-cross-capsid; 0.03 evidence haircut applied to the PBPK-projected disclosed-dose organ AUC,https://www.fda.gov/media/193168/download
intracerebroventricular,Intracerebroventricular,aav2,AAV2,lung,2800000000000000.0,40000000000000.0,748828700579321.8,itvisma_it,ITVISMA (onasemnogene abeparvovec-brve),35656383326748.37,1069691499802.4509,0.04761620821846607,0.001428486246553982,exceeds-conservative-contextual-upper-bound,exploratory,clinical-closest-csf-route-cross-capsid,0.03,clinical closest csf route cross capsid,clinical-closest-csf-route-cross-capsid; 0.03 evidence haircut applied to the PBPK-projected disclosed-dose organ AUC,https://www.fda.gov/media/193168/download
intracerebroventricular,Intracerebroventricular,aav2,AAV2,muscle,2800000000000000.0,40000000000000.0,1904992680960783.0,itvisma_it,ITVISMA (onasemnogene abeparvovec-brve),244451335930545.56,7333540077916.366,0.12832140426243346,0.0038496421278730033,exceeds-conservative-contextual-upper-bound,exploratory,clinical-closest-csf-route-cross-capsid,0.03,clinical closest csf route cross capsid,clinical-closest-csf-route-cross-capsid; 0.03 evidence haircut applied to the PBPK-projected disclosed-dose organ AUC,https://www.fda.gov/media/193168/download
intracerebroventricular,Intracerebroventricular,aav2,AAV2,rest,2800000000000000.0,40000000000000.0,3392489426426560.0,itvisma_it,ITVISMA (onasemnogene abeparvovec-brve),301949841737870.9,9058495252136.125,0.08900538919466178,0.002670161675839853,exceeds-conservative-contextual-upper-bound,exploratory,clinical-closest-csf-route-cross-capsid,0.03,clinical closest csf route cross capsid,clinical-closest-csf-route-cross-capsid; 0.03 evidence haircut applied to the PBPK-projected disclosed-dose organ AUC,https://www.fda.gov/media/193168/download
intracerebroventricular,Intracerebroventricular,aav2,AAV2,spleen,2800000000000000.0,40000000000000.0,152678123571091.03,itvisma_it,ITVISMA (onasemnogene abeparvovec-brve),7289689917888.429,218690697536.65286,0.04774547752739543,0.0014323643258218628,exceeds-conservative-contextual-upper-bound,exploratory,clinical-closest-csf-route-cross-capsid,0.03,clinical closest csf route cross capsid,clinical-closest-csf-route-cross-capsid; 0.03 evidence haircut applied to the PBPK-projected disclosed-dose organ AUC,https://www.fda.gov/media/193168/download
intracerebroventricular,Intracerebroventricular,aav5,AAV5,brain,2800000000000000.0,40000000000000.0,5996314815741942.0,itvisma_it,ITVISMA (onasemnogene abeparvovec-brve),272131222529825.8,8163936675894.774,0.04538307792236125,0.0013614923376708376,exceeds-conservative-contextual-upper-bound,exploratory,clinical-closest-csf-route-cross-capsid,0.03,clinical closest csf route cross capsid,clinical-closest-csf-route-cross-capsid; 0.03 evidence haircut applied to the PBPK-projected disclosed-dose organ AUC,https://www.fda.gov/media/193168/download
intracerebroventricular,Intracerebroventricular,aav5,AAV5,heart,2800000000000000.0,40000000000000.0,56285826435549.016,itvisma_it,ITVISMA (onasemnogene abeparvovec-brve),7019368164803.165,210581044944.09494,0.1247093381997474,0.0037412801459924218,exceeds-conservative-contextual-upper-bound,exploratory,clinical-closest-csf-route-cross-capsid,0.03,clinical closest csf route cross capsid,clinical-closest-csf-route-cross-capsid; 0.03 evidence haircut applied to the PBPK-projected disclosed-dose organ AUC,https://www.fda.gov/media/193168/download
intracerebroventricular,Intracerebroventricular,aav5,AAV5,kidney,2800000000000000.0,40000000000000.0,167729824545725.9,itvisma_it,ITVISMA (onasemnogene abeparvovec-brve),11834755119680.465,355042653590.41394,0.07055844213593698,0.0021167532640781095,exceeds-conservative-contextual-upper-bound,exploratory,clinical-closest-csf-route-cross-capsid,0.03,clinical closest csf route cross capsid,clinical-closest-csf-route-cross-capsid; 0.03 evidence haircut applied to the PBPK-projected disclosed-dose organ AUC,https://www.fda.gov/media/193168/download
intracerebroventricular,Intracerebroventricular,aav5,AAV5,liver,2800000000000000.0,40000000000000.0,1323010584579777.2,itvisma_it,ITVISMA (onasemnogene abeparvovec-brve),83774253241458.92,2513227597243.7676,0.06332092442636642,0.0018996277327909923,exceeds-conservative-contextual-upper-bound,exploratory,clinical-closest-csf-route-cross-capsid,0.03,clinical closest csf route cross capsid,clinical-closest-csf-route-cross-capsid; 0.03 evidence haircut applied to the PBPK-projected disclosed-dose organ AUC,https://www.fda.gov/media/193168/download
intracerebroventricular,Intracerebroventricular,aav5,AAV5,lung,2800000000000000.0,40000000000000.0,1427044720424711.5,itvisma_it,ITVISMA (onasemnogene abeparvovec-brve),35656383326748.37,1069691499802.4509,0.0249861709422368,0.000749585128267104,exceeds-conservative-contextual-upper-bound,exploratory,clinical-closest-csf-route-cross-capsid,0.03,clinical closest csf route cross capsid,clinical-closest-csf-route-cross-capsid; 0.03 evidence haircut applied to the PBPK-projected disclosed-dose organ AUC,https://www.fda.gov/media/193168/download
intracerebroventricular,Intracerebroventricular,aav5,AAV5,muscle,2800000000000000.0,40000000000000.0,1882846773068309.5,itvisma_it,ITVISMA (onasemnogene abeparvovec-brve),244451335930545.56,7333540077916.366,0.12983071136064075,0.003894921340819222,exceeds-conservative-contextual-upper-bound,exploratory,clinical-closest-csf-route-cross-capsid,0.03,clinical closest csf route cross capsid,clinical-closest-csf-route-cross-capsid; 0.03 evidence haircut applied to the PBPK-projected disclosed-dose organ AUC,https://www.fda.gov/media/193168/download
intracerebroventricular,Intracerebroventricular,aav5,AAV5,rest,2800000000000000.0,40000000000000.0,4059643582692779.5,itvisma_it,ITVISMA (onasemnogene abeparvovec-brve),301949841737870.9,9058495252136.125,0.07437841169731117,0.002231352350919335,exceeds-conservative-contextual-upper-bound,exploratory,clinical-closest-csf-route-cross-capsid,0.03,clinical closest csf route cross capsid,clinical-closest-csf-route-cross-capsid; 0.03 evidence haircut applied to the PBPK-projected disclosed-dose organ AUC,https://www.fda.gov/media/193168/download
intracerebroventricular,Intracerebroventricular,aav5,AAV5,spleen,2800000000000000.0,40000000000000.0,157651688979855.8,itvisma_it,ITVISMA (onasemnogene abeparvovec-brve),7289689917888.429,218690697536.65286,0.04623921231075349,0.0013871763693226046,exceeds-conservative-contextual-upper-bound,exploratory,clinical-closest-csf-route-cross-capsid,0.03,clinical closest csf route cross capsid,clinical-closest-csf-route-cross-capsid; 0.03 evidence haircut applied to the PBPK-projected disclosed-dose organ AUC,https://www.fda.gov/media/193168/download
intracerebroventricular,Intracerebroventricular,aav8,AAV8,brain,2800000000000000.0,40000000000000.0,6065902655658617.0,itvisma_it,ITVISMA (onasemnogene abeparvovec-brve),272131222529825.8,8163936675894.774,0.044862444713972854,0.0013458733414191855,exceeds-conservative-contextual-upper-bound,exploratory,clinical-closest-csf-route-cross-capsid,0.03,clinical closest csf route cross capsid,clinical-closest-csf-route-cross-capsid; 0.03 evidence haircut applied to the PBPK-projected disclosed-dose organ AUC,https://www.fda.gov/media/193168/download
intracerebroventricular,Intracerebroventricular,aav8,AAV8,heart,2800000000000000.0,40000000000000.0,127301737549768.72,itvisma_it,ITVISMA (onasemnogene abeparvovec-brve),7019368164803.165,210581044944.09494,0.05513961003131585,0.0016541883009394754,exceeds-conservative-contextual-upper-bound,exploratory,clinical-closest-csf-route-cross-capsid,0.03,clinical closest csf route cross capsid,clinical-closest-csf-route-cross-capsid; 0.03 evidence haircut applied to the PBPK-projected disclosed-dose organ AUC,https://www.fda.gov/media/193168/download
intracerebroventricular,Intracerebroventricular,aav8,AAV8,kidney,2800000000000000.0,40000000000000.0,256196594898498.53,itvisma_it,ITVISMA (onasemnogene abeparvovec-brve),11834755119680.465,355042653590.41394,0.04619403752953558,0.0013858211258860674,exceeds-conservative-contextual-upper-bound,exploratory,clinical-closest-csf-route-cross-capsid,0.03,clinical closest csf route cross capsid,clinical-closest-csf-route-cross-capsid; 0.03 evidence haircut applied to the PBPK-projected disclosed-dose organ AUC,https://www.fda.gov/media/193168/download
intracerebroventricular,Intracerebroventricular,aav8,AAV8,liver,2800000000000000.0,40000000000000.0,3404150095235553.0,itvisma_it,ITVISMA (onasemnogene abeparvovec-brve),83774253241458.92,2513227597243.7676,0.02460944755600211,0.0007382834266800632,exceeds-conservative-contextual-upper-bound,exploratory,clinical-closest-csf-route-cross-capsid,0.03,clinical closest csf route cross capsid,clinical-closest-csf-route-cross-capsid; 0.03 evidence haircut applied to the PBPK-projected disclosed-dose organ AUC,https://www.fda.gov/media/193168/download
intracerebroventricular,Intracerebroventricular,aav8,AAV8,lung,2800000000000000.0,40000000000000.0,620957830199328.8,itvisma_it,ITVISMA (onasemnogene abeparvovec-brve),35656383326748.37,1069691499802.4509,0.05742158580285974,0.0017226475740857923,exceeds-conservative-contextual-upper-bound,exploratory,clinical-closest-csf-route-cross-capsid,0.03,clinical closest csf route cross capsid,clinical-closest-csf-route-cross-capsid; 0.03 evidence haircut applied to the PBPK-projected disclosed-dose organ AUC,https://www.fda.gov/media/193168/download
intracerebroventricular,Intracerebroventricular,aav8,AAV8,muscle,2800000000000000.0,40000000000000.0,5485913699169208.0,itvisma_it,ITVISMA (onasemnogene abeparvovec-brve),244451335930545.56,7333540077916.366,0.044559821633279706,0.001336794648998391,exceeds-conservative-contextual-upper-bound,exploratory,clinical-closest-csf-route-cross-capsid,0.03,clinical closest csf route cross capsid,clinical-closest-csf-route-cross-capsid; 0.03 evidence haircut applied to the PBPK-projected disclosed-dose organ AUC,https://www.fda.gov/media/193168/download
intracerebroventricular,Intracerebroventricular,aav8,AAV8,rest,2800000000000000.0,40000000000000.0,6518554107347594.0,itvisma_it,ITVISMA (onasemnogene abeparvovec-brve),301949841737870.9,9058495252136.125,0.04632159782144304,0.0013896479346432909,exceeds-conservative-contextual-upper-bound,exploratory,clinical-closest-csf-route-cross-capsid,0.03,clinical closest csf route cross capsid,clinical-closest-csf-route-cross-capsid; 0.03 evidence haircut applied to the PBPK-projected disclosed-dose organ AUC,https://www.fda.gov/media/193168/download
intracerebroventricular,Intracerebroventricular,aav8,AAV8,spleen,2800000000000000.0,40000000000000.0,139136342839877.47,itvisma_it,ITVISMA (onasemnogene abeparvovec-brve),7289689917888.429,218690697536.65286,0.05239242148456953,0.001571772644537086,exceeds-conservative-contextual-upper-bound,exploratory,clinical-closest-csf-route-cross-capsid,0.03,clinical closest csf route cross capsid,clinical-closest-csf-route-cross-capsid; 0.03 evidence haircut applied to the PBPK-projected disclosed-dose organ AUC,https://www.fda.gov/media/193168/download
intracerebroventricular,Intracerebroventricular,aav9,AAV9,brain,2800000000000000.0,40000000000000.0,5309293559033771.0,itvisma_it,ITVISMA (onasemnogene abeparvovec-brve),272131222529825.8,27213122252982.582,0.05125563683831234,0.005125563683831234,exceeds-conservative-contextual-upper-bound,exploratory,clinical-closest-csf-route,0.1,clinical closest csf route,clinical-closest-csf-route; 0.1 evidence haircut applied to the PBPK-projected disclosed-dose organ AUC,https://www.fda.gov/media/193168/download
intracerebroventricular,Intracerebroventricular,aav9,AAV9,heart,2800000000000000.0,40000000000000.0,165197451142439.2,itvisma_it,ITVISMA (onasemnogene abeparvovec-brve),7019368164803.165,701936816480.3165,0.04249077764977629,0.0042490777649776285,exceeds-conservative-contextual-upper-bound,exploratory,clinical-closest-csf-route,0.1,clinical closest csf route,clinical-closest-csf-route; 0.1 evidence haircut applied to the PBPK-projected disclosed-dose organ AUC,https://www.fda.gov/media/193168/download
intracerebroventricular,Intracerebroventricular,aav9,AAV9,kidney,2800000000000000.0,40000000000000.0,278951825783585.2,itvisma_it,ITVISMA (onasemnogene abeparvovec-brve),11834755119680.465,1183475511968.0466,0.04242580268631056,0.004242580268631057,exceeds-conservative-contextual-upper-bound,exploratory,clinical-closest-csf-route,0.1,clinical closest csf route,clinical-closest-csf-route; 0.1 evidence haircut applied to the PBPK-projected disclosed-dose organ AUC,https://www.fda.gov/media/193168/download
intracerebroventricular,Intracerebroventricular,aav9,AAV9,liver,2800000000000000.0,40000000000000.0,2002290364323968.5,itvisma_it,ITVISMA (onasemnogene abeparvovec-brve),83774253241458.92,8377425324145.893,0.041839213100215634,0.004183921310021564,exceeds-conservative-contextual-upper-bound,exploratory,clinical-closest-csf-route,0.1,clinical closest csf route,clinical-closest-csf-route; 0.1 evidence haircut applied to the PBPK-projected disclosed-dose organ AUC,https://www.fda.gov/media/193168/download
intracerebroventricular,Intracerebroventricular,aav9,AAV9,lung,2800000000000000.0,40000000000000.0,839969911175715.2,itvisma_it,ITVISMA (onasemnogene abeparvovec-brve),35656383326748.37,3565638332674.837,0.04244959593473977,0.004244959593473977,exceeds-conservative-contextual-upper-bound,exploratory,clinical-closest-csf-route,0.1,clinical closest csf route,clinical-closest-csf-route; 0.1 evidence haircut applied to the PBPK-projected disclosed-dose organ AUC,https://www.fda.gov/media/193168/download
intracerebroventricular,Intracerebroventricular,aav9,AAV9,muscle,2800000000000000.0,40000000000000.0,5749661669122328.0,itvisma_it,ITVISMA (onasemnogene abeparvovec-brve),244451335930545.56,24445133593054.56,0.042515777448842565,0.004251577744884257,exceeds-conservative-contextual-upper-bound,exploratory,clinical-closest-csf-route,0.1,clinical closest csf route,clinical-closest-csf-route; 0.1 evidence haircut applied to the PBPK-projected disclosed-dose organ AUC,https://www.fda.gov/media/193168/download
intracerebroventricular,Intracerebroventricular,aav9,AAV9,rest,2800000000000000.0,40000000000000.0,7099045538354268.0,itvisma_it,ITVISMA (onasemnogene abeparvovec-brve),301949841737870.9,30194984173787.09,0.04253386460285621,0.004253386460285621,exceeds-conservative-contextual-upper-bound,exploratory,clinical-closest-csf-route,0.1,clinical closest csf route,clinical-closest-csf-route; 0.1 evidence haircut applied to the PBPK-projected disclosed-dose organ AUC,https://www.fda.gov/media/193168/download
intracerebroventricular,Intracerebroventricular,aav9,AAV9,spleen,2800000000000000.0,40000000000000.0,173045165207292.78,itvisma_it,ITVISMA (onasemnogene abeparvovec-brve),7289689917888.429,728968991788.8429,0.04212593809920102,0.004212593809920101,exceeds-conservative-contextual-upper-bound,exploratory,clinical-closest-csf-route,0.1,clinical closest csf route,clinical-closest-csf-route; 0.1 evidence haircut applied to the PBPK-projected disclosed-dose organ AUC,https://www.fda.gov/media/193168/download
intracerebroventricular,Intracerebroventricular,aavrh10,AAVrh.10,brain,2800000000000000.0,40000000000000.0,5069508969501470.0,itvisma_it,ITVISMA (onasemnogene abeparvovec-brve),272131222529825.8,8163936675894.774,0.05367999626137103,0.001610399887841131,exceeds-conservative-contextual-upper-bound,exploratory,clinical-closest-csf-route-cross-capsid,0.03,clinical closest csf route cross capsid,clinical-closest-csf-route-cross-capsid; 0.03 evidence haircut applied to the PBPK-projected disclosed-dose organ AUC,https://www.fda.gov/media/193168/download
intracerebroventricular,Intracerebroventricular,aavrh10,AAVrh.10,heart,2800000000000000.0,40000000000000.0,172403479266128.22,itvisma_it,ITVISMA (onasemnogene abeparvovec-brve),7019368164803.165,210581044944.09494,0.04071477092389659,0.0012214431277168974,exceeds-conservative-contextual-upper-bound,exploratory,clinical-closest-csf-route-cross-capsid,0.03,clinical closest csf route cross capsid,clinical-closest-csf-route-cross-capsid; 0.03 evidence haircut applied to the PBPK-projected disclosed-dose organ AUC,https://www.fda.gov/media/193168/download
intracerebroventricular,Intracerebroventricular,aavrh10,AAVrh.10,kidney,2800000000000000.0,40000000000000.0,228793519287236.62,itvisma_it,ITVISMA (onasemnogene abeparvovec-brve),11834755119680.465,355042653590.41394,0.05172679347102763,0.0015518038041308288,exceeds-conservative-contextual-upper-bound,exploratory,clinical-closest-csf-route-cross-capsid,0.03,clinical closest csf route cross capsid,clinical-closest-csf-route-cross-capsid; 0.03 evidence haircut applied to the PBPK-projected disclosed-dose organ AUC,https://www.fda.gov/media/193168/download
intracerebroventricular,Intracerebroventricular,aavrh10,AAVrh.10,liver,2800000000000000.0,40000000000000.0,1746945090517823.0,itvisma_it,ITVISMA (onasemnogene abeparvovec-brve),83774253241458.92,2513227597243.7676,0.04795471460217841,0.001438641438065352,exceeds-conservative-contextual-upper-bound,exploratory,clinical-closest-csf-route-cross-capsid,0.03,clinical closest csf route cross capsid,clinical-closest-csf-route-cross-capsid; 0.03 evidence haircut applied to the PBPK-projected disclosed-dose organ AUC,https://www.fda.gov/media/193168/download
intracerebroventricular,Intracerebroventricular,aavrh10,AAVrh.10,lung,2800000000000000.0,40000000000000.0,787843846334228.8,itvisma_it,ITVISMA (onasemnogene abeparvovec-brve),35656383326748.37,1069691499802.4509,0.045258185987812845,0.0013577455796343852,exceeds-conservative-contextual-upper-bound,exploratory,clinical-closest-csf-route-cross-capsid,0.03,clinical closest csf route cross capsid,clinical-closest-csf-route-cross-capsid; 0.03 evidence haircut applied to the PBPK-projected disclosed-dose organ AUC,https://www.fda.gov/media/193168/download
intracerebroventricular,Intracerebroventricular,aavrh10,AAVrh.10,muscle,2800000000000000.0,40000000000000.0,5579917202044028.0,itvisma_it,ITVISMA (onasemnogene abeparvovec-brve),244451335930545.56,7333540077916.366,0.04380913319663569,0.0013142739958990706,exceeds-conservative-contextual-upper-bound,exploratory,clinical-closest-csf-route-cross-capsid,0.03,clinical closest csf route cross capsid,clinical-closest-csf-route-cross-capsid; 0.03 evidence haircut applied to the PBPK-projected disclosed-dose organ AUC,https://www.fda.gov/media/193168/download
intracerebroventricular,Intracerebroventricular,aavrh10,AAVrh.10,rest,2800000000000000.0,40000000000000.0,6889209499038159.0,itvisma_it,ITVISMA (onasemnogene abeparvovec-brve),301949841737870.9,9058495252136.125,0.0438293888115941,0.0013148816643478228,exceeds-conservative-contextual-upper-bound,exploratory,clinical-closest-csf-route-cross-capsid,0.03,clinical closest csf route cross capsid,clinical-closest-csf-route-cross-capsid; 0.03 evidence haircut applied to the PBPK-projected disclosed-dose organ AUC,https://www.fda.gov/media/193168/download
intracerebroventricular,Intracerebroventricular,aavrh10,AAVrh.10,spleen,2800000000000000.0,40000000000000.0,145639262132000.5,itvisma_it,ITVISMA (onasemnogene abeparvovec-brve),7289689917888.429,218690697536.65286,0.050053054452317954,0.0015015916335695384,exceeds-conservative-contextual-upper-bound,exploratory,clinical-closest-csf-route-cross-capsid,0.03,clinical closest csf route cross capsid,clinical-closest-csf-route-cross-capsid; 0.03 evidence haircut applied to the PBPK-projected disclosed-dose organ AUC,https://www.fda.gov/media/193168/download
intracerebroventricular,Intracerebroventricular,php-eb,PHP.eB,brain,2800000000000000.0,40000000000000.0,5309561221075636.0,itvisma_it,ITVISMA (onasemnogene abeparvovec-brve),272131222529825.8,2449181002768.432,0.05125305297349904,0.0004612774767614913,exceeds-conservative-contextual-upper-bound,exploratory,clinical-closest-csf-route-cross-capsid-mouse-restricted-capsid,0.009,clinical closest csf route cross capsid mouse restricted capsid,clinical-closest-csf-route-cross-capsid-mouse-restricted-capsid; 0.009 evidence haircut applied to the PBPK-projected disclosed-dose organ AUC,https://www.fda.gov/media/193168/download
intracerebroventricular,Intracerebroventricular,php-eb,PHP.eB,heart,2800000000000000.0,40000000000000.0,130295899748313.17,itvisma_it,ITVISMA (onasemnogene abeparvovec-brve),7019368164803.165,63174313483.22848,0.05387251769520122,0.0004848526592568109,exceeds-conservative-contextual-upper-bound,exploratory,clinical-closest-csf-route-cross-capsid-mouse-restricted-capsid,0.009,clinical closest csf route cross capsid mouse restricted capsid,clinical-closest-csf-route-cross-capsid-mouse-restricted-capsid; 0.009 evidence haircut applied to the PBPK-projected disclosed-dose organ AUC,https://www.fda.gov/media/193168/download
intracerebroventricular,Intracerebroventricular,php-eb,PHP.eB,kidney,2800000000000000.0,40000000000000.0,207575869414849.8,itvisma_it,ITVISMA (onasemnogene abeparvovec-brve),11834755119680.465,106512796077.12418,0.05701411803328724,0.000513127062299585,exceeds-conservative-contextual-upper-bound,exploratory,clinical-closest-csf-route-cross-capsid-mouse-restricted-capsid,0.009,clinical closest csf route cross capsid mouse restricted capsid,clinical-closest-csf-route-cross-capsid-mouse-restricted-capsid; 0.009 evidence haircut applied to the PBPK-projected disclosed-dose organ AUC,https://www.fda.gov/media/193168/download
intracerebroventricular,Intracerebroventricular,php-eb,PHP.eB,liver,2800000000000000.0,40000000000000.0,1308278702021729.2,itvisma_it,ITVISMA (onasemnogene abeparvovec-brve),83774253241458.92,753968279173.1302,0.06403395019119368,0.000576305551720743,exceeds-conservative-contextual-upper-bound,exploratory,clinical-closest-csf-route-cross-capsid-mouse-restricted-capsid,0.009,clinical closest csf route cross capsid mouse restricted capsid,clinical-closest-csf-route-cross-capsid-mouse-restricted-capsid; 0.009 evidence haircut applied to the PBPK-projected disclosed-dose organ AUC,https://www.fda.gov/media/193168/download
intracerebroventricular,Intracerebroventricular,php-eb,PHP.eB,lung,2800000000000000.0,40000000000000.0,668748018786850.5,itvisma_it,ITVISMA (onasemnogene abeparvovec-brve),35656383326748.37,320907449940.7353,0.053318114334650606,0.00047986302901185544,exceeds-conservative-contextual-upper-bound,exploratory,clinical-closest-csf-route-cross-capsid-mouse-restricted-capsid,0.009,clinical closest csf route cross capsid mouse restricted capsid,clinical-closest-csf-route-cross-capsid-mouse-restricted-capsid; 0.009 evidence haircut applied to the PBPK-projected disclosed-dose organ AUC,https://www.fda.gov/media/193168/download
intracerebroventricular,Intracerebroventricular,php-eb,PHP.eB,muscle,2800000000000000.0,40000000000000.0,5056843727934963.0,itvisma_it,ITVISMA (onasemnogene abeparvovec-brve),244451335930545.56,2200062023374.9097,0.04834069413301227,0.00043506624719711034,exceeds-conservative-contextual-upper-bound,exploratory,clinical-closest-csf-route-cross-capsid-mouse-restricted-capsid,0.009,clinical closest csf route cross capsid mouse restricted capsid,clinical-closest-csf-route-cross-capsid-mouse-restricted-capsid; 0.009 evidence haircut applied to the PBPK-projected disclosed-dose organ AUC,https://www.fda.gov/media/193168/download
intracerebroventricular,Intracerebroventricular,php-eb,PHP.eB,rest,2800000000000000.0,40000000000000.0,6671715028052625.0,itvisma_it,ITVISMA (onasemnogene abeparvovec-brve),301949841737870.9,2717548575640.838,0.0452582042950365,0.0004073238386553285,exceeds-conservative-contextual-upper-bound,exploratory,clinical-closest-csf-route-cross-capsid-mouse-restricted-capsid,0.009,clinical closest csf route cross capsid mouse restricted capsid,clinical-closest-csf-route-cross-capsid-mouse-restricted-capsid; 0.009 evidence haircut applied to the PBPK-projected disclosed-dose organ AUC,https://www.fda.gov/media/193168/download
intracerebroventricular,Intracerebroventricular,php-eb,PHP.eB,spleen,2800000000000000.0,40000000000000.0,138245275155451.6,itvisma_it,ITVISMA (onasemnogene abeparvovec-brve),7289689917888.429,65607209260.99586,0.052730119779438735,0.00047457107801494863,exceeds-conservative-contextual-upper-bound,exploratory,clinical-closest-csf-route-cross-capsid-mouse-restricted-capsid,0.009,clinical closest csf route cross capsid mouse restricted capsid,clinical-closest-csf-route-cross-capsid-mouse-restricted-capsid; 0.009 evidence haircut applied to the PBPK-projected disclosed-dose organ AUC,https://www.fda.gov/media/193168/download
intracerebroventricular,Intracerebroventricular,cap-b10,CAP-B10,brain,2800000000000000.0,40000000000000.0,5088874170966126.0,itvisma_it,ITVISMA (onasemnogene abeparvovec-brve),272131222529825.8,2449181002768.432,0.05347572240682098,0.0004812815016613888,exceeds-conservative-contextual-upper-bound,exploratory,clinical-closest-csf-route-cross-capsid-mouse-restricted-capsid,0.009,clinical closest csf route cross capsid mouse restricted capsid,clinical-closest-csf-route-cross-capsid-mouse-restricted-capsid; 0.009 evidence haircut applied to the PBPK-projected disclosed-dose organ AUC,https://www.fda.gov/media/193168/download
intracerebroventricular,Intracerebroventricular,cap-b10,CAP-B10,heart,2800000000000000.0,40000000000000.0,111327033104088.38,itvisma_it,ITVISMA (onasemnogene abeparvovec-brve),7019368164803.165,63174313483.22848,0.06305178507937248,0.0005674660657143522,exceeds-conservative-contextual-upper-bound,exploratory,clinical-closest-csf-route-cross-capsid-mouse-restricted-capsid,0.009,clinical closest csf route cross capsid mouse restricted capsid,clinical-closest-csf-route-cross-capsid-mouse-restricted-capsid; 0.009 evidence haircut applied to the PBPK-projected disclosed-dose organ AUC,https://www.fda.gov/media/193168/download
intracerebroventricular,Intracerebroventricular,cap-b10,CAP-B10,kidney,2800000000000000.0,40000000000000.0,167779598826765.62,itvisma_it,ITVISMA (onasemnogene abeparvovec-brve),11834755119680.465,106512796077.12418,0.07053750993826124,0.0006348375894443512,exceeds-conservative-contextual-upper-bound,exploratory,clinical-closest-csf-route-cross-capsid-mouse-restricted-capsid,0.009,clinical closest csf route cross capsid mouse restricted capsid,clinical-closest-csf-route-cross-capsid-mouse-restricted-capsid; 0.009 evidence haircut applied to the PBPK-projected disclosed-dose organ AUC,https://www.fda.gov/media/193168/download
intracerebroventricular,Intracerebroventricular,cap-b10,CAP-B10,liver,2800000000000000.0,40000000000000.0,596404951997636.2,itvisma_it,ITVISMA (onasemnogene abeparvovec-brve),83774253241458.92,753968279173.1302,0.14046538842586764,0.0012641884958328087,exceeds-conservative-contextual-upper-bound,exploratory,clinical-closest-csf-route-cross-capsid-mouse-restricted-capsid,0.009,clinical closest csf route cross capsid mouse restricted capsid,clinical-closest-csf-route-cross-capsid-mouse-restricted-capsid; 0.009 evidence haircut applied to the PBPK-projected disclosed-dose organ AUC,https://www.fda.gov/media/193168/download
intracerebroventricular,Intracerebroventricular,cap-b10,CAP-B10,lung,2800000000000000.0,40000000000000.0,593775636812909.2,itvisma_it,ITVISMA (onasemnogene abeparvovec-brve),35656383326748.37,320907449940.7353,0.06005026329159277,0.0005404523696243349,exceeds-conservative-contextual-upper-bound,exploratory,clinical-closest-csf-route-cross-capsid-mouse-restricted-capsid,0.009,clinical closest csf route cross capsid mouse restricted capsid,clinical-closest-csf-route-cross-capsid-mouse-restricted-capsid; 0.009 evidence haircut applied to the PBPK-projected disclosed-dose organ AUC,https://www.fda.gov/media/193168/download
intracerebroventricular,Intracerebroventricular,cap-b10,CAP-B10,muscle,2800000000000000.0,40000000000000.0,4654656006709302.0,itvisma_it,ITVISMA (onasemnogene abeparvovec-brve),244451335930545.56,2200062023374.9097,0.05251759433526112,0.00047265834901734995,exceeds-conservative-contextual-upper-bound,exploratory,clinical-closest-csf-route-cross-capsid-mouse-restricted-capsid,0.009,clinical closest csf route cross capsid mouse restricted capsid,clinical-closest-csf-route-cross-capsid-mouse-restricted-capsid; 0.009 evidence haircut applied to the PBPK-projected disclosed-dose organ AUC,https://www.fda.gov/media/193168/download
intracerebroventricular,Intracerebroventricular,cap-b10,CAP-B10,rest,2800000000000000.0,40000000000000.0,6475188041408503.0,itvisma_it,ITVISMA (onasemnogene abeparvovec-brve),301949841737870.9,2717548575640.838,0.04663182594959664,0.00041968643354636976,exceeds-conservative-contextual-upper-bound,exploratory,clinical-closest-csf-route-cross-capsid-mouse-restricted-capsid,0.009,clinical closest csf route cross capsid mouse restricted capsid,clinical-closest-csf-route-cross-capsid-mouse-restricted-capsid; 0.009 evidence haircut applied to the PBPK-projected disclosed-dose organ AUC,https://www.fda.gov/media/193168/download
intracerebroventricular,Intracerebroventricular,cap-b10,CAP-B10,spleen,2800000000000000.0,40000000000000.0,114464820910768.6,itvisma_it,ITVISMA (onasemnogene abeparvovec-brve),7289689917888.429,65607209260.99586,0.06368498076427455,0.0005731648268784709,exceeds-conservative-contextual-upper-bound,exploratory,clinical-closest-csf-route-cross-capsid-mouse-restricted-capsid,0.009,clinical closest csf route cross capsid mouse restricted capsid,clinical-closest-csf-route-cross-capsid-mouse-restricted-capsid; 0.009 evidence haircut applied to the PBPK-projected disclosed-dose organ AUC,https://www.fda.gov/media/193168/download
intracerebroventricular,Intracerebroventricular,lk03,AAV-LK03,brain,2800000000000000.0,40000000000000.0,6148871436228151.0,itvisma_it,ITVISMA (onasemnogene abeparvovec-brve),272131222529825.8,8163936675894.774,0.04425710073013934,0.0013277130219041802,exceeds-conservative-contextual-upper-bound,exploratory,clinical-closest-csf-route-cross-capsid,0.03,clinical closest csf route cross capsid,clinical-closest-csf-route-cross-capsid; 0.03 evidence haircut applied to the PBPK-projected disclosed-dose organ AUC,https://www.fda.gov/media/193168/download
intracerebroventricular,Intracerebroventricular,lk03,AAV-LK03,heart,2800000000000000.0,40000000000000.0,77792047486808.72,itvisma_it,ITVISMA (onasemnogene abeparvovec-brve),7019368164803.165,210581044944.09494,0.09023246452014837,0.0027069739356044512,exceeds-conservative-contextual-upper-bound,exploratory,clinical-closest-csf-route-cross-capsid,0.03,clinical closest csf route cross capsid,clinical-closest-csf-route-cross-capsid; 0.03 evidence haircut applied to the PBPK-projected disclosed-dose organ AUC,https://www.fda.gov/media/193168/download
intracerebroventricular,Intracerebroventricular,lk03,AAV-LK03,kidney,2800000000000000.0,40000000000000.0,181743750296568.56,itvisma_it,ITVISMA (onasemnogene abeparvovec-brve),11834755119680.465,355042653590.41394,0.06511781065576433,0.00195353431967293,exceeds-conservative-contextual-upper-bound,exploratory,clinical-closest-csf-route-cross-capsid,0.03,clinical closest csf route cross capsid,clinical-closest-csf-route-cross-capsid; 0.03 evidence haircut applied to the PBPK-projected disclosed-dose organ AUC,https://www.fda.gov/media/193168/download
intracerebroventricular,Intracerebroventricular,lk03,AAV-LK03,liver,2800000000000000.0,40000000000000.0,4039635274404409.0,itvisma_it,ITVISMA (onasemnogene abeparvovec-brve),83774253241458.92,2513227597243.7676,0.020738073501898095,0.0006221422050569429,exceeds-conservative-contextual-upper-bound,exploratory,clinical-closest-csf-route-cross-capsid,0.03,clinical closest csf route cross capsid,clinical-closest-csf-route-cross-capsid; 0.03 evidence haircut applied to the PBPK-projected disclosed-dose organ AUC,https://www.fda.gov/media/193168/download
intracerebroventricular,Intracerebroventricular,lk03,AAV-LK03,lung,2800000000000000.0,40000000000000.0,509082371494365.3,itvisma_it,ITVISMA (onasemnogene abeparvovec-brve),35656383326748.37,1069691499802.4509,0.07004049899053129,0.0021012149697159383,exceeds-conservative-contextual-upper-bound,exploratory,clinical-closest-csf-route-cross-capsid,0.03,clinical closest csf route cross capsid,clinical-closest-csf-route-cross-capsid; 0.03 evidence haircut applied to the PBPK-projected disclosed-dose organ AUC,https://www.fda.gov/media/193168/download
intracerebroventricular,Intracerebroventricular,lk03,AAV-LK03,muscle,2800000000000000.0,40000000000000.0,3054502430914152.0,itvisma_it,ITVISMA (onasemnogene abeparvovec-brve),244451335930545.56,7333540077916.366,0.08002983839740672,0.0024008951519222015,exceeds-conservative-contextual-upper-bound,exploratory,clinical-closest-csf-route-cross-capsid,0.03,clinical closest csf route cross capsid,clinical-closest-csf-route-cross-capsid; 0.03 evidence haircut applied to the PBPK-projected disclosed-dose organ AUC,https://www.fda.gov/media/193168/download
intracerebroventricular,Intracerebroventricular,lk03,AAV-LK03,rest,2800000000000000.0,40000000000000.0,4618924326463481.0,itvisma_it,ITVISMA (onasemnogene abeparvovec-brve),301949841737870.9,9058495252136.125,0.06537232922563625,0.0019611698767690875,exceeds-conservative-contextual-upper-bound,exploratory,clinical-closest-csf-route-cross-capsid,0.03,clinical closest csf route cross capsid,clinical-closest-csf-route-cross-capsid; 0.03 evidence haircut applied to the PBPK-projected disclosed-dose organ AUC,https://www.fda.gov/media/193168/download
intracerebroventricular,Intracerebroventricular,lk03,AAV-LK03,spleen,2800000000000000.0,40000000000000.0,101113343868380.06,itvisma_it,ITVISMA (onasemnogene abeparvovec-brve),7289689917888.429,218690697536.65286,0.072094242352201,0.00216282727056603,exceeds-conservative-contextual-upper-bound,exploratory,clinical-closest-csf-route-cross-capsid,0.03,clinical closest csf route cross capsid,clinical-closest-csf-route-cross-capsid; 0.03 evidence haircut applied to the PBPK-projected disclosed-dose organ AUC,https://www.fda.gov/media/193168/download
inhaled,Inhaled / airway,aav2,AAV2,brain,2800000000000000.0,40000000000000.0,2961871991802.566,aav2_cf_aerosol,tgAAVCF phase 2 cystic-fibrosis aerosol study,10578114256.437735,7933585692.3283,0.0035714285714285713,0.002678571428571428,exceeds-conservative-contextual-upper-bound,low,clinical-same-capsid-route,0.75,clinical same capsid route,clinical-same-capsid-route; 0.75 evidence haircut applied to the PBPK-projected disclosed-dose organ AUC,https://doi.org/10.1378/chest.126.2.509
inhaled,Inhaled / airway,aav2,AAV2,heart,2800000000000000.0,40000000000000.0,46590093427425.11,aav2_cf_aerosol,tgAAVCF phase 2 cystic-fibrosis aerosol study,166393190812.2325,124794893109.17438,0.003571428571428571,0.002678571428571428,exceeds-conservative-contextual-upper-bound,low,clinical-same-capsid-route,0.75,clinical same capsid route,clinical-same-capsid-route; 0.75 evidence haircut applied to the PBPK-projected disclosed-dose organ AUC,https://doi.org/10.1378/chest.126.2.509
inhaled,Inhaled / airway,aav2,AAV2,kidney,2800000000000000.0,40000000000000.0,120356220346203.8,aav2_cf_aerosol,tgAAVCF phase 2 cystic-fibrosis aerosol study,429843644093.58496,322382733070.1887,0.0035714285714285713,0.0026785714285714286,exceeds-conservative-contextual-upper-bound,low,clinical-same-capsid-route,0.75,clinical same capsid route,clinical-same-capsid-route; 0.75 evidence haircut applied to the PBPK-projected disclosed-dose organ AUC,https://doi.org/10.1378/chest.126.2.509
inhaled,Inhaled / airway,aav2,AAV2,liver,2800000000000000.0,40000000000000.0,622038452213155.0,aav2_cf_aerosol,tgAAVCF phase 2 cystic-fibrosis aerosol study,2221565900761.2676,1666174425570.9507,0.003571428571428571,0.002678571428571428,exceeds-conservative-contextual-upper-bound,low,clinical-same-capsid-route,0.75,clinical same capsid route,clinical-same-capsid-route; 0.75 evidence haircut applied to the PBPK-projected disclosed-dose organ AUC,https://doi.org/10.1378/chest.126.2.509
inhaled,Inhaled / airway,aav2,AAV2,lung,2800000000000000.0,40000000000000.0,4.244646411835666e+16,aav2_cf_aerosol,tgAAVCF phase 2 cystic-fibrosis aerosol study,151594514708416.62,113695886031312.47,0.0035714285714285713,0.0026785714285714286,exceeds-conservative-contextual-upper-bound,low,clinical-same-capsid-route,0.75,clinical same capsid route,clinical-same-capsid-route; 0.75 evidence haircut applied to the PBPK-projected disclosed-dose organ AUC,https://doi.org/10.1378/chest.126.2.509
inhaled,Inhaled / airway,aav2,AAV2,muscle,2800000000000000.0,40000000000000.0,1418480474353091.0,aav2_cf_aerosol,tgAAVCF phase 2 cystic-fibrosis aerosol study,5066001694118.182,3799501270588.636,0.003571428571428571,0.002678571428571428,exceeds-conservative-contextual-upper-bound,low,clinical-same-capsid-route,0.75,clinical same capsid route,clinical-same-capsid-route; 0.75 evidence haircut applied to the PBPK-projected disclosed-dose organ AUC,https://doi.org/10.1378/chest.126.2.509
inhaled,Inhaled / airway,aav2,AAV2,rest,2800000000000000.0,40000000000000.0,2526200651604799.0,aav2_cf_aerosol,tgAAVCF phase 2 cystic-fibrosis aerosol study,9022145184302.854,6766608888227.141,0.0035714285714285713,0.0026785714285714286,exceeds-conservative-contextual-upper-bound,low,clinical-same-capsid-route,0.75,clinical same capsid route,clinical-same-capsid-route; 0.75 evidence haircut applied to the PBPK-projected disclosed-dose organ AUC,https://doi.org/10.1378/chest.126.2.509
inhaled,Inhaled / airway,aav2,AAV2,spleen,2800000000000000.0,40000000000000.0,113531181448092.28,aav2_cf_aerosol,tgAAVCF phase 2 cystic-fibrosis aerosol study,405468505171.7581,304101378878.8186,0.0035714285714285713,0.0026785714285714286,exceeds-conservative-contextual-upper-bound,low,clinical-same-capsid-route,0.75,clinical same capsid route,clinical-same-capsid-route; 0.75 evidence haircut applied to the PBPK-projected disclosed-dose organ AUC,https://doi.org/10.1378/chest.126.2.509
inhaled,Inhaled / airway,aav5,AAV5,brain,2800000000000000.0,40000000000000.0,3722371986913.9395,aav2_cf_aerosol,tgAAVCF phase 2 cystic-fibrosis aerosol study,56496864415.44595,5649686441.544596,0.015177651404551082,0.0015177651404551082,exceeds-conservative-contextual-upper-bound,exploratory,clinical-same-route-cross-capsid,0.1,clinical same route cross capsid,clinical-same-route-cross-capsid; 0.1 evidence haircut applied to the PBPK-projected disclosed-dose organ AUC,https://doi.org/10.1378/chest.126.2.509
inhaled,Inhaled / airway,aav5,AAV5,heart,2800000000000000.0,40000000000000.0,47674868162414.64,aav2_cf_aerosol,tgAAVCF phase 2 cystic-fibrosis aerosol study,449411727420.6944,44941172742.06944,0.009426596123762255,0.0009426596123762256,exceeds-conservative-contextual-upper-bound,exploratory,clinical-same-route-cross-capsid,0.1,clinical same route cross capsid,clinical-same-route-cross-capsid; 0.1 evidence haircut applied to the PBPK-projected disclosed-dose organ AUC,https://doi.org/10.1378/chest.126.2.509
inhaled,Inhaled / airway,aav5,AAV5,kidney,2800000000000000.0,40000000000000.0,142061561279850.9,aav2_cf_aerosol,tgAAVCF phase 2 cystic-fibrosis aerosol study,757590494496.0796,75759049449.60796,0.005332832383868298,0.0005332832383868298,exceeds-conservative-contextual-upper-bound,exploratory,clinical-same-route-cross-capsid,0.1,clinical same route cross capsid,clinical-same-route-cross-capsid; 0.1 evidence haircut applied to the PBPK-projected disclosed-dose organ AUC,https://doi.org/10.1378/chest.126.2.509
inhaled,Inhaled / airway,aav5,AAV5,liver,2800000000000000.0,40000000000000.0,1120153336615113.4,aav2_cf_aerosol,tgAAVCF phase 2 cystic-fibrosis aerosol study,5352069049908.288,535206904990.82886,0.00477797893820609,0.000477797893820609,exceeds-conservative-contextual-upper-bound,exploratory,clinical-same-route-cross-capsid,0.1,clinical same route cross capsid,clinical-same-route-cross-capsid; 0.1 evidence haircut applied to the PBPK-projected disclosed-dose organ AUC,https://doi.org/10.1378/chest.126.2.509
inhaled,Inhaled / airway,aav5,AAV5,lung,2800000000000000.0,40000000000000.0,3.0535391845204024e+16,aav2_cf_aerosol,tgAAVCF phase 2 cystic-fibrosis aerosol study,140745611174077.06,14074561117407.707,0.004609261668806224,0.0004609261668806224,exceeds-conservative-contextual-upper-bound,exploratory,clinical-same-route-cross-capsid,0.1,clinical same route cross capsid,clinical-same-route-cross-capsid; 0.1 evidence haircut applied to the PBPK-projected disclosed-dose organ AUC,https://doi.org/10.1378/chest.126.2.509
inhaled,Inhaled / airway,aav5,AAV5,muscle,2800000000000000.0,40000000000000.0,1594818903259618.8,aav2_cf_aerosol,tgAAVCF phase 2 cystic-fibrosis aerosol study,15651683299266.293,1565168329926.6294,0.009814081879313149,0.0009814081879313148,exceeds-conservative-contextual-upper-bound,exploratory,clinical-same-route-cross-capsid,0.1,clinical same route cross capsid,clinical-same-route-cross-capsid; 0.1 evidence haircut applied to the PBPK-projected disclosed-dose organ AUC,https://doi.org/10.1378/chest.126.2.509
inhaled,Inhaled / airway,aav5,AAV5,rest,2800000000000000.0,40000000000000.0,3438682949186645.0,aav2_cf_aerosol,tgAAVCF phase 2 cystic-fibrosis aerosol study,19333684578563.645,1933368457856.3645,0.00562240976102105,0.000562240976102105,exceeds-conservative-contextual-upper-bound,exploratory,clinical-same-route-cross-capsid,0.1,clinical same route cross capsid,clinical-same-route-cross-capsid; 0.1 evidence haircut applied to the PBPK-projected disclosed-dose organ AUC,https://doi.org/10.1378/chest.126.2.509
inhaled,Inhaled / airway,aav5,AAV5,spleen,2800000000000000.0,40000000000000.0,133507590921528.9,aav2_cf_aerosol,tgAAVCF phase 2 cystic-fibrosis aerosol study,466278251442.47705,46627825144.24771,0.0034925223968466264,0.00034925223968466267,exceeds-conservative-contextual-upper-bound,exploratory,clinical-same-route-cross-capsid,0.1,clinical same route cross capsid,clinical-same-route-cross-capsid; 0.1 evidence haircut applied to the PBPK-projected disclosed-dose organ AUC,https://doi.org/10.1378/chest.126.2.509
inhaled,Inhaled / airway,aav8,AAV8,brain,2800000000000000.0,40000000000000.0,2415623295678.114,aav2_cf_aerosol,tgAAVCF phase 2 cystic-fibrosis aerosol study,56496864415.44595,5649686441.544596,0.023388110437801583,0.0023388110437801584,exceeds-conservative-contextual-upper-bound,exploratory,clinical-same-route-cross-capsid,0.1,clinical same route cross capsid,clinical-same-route-cross-capsid; 0.1 evidence haircut applied to the PBPK-projected disclosed-dose organ AUC,https://doi.org/10.1378/chest.126.2.509
inhaled,Inhaled / airway,aav8,AAV8,heart,2800000000000000.0,40000000000000.0,91810340765791.28,aav2_cf_aerosol,tgAAVCF phase 2 cystic-fibrosis aerosol study,449411727420.6944,44941172742.06944,0.0048950011912835215,0.0004895001191283522,exceeds-conservative-contextual-upper-bound,exploratory,clinical-same-route-cross-capsid,0.1,clinical same route cross capsid,clinical-same-route-cross-capsid; 0.1 evidence haircut applied to the PBPK-projected disclosed-dose organ AUC,https://doi.org/10.1378/chest.126.2.509
inhaled,Inhaled / airway,aav8,AAV8,kidney,2800000000000000.0,40000000000000.0,184723008008982.44,aav2_cf_aerosol,tgAAVCF phase 2 cystic-fibrosis aerosol study,757590494496.0796,75759049449.60796,0.004101224328586294,0.0004101224328586294,exceeds-conservative-contextual-upper-bound,exploratory,clinical-same-route-cross-capsid,0.1,clinical same route cross capsid,clinical-same-route-cross-capsid; 0.1 evidence haircut applied to the PBPK-projected disclosed-dose organ AUC,https://doi.org/10.1378/chest.126.2.509
inhaled,Inhaled / airway,aav8,AAV8,liver,2800000000000000.0,40000000000000.0,2452023797840227.0,aav2_cf_aerosol,tgAAVCF phase 2 cystic-fibrosis aerosol study,5352069049908.288,535206904990.82886,0.002182714969823073,0.00021827149698230733,exceeds-conservative-contextual-upper-bound,exploratory,clinical-same-route-cross-capsid,0.1,clinical same route cross capsid,clinical-same-route-cross-capsid; 0.1 evidence haircut applied to the PBPK-projected disclosed-dose organ AUC,https://doi.org/10.1378/chest.126.2.509
inhaled,Inhaled / airway,aav8,AAV8,lung,2800000000000000.0,40000000000000.0,4.5208628396043256e+16,aav2_cf_aerosol,tgAAVCF phase 2 cystic-fibrosis aerosol study,140745611174077.06,14074561117407.707,0.003113246655950203,0.0003113246655950203,exceeds-conservative-contextual-upper-bound,exploratory,clinical-same-route-cross-capsid,0.1,clinical same route cross capsid,clinical-same-route-cross-capsid; 0.1 evidence haircut applied to the PBPK-projected disclosed-dose organ AUC,https://doi.org/10.1378/chest.126.2.509
inhaled,Inhaled / airway,aav8,AAV8,muscle,2800000000000000.0,40000000000000.0,3956826529643070.0,aav2_cf_aerosol,tgAAVCF phase 2 cystic-fibrosis aerosol study,15651683299266.293,1565168329926.6294,0.003955615234079562,0.0003955615234079562,exceeds-conservative-contextual-upper-bound,exploratory,clinical-same-route-cross-capsid,0.1,clinical same route cross capsid,clinical-same-route-cross-capsid; 0.1 evidence haircut applied to the PBPK-projected disclosed-dose organ AUC,https://doi.org/10.1378/chest.126.2.509
inhaled,Inhaled / airway,aav8,AAV8,rest,2800000000000000.0,40000000000000.0,4702098374245715.0,aav2_cf_aerosol,tgAAVCF phase 2 cystic-fibrosis aerosol study,19333684578563.645,1933368457856.3645,0.00411171418370528,0.000411171418370528,exceeds-conservative-contextual-upper-bound,exploratory,clinical-same-route-cross-capsid,0.1,clinical same route cross capsid,clinical-same-route-cross-capsid; 0.1 evidence haircut applied to the PBPK-projected disclosed-dose organ AUC,https://doi.org/10.1378/chest.126.2.509
inhaled,Inhaled / airway,aav8,AAV8,spleen,2800000000000000.0,40000000000000.0,100196230097892.11,aav2_cf_aerosol,tgAAVCF phase 2 cystic-fibrosis aerosol study,466278251442.47705,46627825144.24771,0.004653650651196371,0.0004653650651196372,exceeds-conservative-contextual-upper-bound,exploratory,clinical-same-route-cross-capsid,0.1,clinical same route cross capsid,clinical-same-route-cross-capsid; 0.1 evidence haircut applied to the PBPK-projected disclosed-dose organ AUC,https://doi.org/10.1378/chest.126.2.509
inhaled,Inhaled / airway,aav9,AAV9,brain,2800000000000000.0,40000000000000.0,15872466061490.115,aav2_cf_aerosol,tgAAVCF phase 2 cystic-fibrosis aerosol study,56496864415.44595,5649686441.544596,0.0035594257500111484,0.00035594257500111485,exceeds-conservative-contextual-upper-bound,exploratory,clinical-same-route-cross-capsid,0.1,clinical same route cross capsid,clinical-same-route-cross-capsid; 0.1 evidence haircut applied to the PBPK-projected disclosed-dose organ AUC,https://doi.org/10.1378/chest.126.2.509
inhaled,Inhaled / airway,aav9,AAV9,heart,2800000000000000.0,40000000000000.0,126394887054595.19,aav2_cf_aerosol,tgAAVCF phase 2 cystic-fibrosis aerosol study,449411727420.6944,44941172742.06944,0.0035556163535837874,0.00035556163535837876,exceeds-conservative-contextual-upper-bound,exploratory,clinical-same-route-cross-capsid,0.1,clinical same route cross capsid,clinical-same-route-cross-capsid; 0.1 evidence haircut applied to the PBPK-projected disclosed-dose organ AUC,https://doi.org/10.1378/chest.126.2.509
inhaled,Inhaled / airway,aav9,AAV9,kidney,2800000000000000.0,40000000000000.0,213395357759661.88,aav2_cf_aerosol,tgAAVCF phase 2 cystic-fibrosis aerosol study,757590494496.0796,75759049449.60796,0.0035501732673553356,0.00035501732673553355,exceeds-conservative-contextual-upper-bound,exploratory,clinical-same-route-cross-capsid,0.1,clinical same route cross capsid,clinical-same-route-cross-capsid; 0.1 evidence haircut applied to the PBPK-projected disclosed-dose organ AUC,https://doi.org/10.1378/chest.126.2.509
inhaled,Inhaled / airway,aav9,AAV9,liver,2800000000000000.0,40000000000000.0,1529882653506208.2,aav2_cf_aerosol,tgAAVCF phase 2 cystic-fibrosis aerosol study,5352069049908.288,535206904990.82886,0.003498352659690817,0.0003498352659690817,exceeds-conservative-contextual-upper-bound,exploratory,clinical-same-route-cross-capsid,0.1,clinical same route cross capsid,clinical-same-route-cross-capsid; 0.1 evidence haircut applied to the PBPK-projected disclosed-dose organ AUC,https://doi.org/10.1378/chest.126.2.509
inhaled,Inhaled / airway,aav9,AAV9,lung,2800000000000000.0,40000000000000.0,3.954509107771742e+16,aav2_cf_aerosol,tgAAVCF phase 2 cystic-fibrosis aerosol study,140745611174077.06,14074561117407.707,0.0035591171328312695,0.000355911713283127,exceeds-conservative-contextual-upper-bound,exploratory,clinical-same-route-cross-capsid,0.1,clinical same route cross capsid,clinical-same-route-cross-capsid; 0.1 evidence haircut applied to the PBPK-projected disclosed-dose organ AUC,https://doi.org/10.1378/chest.126.2.509
inhaled,Inhaled / airway,aav9,AAV9,muscle,2800000000000000.0,40000000000000.0,4399399178922836.0,aav2_cf_aerosol,tgAAVCF phase 2 cystic-fibrosis aerosol study,15651683299266.293,1565168329926.6294,0.003557686552802991,0.0003557686552802991,exceeds-conservative-contextual-upper-bound,exploratory,clinical-same-route-cross-capsid,0.1,clinical same route cross capsid,clinical-same-route-cross-capsid; 0.1 evidence haircut applied to the PBPK-projected disclosed-dose organ AUC,https://doi.org/10.1378/chest.126.2.509
inhaled,Inhaled / airway,aav9,AAV9,rest,2800000000000000.0,40000000000000.0,5432298261154154.0,aav2_cf_aerosol,tgAAVCF phase 2 cystic-fibrosis aerosol study,19333684578563.645,1933368457856.3645,0.003559024863715046,0.0003559024863715046,exceeds-conservative-contextual-upper-bound,exploratory,clinical-same-route-cross-capsid,0.1,clinical same route cross capsid,clinical-same-route-cross-capsid; 0.1 evidence haircut applied to the PBPK-projected disclosed-dose organ AUC,https://doi.org/10.1378/chest.126.2.509
inhaled,Inhaled / airway,aav9,AAV9,spleen,2800000000000000.0,40000000000000.0,132276007369231.78,aav2_cf_aerosol,tgAAVCF phase 2 cystic-fibrosis aerosol study,466278251442.47705,46627825144.24771,0.0035250402602561184,0.0003525040260256119,exceeds-conservative-contextual-upper-bound,exploratory,clinical-same-route-cross-capsid,0.1,clinical same route cross capsid,clinical-same-route-cross-capsid; 0.1 evidence haircut applied to the PBPK-projected disclosed-dose organ AUC,https://doi.org/10.1378/chest.126.2.509
inhaled,Inhaled / airway,aavrh10,AAVrh.10,brain,2800000000000000.0,40000000000000.0,23069079235666.496,aav2_cf_aerosol,tgAAVCF phase 2 cystic-fibrosis aerosol study,56496864415.44595,5649686441.544596,0.002449029882740081,0.0002449029882740081,exceeds-conservative-contextual-upper-bound,exploratory,clinical-same-route-cross-capsid,0.1,clinical same route cross capsid,clinical-same-route-cross-capsid; 0.1 evidence haircut applied to the PBPK-projected disclosed-dose organ AUC,https://doi.org/10.1378/chest.126.2.509
inhaled,Inhaled / airway,aavrh10,AAVrh.10,heart,2800000000000000.0,40000000000000.0,129731648658391.81,aav2_cf_aerosol,tgAAVCF phase 2 cystic-fibrosis aerosol study,449411727420.6944,44941172742.06944,0.00346416415784618,0.00034641641578461805,exceeds-conservative-contextual-upper-bound,exploratory,clinical-same-route-cross-capsid,0.1,clinical same route cross capsid,clinical-same-route-cross-capsid; 0.1 evidence haircut applied to the PBPK-projected disclosed-dose organ AUC,https://doi.org/10.1378/chest.126.2.509
inhaled,Inhaled / airway,aavrh10,AAVrh.10,kidney,2800000000000000.0,40000000000000.0,172128724283889.28,aav2_cf_aerosol,tgAAVCF phase 2 cystic-fibrosis aerosol study,757590494496.0796,75759049449.60796,0.004401301977040143,0.0004401301977040143,exceeds-conservative-contextual-upper-bound,exploratory,clinical-same-route-cross-capsid,0.1,clinical same route cross capsid,clinical-same-route-cross-capsid; 0.1 evidence haircut applied to the PBPK-projected disclosed-dose organ AUC,https://doi.org/10.1378/chest.126.2.509
inhaled,Inhaled / airway,aavrh10,AAVrh.10,liver,2800000000000000.0,40000000000000.0,1312320177838571.0,aav2_cf_aerosol,tgAAVCF phase 2 cystic-fibrosis aerosol study,5352069049908.288,535206904990.82886,0.004078325655803982,0.0004078325655803982,exceeds-conservative-contextual-upper-bound,exploratory,clinical-same-route-cross-capsid,0.1,clinical same route cross capsid,clinical-same-route-cross-capsid; 0.1 evidence haircut applied to the PBPK-projected disclosed-dose organ AUC,https://doi.org/10.1378/chest.126.2.509
inhaled,Inhaled / airway,aavrh10,AAVrh.10,lung,2800000000000000.0,40000000000000.0,4.089193054631697e+16,aav2_cf_aerosol,tgAAVCF phase 2 cystic-fibrosis aerosol study,140745611174077.06,14074561117407.707,0.0034418920626566912,0.0003441892062656691,exceeds-conservative-contextual-upper-bound,exploratory,clinical-same-route-cross-capsid,0.1,clinical same route cross capsid,clinical-same-route-cross-capsid; 0.1 evidence haircut applied to the PBPK-projected disclosed-dose organ AUC,https://doi.org/10.1378/chest.126.2.509
inhaled,Inhaled / airway,aavrh10,AAVrh.10,muscle,2800000000000000.0,40000000000000.0,4199104605266702.0,aav2_cf_aerosol,tgAAVCF phase 2 cystic-fibrosis aerosol study,15651683299266.293,1565168329926.6294,0.003727385900231031,0.0003727385900231031,exceeds-conservative-contextual-upper-bound,exploratory,clinical-same-route-cross-capsid,0.1,clinical same route cross capsid,clinical-same-route-cross-capsid; 0.1 evidence haircut applied to the PBPK-projected disclosed-dose organ AUC,https://doi.org/10.1378/chest.126.2.509
inhaled,Inhaled / airway,aavrh10,AAVrh.10,rest,2800000000000000.0,40000000000000.0,5184818925583398.0,aav2_cf_aerosol,tgAAVCF phase 2 cystic-fibrosis aerosol study,19333684578563.645,1933368457856.3645,0.0037289025626653315,0.0003728902562665332,exceeds-conservative-contextual-upper-bound,exploratory,clinical-same-route-cross-capsid,0.1,clinical same route cross capsid,clinical-same-route-cross-capsid; 0.1 evidence haircut applied to the PBPK-projected disclosed-dose organ AUC,https://doi.org/10.1378/chest.126.2.509
inhaled,Inhaled / airway,aavrh10,AAVrh.10,spleen,2800000000000000.0,40000000000000.0,109467058651122.97,aav2_cf_aerosol,tgAAVCF phase 2 cystic-fibrosis aerosol study,466278251442.47705,46627825144.24771,0.004259530284160912,0.0004259530284160913,exceeds-conservative-contextual-upper-bound,exploratory,clinical-same-route-cross-capsid,0.1,clinical same route cross capsid,clinical-same-route-cross-capsid; 0.1 evidence haircut applied to the PBPK-projected disclosed-dose organ AUC,https://doi.org/10.1378/chest.126.2.509
inhaled,Inhaled / airway,php-eb,PHP.eB,brain,2800000000000000.0,40000000000000.0,15247915241250.924,aav2_cf_aerosol,tgAAVCF phase 2 cystic-fibrosis aerosol study,56496864415.44595,1694905932.4633784,0.0037052189444627976,0.00011115656833388392,exceeds-conservative-contextual-upper-bound,exploratory,clinical-same-route-cross-capsid-mouse-restricted-capsid,0.03,clinical same route cross capsid mouse restricted capsid,clinical-same-route-cross-capsid-mouse-restricted-capsid; 0.03 evidence haircut applied to the PBPK-projected disclosed-dose organ AUC,https://doi.org/10.1378/chest.126.2.509
inhaled,Inhaled / airway,php-eb,PHP.eB,heart,2800000000000000.0,40000000000000.0,94580504149425.17,aav2_cf_aerosol,tgAAVCF phase 2 cystic-fibrosis aerosol study,449411727420.6944,13482351822.62083,0.0047516317602904826,0.00014254895280871446,exceeds-conservative-contextual-upper-bound,exploratory,clinical-same-route-cross-capsid-mouse-restricted-capsid,0.03,clinical same route cross capsid mouse restricted capsid,clinical-same-route-cross-capsid-mouse-restricted-capsid; 0.03 evidence haircut applied to the PBPK-projected disclosed-dose organ AUC,https://doi.org/10.1378/chest.126.2.509
inhaled,Inhaled / airway,php-eb,PHP.eB,kidney,2800000000000000.0,40000000000000.0,150637449632709.62,aav2_cf_aerosol,tgAAVCF phase 2 cystic-fibrosis aerosol study,757590494496.0796,22727714834.882385,0.005029230754658072,0.00015087692263974215,exceeds-conservative-contextual-upper-bound,exploratory,clinical-same-route-cross-capsid-mouse-restricted-capsid,0.03,clinical same route cross capsid mouse restricted capsid,clinical-same-route-cross-capsid-mouse-restricted-capsid; 0.03 evidence haircut applied to the PBPK-projected disclosed-dose organ AUC,https://doi.org/10.1378/chest.126.2.509
inhaled,Inhaled / airway,php-eb,PHP.eB,liver,2800000000000000.0,40000000000000.0,947355036324971.8,aav2_cf_aerosol,tgAAVCF phase 2 cystic-fibrosis aerosol study,5352069049908.288,160562071497.24863,0.005649486037114774,0.00016948458111344322,exceeds-conservative-contextual-upper-bound,exploratory,clinical-same-route-cross-capsid-mouse-restricted-capsid,0.03,clinical same route cross capsid mouse restricted capsid,clinical-same-route-cross-capsid-mouse-restricted-capsid; 0.03 evidence haircut applied to the PBPK-projected disclosed-dose organ AUC,https://doi.org/10.1378/chest.126.2.509
inhaled,Inhaled / airway,php-eb,PHP.eB,lung,2800000000000000.0,40000000000000.0,4.421201590207104e+16,aav2_cf_aerosol,tgAAVCF phase 2 cystic-fibrosis aerosol study,140745611174077.06,4222368335222.3115,0.0031834244221260236,9.55027326637807e-05,exceeds-conservative-contextual-upper-bound,exploratory,clinical-same-route-cross-capsid-mouse-restricted-capsid,0.03,clinical same route cross capsid mouse restricted capsid,clinical-same-route-cross-capsid-mouse-restricted-capsid; 0.03 evidence haircut applied to the PBPK-projected disclosed-dose organ AUC,https://doi.org/10.1378/chest.126.2.509
inhaled,Inhaled / airway,php-eb,PHP.eB,muscle,2800000000000000.0,40000000000000.0,3671057361800658.0,aav2_cf_aerosol,tgAAVCF phase 2 cystic-fibrosis aerosol study,15651683299266.293,469550498977.9888,0.004263535476762238,0.00012790606430286715,exceeds-conservative-contextual-upper-bound,exploratory,clinical-same-route-cross-capsid-mouse-restricted-capsid,0.03,clinical same route cross capsid mouse restricted capsid,clinical-same-route-cross-capsid-mouse-restricted-capsid; 0.03 evidence haircut applied to the PBPK-projected disclosed-dose organ AUC,https://doi.org/10.1378/chest.126.2.509
inhaled,Inhaled / airway,php-eb,PHP.eB,rest,2800000000000000.0,40000000000000.0,4843832226063281.0,aav2_cf_aerosol,tgAAVCF phase 2 cystic-fibrosis aerosol study,19333684578563.645,580010537356.9093,0.003991402607739921,0.00011974207823219761,exceeds-conservative-contextual-upper-bound,exploratory,clinical-same-route-cross-capsid-mouse-restricted-capsid,0.03,clinical same route cross capsid mouse restricted capsid,clinical-same-route-cross-capsid-mouse-restricted-capsid; 0.03 evidence haircut applied to the PBPK-projected disclosed-dose organ AUC,https://doi.org/10.1378/chest.126.2.509
inhaled,Inhaled / airway,php-eb,PHP.eB,spleen,2800000000000000.0,40000000000000.0,100206463412055.08,aav2_cf_aerosol,tgAAVCF phase 2 cystic-fibrosis aerosol study,466278251442.47705,13988347543.274311,0.004653175409704986,0.00013959526229114956,exceeds-conservative-contextual-upper-bound,exploratory,clinical-same-route-cross-capsid-mouse-restricted-capsid,0.03,clinical same route cross capsid mouse restricted capsid,clinical-same-route-cross-capsid-mouse-restricted-capsid; 0.03 evidence haircut applied to the PBPK-projected disclosed-dose organ AUC,https://doi.org/10.1378/chest.126.2.509
inhaled,Inhaled / airway,cap-b10,CAP-B10,brain,2800000000000000.0,40000000000000.0,21319014556302.34,aav2_cf_aerosol,tgAAVCF phase 2 cystic-fibrosis aerosol study,56496864415.44595,1694905932.4633784,0.0026500692265226827,7.950207679568046e-05,exceeds-conservative-contextual-upper-bound,exploratory,clinical-same-route-cross-capsid-mouse-restricted-capsid,0.03,clinical same route cross capsid mouse restricted capsid,clinical-same-route-cross-capsid-mouse-restricted-capsid; 0.03 evidence haircut applied to the PBPK-projected disclosed-dose organ AUC,https://doi.org/10.1378/chest.126.2.509
inhaled,Inhaled / airway,cap-b10,CAP-B10,heart,2800000000000000.0,40000000000000.0,78299439154414.31,aav2_cf_aerosol,tgAAVCF phase 2 cystic-fibrosis aerosol study,449411727420.6944,13482351822.62083,0.005739654488896269,0.00017218963466688806,exceeds-conservative-contextual-upper-bound,exploratory,clinical-same-route-cross-capsid-mouse-restricted-capsid,0.03,clinical same route cross capsid mouse restricted capsid,clinical-same-route-cross-capsid-mouse-restricted-capsid; 0.03 evidence haircut applied to the PBPK-projected disclosed-dose organ AUC,https://doi.org/10.1378/chest.126.2.509
inhaled,Inhaled / airway,cap-b10,CAP-B10,kidney,2800000000000000.0,40000000000000.0,117966660182425.53,aav2_cf_aerosol,tgAAVCF phase 2 cystic-fibrosis aerosol study,757590494496.0796,22727714834.882385,0.00642207292572774,0.00019266218777183217,exceeds-conservative-contextual-upper-bound,exploratory,clinical-same-route-cross-capsid-mouse-restricted-capsid,0.03,clinical same route cross capsid mouse restricted capsid,clinical-same-route-cross-capsid-mouse-restricted-capsid; 0.03 evidence haircut applied to the PBPK-projected disclosed-dose organ AUC,https://doi.org/10.1378/chest.126.2.509
inhaled,Inhaled / airway,cap-b10,CAP-B10,liver,2800000000000000.0,40000000000000.0,418261930410395.5,aav2_cf_aerosol,tgAAVCF phase 2 cystic-fibrosis aerosol study,5352069049908.288,160562071497.24863,0.012795974629239811,0.0003838792388771943,exceeds-conservative-contextual-upper-bound,exploratory,clinical-same-route-cross-capsid-mouse-restricted-capsid,0.03,clinical same route cross capsid mouse restricted capsid,clinical-same-route-cross-capsid-mouse-restricted-capsid; 0.03 evidence haircut applied to the PBPK-projected disclosed-dose organ AUC,https://doi.org/10.1378/chest.126.2.509
inhaled,Inhaled / airway,cap-b10,CAP-B10,lung,2800000000000000.0,40000000000000.0,4.678691589365052e+16,aav2_cf_aerosol,tgAAVCF phase 2 cystic-fibrosis aerosol study,140745611174077.06,4222368335222.3115,0.0030082258786623237,9.024677635986969e-05,exceeds-conservative-contextual-upper-bound,exploratory,clinical-same-route-cross-capsid-mouse-restricted-capsid,0.03,clinical same route cross capsid mouse restricted capsid,clinical-same-route-cross-capsid-mouse-restricted-capsid; 0.03 evidence haircut applied to the PBPK-projected disclosed-dose organ AUC,https://doi.org/10.1378/chest.126.2.509
inhaled,Inhaled / airway,cap-b10,CAP-B10,muscle,2800000000000000.0,40000000000000.0,3274111709085856.0,aav2_cf_aerosol,tgAAVCF phase 2 cystic-fibrosis aerosol study,15651683299266.293,469550498977.9888,0.004780436554999616,0.00014341309664998847,exceeds-conservative-contextual-upper-bound,exploratory,clinical-same-route-cross-capsid-mouse-restricted-capsid,0.03,clinical same route cross capsid mouse restricted capsid,clinical-same-route-cross-capsid-mouse-restricted-capsid; 0.03 evidence haircut applied to the PBPK-projected disclosed-dose organ AUC,https://doi.org/10.1378/chest.126.2.509
inhaled,Inhaled / airway,cap-b10,CAP-B10,rest,2800000000000000.0,40000000000000.0,4555138413011803.0,aav2_cf_aerosol,tgAAVCF phase 2 cystic-fibrosis aerosol study,19333684578563.645,580010537356.9093,0.004244368189413688,0.00012733104568241063,exceeds-conservative-contextual-upper-bound,exploratory,clinical-same-route-cross-capsid-mouse-restricted-capsid,0.03,clinical same route cross capsid mouse restricted capsid,clinical-same-route-cross-capsid-mouse-restricted-capsid; 0.03 evidence haircut applied to the PBPK-projected disclosed-dose organ AUC,https://doi.org/10.1378/chest.126.2.509
inhaled,Inhaled / airway,cap-b10,CAP-B10,spleen,2800000000000000.0,40000000000000.0,80366061975729.28,aav2_cf_aerosol,tgAAVCF phase 2 cystic-fibrosis aerosol study,466278251442.47705,13988347543.274311,0.005801929819371939,0.00017405789458115818,exceeds-conservative-contextual-upper-bound,exploratory,clinical-same-route-cross-capsid-mouse-restricted-capsid,0.03,clinical same route cross capsid mouse restricted capsid,clinical-same-route-cross-capsid-mouse-restricted-capsid; 0.03 evidence haircut applied to the PBPK-projected disclosed-dose organ AUC,https://doi.org/10.1378/chest.126.2.509
inhaled,Inhaled / airway,lk03,AAV-LK03,brain,2800000000000000.0,40000000000000.0,1689106388954.9102,aav2_cf_aerosol,tgAAVCF phase 2 cystic-fibrosis aerosol study,56496864415.44595,5649686441.544596,0.033447783268644136,0.0033447783268644136,exceeds-conservative-contextual-upper-bound,exploratory,clinical-same-route-cross-capsid,0.1,clinical same route cross capsid,clinical-same-route-cross-capsid; 0.1 evidence haircut applied to the PBPK-projected disclosed-dose organ AUC,https://doi.org/10.1378/chest.126.2.509
inhaled,Inhaled / airway,lk03,AAV-LK03,heart,2800000000000000.0,40000000000000.0,53384072891063.7,aav2_cf_aerosol,tgAAVCF phase 2 cystic-fibrosis aerosol study,449411727420.6944,44941172742.06944,0.008418460845761437,0.0008418460845761439,exceeds-conservative-contextual-upper-bound,exploratory,clinical-same-route-cross-capsid,0.1,clinical same route cross capsid,clinical-same-route-cross-capsid; 0.1 evidence haircut applied to the PBPK-projected disclosed-dose organ AUC,https://doi.org/10.1378/chest.126.2.509
inhaled,Inhaled / airway,lk03,AAV-LK03,kidney,2800000000000000.0,40000000000000.0,124672419034407.25,aav2_cf_aerosol,tgAAVCF phase 2 cystic-fibrosis aerosol study,757590494496.0796,75759049449.60796,0.006076648711588718,0.0006076648711588718,exceeds-conservative-contextual-upper-bound,exploratory,clinical-same-route-cross-capsid,0.1,clinical same route cross capsid,clinical-same-route-cross-capsid; 0.1 evidence haircut applied to the PBPK-projected disclosed-dose organ AUC,https://doi.org/10.1378/chest.126.2.509
inhaled,Inhaled / airway,lk03,AAV-LK03,liver,2800000000000000.0,40000000000000.0,2768388859182657.5,aav2_cf_aerosol,tgAAVCF phase 2 cystic-fibrosis aerosol study,5352069049908.288,535206904990.82886,0.0019332793628885068,0.0001933279362888507,exceeds-conservative-contextual-upper-bound,exploratory,clinical-same-route-cross-capsid,0.1,clinical same route cross capsid,clinical-same-route-cross-capsid; 0.1 evidence haircut applied to the PBPK-projected disclosed-dose organ AUC,https://doi.org/10.1378/chest.126.2.509
inhaled,Inhaled / airway,lk03,AAV-LK03,lung,2800000000000000.0,40000000000000.0,4.943457798079217e+16,aav2_cf_aerosol,tgAAVCF phase 2 cystic-fibrosis aerosol study,140745611174077.06,14074561117407.707,0.0028471085811385675,0.00028471085811385675,exceeds-conservative-contextual-upper-bound,exploratory,clinical-same-route-cross-capsid,0.1,clinical same route cross capsid,clinical-same-route-cross-capsid; 0.1 evidence haircut applied to the PBPK-projected disclosed-dose organ AUC,https://doi.org/10.1378/chest.126.2.509
inhaled,Inhaled / airway,lk03,AAV-LK03,muscle,2800000000000000.0,40000000000000.0,2096382649322297.0,aav2_cf_aerosol,tgAAVCF phase 2 cystic-fibrosis aerosol study,15651683299266.293,1565168329926.6294,0.007466043140705278,0.0007466043140705278,exceeds-conservative-contextual-upper-bound,exploratory,clinical-same-route-cross-capsid,0.1,clinical same route cross capsid,clinical-same-route-cross-capsid; 0.1 evidence haircut applied to the PBPK-projected disclosed-dose organ AUC,https://doi.org/10.1378/chest.126.2.509
inhaled,Inhaled / airway,lk03,AAV-LK03,rest,2800000000000000.0,40000000000000.0,3170353158678216.0,aav2_cf_aerosol,tgAAVCF phase 2 cystic-fibrosis aerosol study,19333684578563.645,1933368457856.3645,0.006098274738144392,0.0006098274738144392,exceeds-conservative-contextual-upper-bound,exploratory,clinical-same-route-cross-capsid,0.1,clinical same route cross capsid,clinical-same-route-cross-capsid; 0.1 evidence haircut applied to the PBPK-projected disclosed-dose organ AUC,https://doi.org/10.1378/chest.126.2.509
inhaled,Inhaled / airway,lk03,AAV-LK03,spleen,2800000000000000.0,40000000000000.0,69251532455560.53,aav2_cf_aerosol,tgAAVCF phase 2 cystic-fibrosis aerosol study,466278251442.47705,46627825144.24771,0.006733110949446395,0.0006733110949446396,exceeds-conservative-contextual-upper-bound,exploratory,clinical-same-route-cross-capsid,0.1,clinical same route cross capsid,clinical-same-route-cross-capsid; 0.1 evidence haircut applied to the PBPK-projected disclosed-dose organ AUC,https://doi.org/10.1378/chest.126.2.509
