scope,parameter,description,value,unit,evidence_type,species,source,rationale,confidence,calibration_priority,code_location,evidence_scope,literature_value,comparison_to_literature,source_url,scope_zh,description_zh,unit_zh,evidence_type_zh,species_zh,rationale_zh,confidence_zh,calibration_priority_zh,evidence_scope_zh,literature_value_zh,comparison_to_literature_zh
mouse_pbpk,Bmax_bbb,"BBB binding, trafficking or capacity parameter",10000000,mixed; see equation,assumed,mouse-scale,"Nonnenmacher and Weber 2012, doi:10.1038/gt.2012.6; Riyad and Weber 2021, doi:10.1038/s41434-021-00243-z",BBB mechanism is represented explicitly; numerical rate is not fitted,low,high,model/ode1.0.py:make_params,mechanistic-only,,,https://doi.org/10.1038/gt.2012.6; https://doi.org/10.1038/s41434-021-00243-z,小鼠 PBPK,血脑屏障结合、转运或容量参数,混合单位，见对应方程,假设值,小鼠尺度,显式表示 BBB 机制，但数值速率尚未拟合,低,高,仅支持机制，不能直接约束数值,,
mouse_pbpk,Bmax_cns,"CNS-cell uptake, trafficking or expression parameter",30000000,mixed; see equation,assumed,mouse-scale,"Nonnenmacher and Weber 2012, doi:10.1038/gt.2012.6; Riyad and Weber 2021, doi:10.1038/s41434-021-00243-z",Transferred intracellular chain with CNS-specific exploratory values,low,high,model/ode1.0.py:make_params,mechanistic-only,,,https://doi.org/10.1038/gt.2012.6; https://doi.org/10.1038/s41434-021-00243-z,小鼠 PBPK,CNS 细胞摄取、转运或表达参数,混合单位，见对应方程,假设值,小鼠尺度,沿用胞内转运链，并采用 CNS 特异的探索性数值,低,高,仅支持机制，不能直接约束数值,,
mouse_pbpk,Bmax_pt_apical,"Kidney filtration, proximal-tubule uptake or trafficking parameter",50000000,mixed; see equation,assumed,mouse-scale,"Christensen and Birn 2002, doi:10.1038/nrm778 (mechanistic proximal-tubule endocytosis only)",Dual-entry mechanism is biologically motivated; intact-AAV rates remain provisional,low,high,model/ode1.0.py:make_params,mechanistic-only,,,https://doi.org/10.1038/nrm778,小鼠 PBPK,肾滤过、近端小管摄取或转运参数,混合单位，见对应方程,假设值,小鼠尺度,双入口机制具有生物学依据，但完整 AAV 的速率仍为暂定值,低,高,仅支持机制，不能直接约束数值,,
mouse_pbpk,Bmax_pt_bsl,"Kidney filtration, proximal-tubule uptake or trafficking parameter",20000000,mixed; see equation,assumed,mouse-scale,"Christensen and Birn 2002, doi:10.1038/nrm778 (mechanistic proximal-tubule endocytosis only)",Dual-entry mechanism is biologically motivated; intact-AAV rates remain provisional,low,high,model/ode1.0.py:make_params,mechanistic-only,,,https://doi.org/10.1038/nrm778,小鼠 PBPK,肾滤过、近端小管摄取或转运参数,混合单位，见对应方程,假设值,小鼠尺度,双入口机制具有生物学依据，但完整 AAV 的速率仍为暂定值,低,高,仅支持机制，不能直接约束数值,,
mouse_pbpk,CL_blood,Model parameter,0,see code,assumed,model,Current model structural prior; requires project-specific calibration,Retained for full auditability,low,medium,model/ode1.0.py:make_params,structural/design,,,,小鼠 PBPK,模型参数,见代码,假设值,模型,为完整审计而保留,低,中,模型结构或设计输入,,
mouse_pbpk,CO,Reference cardiac output,840,mL/h,direct/scaled,adult mouse,Brown et al. 1997; Davies and Morris 1993; Shah and Betts 2012/2013,14 mL/min reference for an unanesthetized 25 g mouse,medium,low,model/ode1.0.py:make_params,physiology-scaled,12-16 mL/min; reference mean 13.98 mL/min,updated from 25 to 840 mL/h; previous value was an effective exchange rate,https://pubmed.ncbi.nlm.nih.gov/8378254/; https://pmc.ncbi.nlm.nih.gov/articles/PMC3727051/,小鼠 PBPK,参考心输出量,mL/h,直接证据/缩放值,成年小鼠,14 mL/min reference for an unanesthetized 25 g mouse,中,低,生理学缩放证据,12-16 mL/min; reference mean 13.98 mL/min,updated from 25 to 840 mL/h; previous value was an effective exchange rate
mouse_pbpk,EC50_ab,"Cellular uptake, intracellular trafficking, immune or expression parameter",10000000000,mixed; see equation,assumed,generic mammalian cell,"Pillay et al. 2016, doi:10.1038/nature16465; Nonnenmacher and Weber 2012, doi:10.1038/gt.2012.6; Riyad and Weber 2021, doi:10.1038/s41434-021-00243-z",Mechanistic step is literature-supported; present numerical value is an exploratory prior,low,high,model/ode1.0.py:make_params,mechanistic-only,,,https://doi.org/10.1038/nature16465,小鼠 PBPK,细胞摄取、胞内转运、免疫或表达参数,混合单位，见对应方程,假设值,通用哺乳动物细胞,机制步骤有文献支持，但当前数值仍是探索性先验,低,高,仅支持机制，不能直接约束数值,,
mouse_pbpk,EC50_cns_tx,"Cellular uptake, intracellular trafficking, immune or expression parameter",200000,mixed; see equation,assumed,generic mammalian cell,"Pillay et al. 2016, doi:10.1038/nature16465; Nonnenmacher and Weber 2012, doi:10.1038/gt.2012.6; Riyad and Weber 2021, doi:10.1038/s41434-021-00243-z",Mechanistic step is literature-supported; present numerical value is an exploratory prior,low,high,model/ode1.0.py:make_params,mechanistic-only,,,https://doi.org/10.1038/nature16465,小鼠 PBPK,细胞摄取、胞内转运、免疫或表达参数,混合单位，见对应方程,假设值,通用哺乳动物细胞,机制步骤有文献支持，但当前数值仍是探索性先验,低,高,仅支持机制，不能直接约束数值,,
mouse_pbpk,EC50_kidney_tx,"Cellular uptake, intracellular trafficking, immune or expression parameter",100,mixed; see equation,assumed,generic mammalian cell,"Pillay et al. 2016, doi:10.1038/nature16465; Nonnenmacher and Weber 2012, doi:10.1038/gt.2012.6; Riyad and Weber 2021, doi:10.1038/s41434-021-00243-z",Mechanistic step is literature-supported; present numerical value is an exploratory prior,low,high,model/ode1.0.py:make_params,mechanistic-only,,,https://doi.org/10.1038/nature16465,小鼠 PBPK,细胞摄取、胞内转运、免疫或表达参数,混合单位，见对应方程,假设值,通用哺乳动物细胞,机制步骤有文献支持，但当前数值仍是探索性先验,低,高,仅支持机制，不能直接约束数值,,
mouse_pbpk,EC50_tx,"Cellular uptake, intracellular trafficking, immune or expression parameter",100,mixed; see equation,assumed,generic mammalian cell,"Pillay et al. 2016, doi:10.1038/nature16465; Nonnenmacher and Weber 2012, doi:10.1038/gt.2012.6; Riyad and Weber 2021, doi:10.1038/s41434-021-00243-z",Mechanistic step is literature-supported; present numerical value is an exploratory prior,low,high,model/ode1.0.py:make_params,mechanistic-only,,,https://doi.org/10.1038/nature16465,小鼠 PBPK,细胞摄取、胞内转运、免疫或表达参数,混合单位，见对应方程,假设值,通用哺乳动物细胞,机制步骤有文献支持，但当前数值仍是探索性先验,低,高,仅支持机制，不能直接约束数值,,
mouse_pbpk,Kp_brain,Tissue-to-plasma partition coefficient,0.04,dimensionless,assumed,adult mouse,"Liu et al. 2024, doi:10.1016/j.xphs.2023.10.005","Exploratory ISF exchange prior; Liu whole-tissue T/B ratios are calibration targets, not direct Kp replacements",low,high,model/ode1.0.py:make_params,mechanistic-only,Liu 2024 whole-tissue T/B ~2,"not directly comparable: observed whole tissue includes vascular, cellular and nuclear vector",https://doi.org/10.1016/j.xphs.2023.10.005,小鼠 PBPK,组织-血浆分配系数,无量纲,假设值,成年小鼠,"Exploratory ISF exchange prior; Liu whole-tissue T/B ratios are calibration targets, not direct Kp replacements",低,高,仅支持机制，不能直接约束数值,Liu 2024 whole-tissue T/B ~2,"not directly comparable: observed whole tissue includes vascular, cellular and nuclear vector"
mouse_pbpk,Kp_heart,Tissue-to-plasma partition coefficient,0.6,dimensionless,assumed,adult mouse,"Liu et al. 2024, doi:10.1016/j.xphs.2023.10.005","Exploratory ISF exchange prior; Liu whole-tissue T/B ratios are calibration targets, not direct Kp replacements",low,high,model/ode1.0.py:make_params,mechanistic-only,Liu 2024 whole-tissue T/B ~10,"not directly comparable: observed whole tissue includes vascular, cellular and nuclear vector",https://doi.org/10.1016/j.xphs.2023.10.005,小鼠 PBPK,组织-血浆分配系数,无量纲,假设值,成年小鼠,"Exploratory ISF exchange prior; Liu whole-tissue T/B ratios are calibration targets, not direct Kp replacements",低,高,仅支持机制，不能直接约束数值,Liu 2024 whole-tissue T/B ~10,"not directly comparable: observed whole tissue includes vascular, cellular and nuclear vector"
mouse_pbpk,Kp_kidney,Tissue-to-plasma partition coefficient,0.8,dimensionless,assumed,adult mouse,"Liu et al. 2024, doi:10.1016/j.xphs.2023.10.005","Exploratory ISF exchange prior; Liu whole-tissue T/B ratios are calibration targets, not direct Kp replacements",low,high,model/ode1.0.py:make_params,mechanistic-only,Liu 2024 whole-tissue T/B ~2,"not directly comparable: observed whole tissue includes vascular, cellular and nuclear vector",https://doi.org/10.1016/j.xphs.2023.10.005,小鼠 PBPK,组织-血浆分配系数,无量纲,假设值,成年小鼠,"Exploratory ISF exchange prior; Liu whole-tissue T/B ratios are calibration targets, not direct Kp replacements",低,高,仅支持机制，不能直接约束数值,Liu 2024 whole-tissue T/B ~2,"not directly comparable: observed whole tissue includes vascular, cellular and nuclear vector"
mouse_pbpk,Kp_liver,Tissue-to-plasma partition coefficient,1.5,dimensionless,assumed,adult mouse,"Liu et al. 2024, doi:10.1016/j.xphs.2023.10.005","Exploratory ISF exchange prior; Liu whole-tissue T/B ratios are calibration targets, not direct Kp replacements",low,high,model/ode1.0.py:make_params,mechanistic-only,Liu 2024 whole-tissue T/B ~50,"not directly comparable: observed whole tissue includes vascular, cellular and nuclear vector",https://doi.org/10.1016/j.xphs.2023.10.005,小鼠 PBPK,组织-血浆分配系数,无量纲,假设值,成年小鼠,"Exploratory ISF exchange prior; Liu whole-tissue T/B ratios are calibration targets, not direct Kp replacements",低,高,仅支持机制，不能直接约束数值,Liu 2024 whole-tissue T/B ~50,"not directly comparable: observed whole tissue includes vascular, cellular and nuclear vector"
mouse_pbpk,Kp_lung,Tissue-to-plasma partition coefficient,0.7,dimensionless,assumed,adult mouse,"Liu et al. 2024, doi:10.1016/j.xphs.2023.10.005","Exploratory ISF exchange prior; Liu whole-tissue T/B ratios are calibration targets, not direct Kp replacements",low,high,model/ode1.0.py:make_params,mechanistic-only,Liu 2024 whole-tissue T/B ~2,"not directly comparable: observed whole tissue includes vascular, cellular and nuclear vector",https://doi.org/10.1016/j.xphs.2023.10.005,小鼠 PBPK,组织-血浆分配系数,无量纲,假设值,成年小鼠,"Exploratory ISF exchange prior; Liu whole-tissue T/B ratios are calibration targets, not direct Kp replacements",低,高,仅支持机制，不能直接约束数值,Liu 2024 whole-tissue T/B ~2,"not directly comparable: observed whole tissue includes vascular, cellular and nuclear vector"
mouse_pbpk,Kp_muscle,Tissue-to-plasma partition coefficient,0.5,dimensionless,assumed,adult mouse,"Liu et al. 2024, doi:10.1016/j.xphs.2023.10.005","Exploratory ISF exchange prior; Liu whole-tissue T/B ratios are calibration targets, not direct Kp replacements",low,high,model/ode1.0.py:make_params,mechanistic-only,Liu 2024 whole-tissue T/B ~10,"not directly comparable: observed whole tissue includes vascular, cellular and nuclear vector",https://doi.org/10.1016/j.xphs.2023.10.005,小鼠 PBPK,组织-血浆分配系数,无量纲,假设值,成年小鼠,"Exploratory ISF exchange prior; Liu whole-tissue T/B ratios are calibration targets, not direct Kp replacements",低,高,仅支持机制，不能直接约束数值,Liu 2024 whole-tissue T/B ~10,"not directly comparable: observed whole tissue includes vascular, cellular and nuclear vector"
mouse_pbpk,Kp_rest,Tissue-to-plasma partition coefficient,0.4,dimensionless,assumed,adult mouse,"Liu et al. 2024, doi:10.1016/j.xphs.2023.10.005","Exploratory ISF exchange prior; Liu whole-tissue T/B ratios are calibration targets, not direct Kp replacements",low,high,model/ode1.0.py:make_params,mechanistic-only,Liu 2024 whole-tissue T/B not directly comparable,"not directly comparable: observed whole tissue includes vascular, cellular and nuclear vector",https://doi.org/10.1016/j.xphs.2023.10.005,小鼠 PBPK,组织-血浆分配系数,无量纲,假设值,成年小鼠,"Exploratory ISF exchange prior; Liu whole-tissue T/B ratios are calibration targets, not direct Kp replacements",低,高,仅支持机制，不能直接约束数值,Liu 2024 whole-tissue T/B not directly comparable,"not directly comparable: observed whole tissue includes vascular, cellular and nuclear vector"
mouse_pbpk,Kp_spleen,Tissue-to-plasma partition coefficient,1.2,dimensionless,assumed,adult mouse,"Liu et al. 2024, doi:10.1016/j.xphs.2023.10.005","Exploratory ISF exchange prior; Liu whole-tissue T/B ratios are calibration targets, not direct Kp replacements",low,high,model/ode1.0.py:make_params,mechanistic-only,Liu 2024 whole-tissue T/B ~2,"not directly comparable: observed whole tissue includes vascular, cellular and nuclear vector",https://doi.org/10.1016/j.xphs.2023.10.005,小鼠 PBPK,组织-血浆分配系数,无量纲,假设值,成年小鼠,"Exploratory ISF exchange prior; Liu whole-tissue T/B ratios are calibration targets, not direct Kp replacements",低,高,仅支持机制，不能直接约束数值,Liu 2024 whole-tissue T/B ~2,"not directly comparable: observed whole tissue includes vascular, cellular and nuclear vector"
mouse_pbpk,PS_brain,Permeability-surface area product,5e-05,mL/h,assumed,adult mouse,"Liu et al. 2024, doi:10.1016/j.xphs.2023.10.005",Mechanistic PBPK parameter; present value chosen for organ ordering and requires fit,low,high,model/ode1.0.py:make_params,mechanistic-only,,,https://doi.org/10.1016/j.xphs.2023.10.005,小鼠 PBPK,通透性-表面积乘积,mL/h,假设值,成年小鼠,机制性 PBPK 参数；当前数值用于形成器官排序，仍需拟合,低,高,仅支持机制，不能直接约束数值,,
mouse_pbpk,PS_heart,Permeability-surface area product,0.05,mL/h,assumed,adult mouse,"Liu et al. 2024, doi:10.1016/j.xphs.2023.10.005",Mechanistic PBPK parameter; present value chosen for organ ordering and requires fit,low,high,model/ode1.0.py:make_params,mechanistic-only,,,https://doi.org/10.1016/j.xphs.2023.10.005,小鼠 PBPK,通透性-表面积乘积,mL/h,假设值,成年小鼠,机制性 PBPK 参数；当前数值用于形成器官排序，仍需拟合,低,高,仅支持机制，不能直接约束数值,,
mouse_pbpk,PS_kidney,Permeability-surface area product,0.08,mL/h,assumed,adult mouse,"Liu et al. 2024, doi:10.1016/j.xphs.2023.10.005",Mechanistic PBPK parameter; present value chosen for organ ordering and requires fit,low,high,model/ode1.0.py:make_params,mechanistic-only,,,https://doi.org/10.1016/j.xphs.2023.10.005,小鼠 PBPK,通透性-表面积乘积,mL/h,假设值,成年小鼠,机制性 PBPK 参数；当前数值用于形成器官排序，仍需拟合,低,高,仅支持机制，不能直接约束数值,,
mouse_pbpk,PS_liver,Permeability-surface area product,0.2,mL/h,assumed,adult mouse,"Liu et al. 2024, doi:10.1016/j.xphs.2023.10.005",Mechanistic PBPK parameter; present value chosen for organ ordering and requires fit,low,high,model/ode1.0.py:make_params,mechanistic-only,,,https://doi.org/10.1016/j.xphs.2023.10.005,小鼠 PBPK,通透性-表面积乘积,mL/h,假设值,成年小鼠,机制性 PBPK 参数；当前数值用于形成器官排序，仍需拟合,低,高,仅支持机制，不能直接约束数值,,
mouse_pbpk,PS_lung,Permeability-surface area product,0.1,mL/h,assumed,adult mouse,"Liu et al. 2024, doi:10.1016/j.xphs.2023.10.005",Mechanistic PBPK parameter; present value chosen for organ ordering and requires fit,low,high,model/ode1.0.py:make_params,mechanistic-only,,,https://doi.org/10.1016/j.xphs.2023.10.005,小鼠 PBPK,通透性-表面积乘积,mL/h,假设值,成年小鼠,机制性 PBPK 参数；当前数值用于形成器官排序，仍需拟合,低,高,仅支持机制，不能直接约束数值,,
mouse_pbpk,PS_muscle,Permeability-surface area product,0.03,mL/h,assumed,adult mouse,"Liu et al. 2024, doi:10.1016/j.xphs.2023.10.005",Mechanistic PBPK parameter; present value chosen for organ ordering and requires fit,low,high,model/ode1.0.py:make_params,mechanistic-only,,,https://doi.org/10.1016/j.xphs.2023.10.005,小鼠 PBPK,通透性-表面积乘积,mL/h,假设值,成年小鼠,机制性 PBPK 参数；当前数值用于形成器官排序，仍需拟合,低,高,仅支持机制，不能直接约束数值,,
mouse_pbpk,PS_rest,Permeability-surface area product,0.02,mL/h,assumed,adult mouse,"Liu et al. 2024, doi:10.1016/j.xphs.2023.10.005",Mechanistic PBPK parameter; present value chosen for organ ordering and requires fit,low,high,model/ode1.0.py:make_params,mechanistic-only,,,https://doi.org/10.1016/j.xphs.2023.10.005,小鼠 PBPK,通透性-表面积乘积,mL/h,假设值,成年小鼠,机制性 PBPK 参数；当前数值用于形成器官排序，仍需拟合,低,高,仅支持机制，不能直接约束数值,,
mouse_pbpk,PS_spleen,Permeability-surface area product,0.15,mL/h,assumed,adult mouse,"Liu et al. 2024, doi:10.1016/j.xphs.2023.10.005",Mechanistic PBPK parameter; present value chosen for organ ordering and requires fit,low,high,model/ode1.0.py:make_params,mechanistic-only,,,https://doi.org/10.1016/j.xphs.2023.10.005,小鼠 PBPK,通透性-表面积乘积,mL/h,假设值,成年小鼠,机制性 PBPK 参数；当前数值用于形成器官排序，仍需拟合,低,高,仅支持机制，不能直接约束数值,,
mouse_pbpk,Q_brain,Effective perfusion or exchange-flow parameter,0.125,mL/h,scaled,adult mouse,"Liu et al. 2024, doi:10.1016/j.xphs.2023.10.005",Physiological flow is multiplied by an explicit effective-exchange scale,low,high,model/ode1.0.py:make_params,physiology-scaled,,,https://doi.org/10.1016/j.xphs.2023.10.005,小鼠 PBPK,有效灌流或交换血流参数,mL/h,缩放值,成年小鼠,生理血流乘以显式的有效交换缩放系数,低,高,生理学缩放证据,,
mouse_pbpk,Q_heart,Effective perfusion or exchange-flow parameter,0.0625,mL/h,scaled,adult mouse,"Liu et al. 2024, doi:10.1016/j.xphs.2023.10.005",Physiological flow is multiplied by an explicit effective-exchange scale,low,high,model/ode1.0.py:make_params,physiology-scaled,,,https://doi.org/10.1016/j.xphs.2023.10.005,小鼠 PBPK,有效灌流或交换血流参数,mL/h,缩放值,成年小鼠,生理血流乘以显式的有效交换缩放系数,低,高,生理学缩放证据,,
mouse_pbpk,Q_kidney,Effective perfusion or exchange-flow parameter,0.25,mL/h,scaled,adult mouse,"Liu et al. 2024, doi:10.1016/j.xphs.2023.10.005",Physiological flow is multiplied by an explicit effective-exchange scale,low,high,model/ode1.0.py:make_params,physiology-scaled,,,https://doi.org/10.1016/j.xphs.2023.10.005,小鼠 PBPK,有效灌流或交换血流参数,mL/h,缩放值,成年小鼠,生理血流乘以显式的有效交换缩放系数,低,高,生理学缩放证据,,
mouse_pbpk,Q_liver,Effective perfusion or exchange-flow parameter,0.3125,mL/h,scaled,adult mouse,"Liu et al. 2024, doi:10.1016/j.xphs.2023.10.005",Physiological flow is multiplied by an explicit effective-exchange scale,low,high,model/ode1.0.py:make_params,physiology-scaled,,,https://doi.org/10.1016/j.xphs.2023.10.005,小鼠 PBPK,有效灌流或交换血流参数,mL/h,缩放值,成年小鼠,生理血流乘以显式的有效交换缩放系数,低,高,生理学缩放证据,,
mouse_pbpk,Q_lung,Effective perfusion or exchange-flow parameter,1.25,mL/h,scaled,adult mouse,"Liu et al. 2024, doi:10.1016/j.xphs.2023.10.005",Physiological flow is multiplied by an explicit effective-exchange scale,low,high,model/ode1.0.py:make_params,physiology-scaled,,,https://doi.org/10.1016/j.xphs.2023.10.005,小鼠 PBPK,有效灌流或交换血流参数,mL/h,缩放值,成年小鼠,生理血流乘以显式的有效交换缩放系数,低,高,生理学缩放证据,,
mouse_pbpk,Q_muscle,Effective perfusion or exchange-flow parameter,0.1875,mL/h,scaled,adult mouse,"Liu et al. 2024, doi:10.1016/j.xphs.2023.10.005",Physiological flow is multiplied by an explicit effective-exchange scale,low,high,model/ode1.0.py:make_params,physiology-scaled,,,https://doi.org/10.1016/j.xphs.2023.10.005,小鼠 PBPK,有效灌流或交换血流参数,mL/h,缩放值,成年小鼠,生理血流乘以显式的有效交换缩放系数,低,高,生理学缩放证据,,
mouse_pbpk,Q_rest,Effective perfusion or exchange-flow parameter,0.175,mL/h,scaled,adult mouse,"Liu et al. 2024, doi:10.1016/j.xphs.2023.10.005",Physiological flow is multiplied by an explicit effective-exchange scale,low,high,model/ode1.0.py:make_params,physiology-scaled,,,https://doi.org/10.1016/j.xphs.2023.10.005,小鼠 PBPK,有效灌流或交换血流参数,mL/h,缩放值,成年小鼠,生理血流乘以显式的有效交换缩放系数,低,高,生理学缩放证据,,
mouse_pbpk,Q_scale,Effective perfusion or exchange-flow parameter,0.0014880952381,dimensionless,assumed,adult mouse,"Liu et al. 2024, doi:10.1016/j.xphs.2023.10.005",Physiological flow is multiplied by an explicit effective-exchange scale,low,high,model/ode1.0.py:make_params,structural/design,,,https://doi.org/10.1016/j.xphs.2023.10.005,小鼠 PBPK,有效灌流或交换血流参数,无量纲,假设值,成年小鼠,生理血流乘以显式的有效交换缩放系数,低,高,模型结构或设计输入,,
mouse_pbpk,Q_spleen,Effective perfusion or exchange-flow parameter,0.075,mL/h,scaled,adult mouse,"Liu et al. 2024, doi:10.1016/j.xphs.2023.10.005",Physiological flow is multiplied by an explicit effective-exchange scale,low,high,model/ode1.0.py:make_params,physiology-scaled,,,https://doi.org/10.1016/j.xphs.2023.10.005,小鼠 PBPK,有效灌流或交换血流参数,mL/h,缩放值,成年小鼠,生理血流乘以显式的有效交换缩放系数,低,高,生理学缩放证据,,
mouse_pbpk,R_tot,"Cellular uptake, intracellular trafficking, immune or expression parameter",100000,mixed; see equation,assumed,generic mammalian cell,"Pillay et al. 2016, doi:10.1038/nature16465; Nonnenmacher and Weber 2012, doi:10.1038/gt.2012.6; Riyad and Weber 2021, doi:10.1038/s41434-021-00243-z",Mechanistic step is literature-supported; present numerical value is an exploratory prior,low,high,model/ode1.0.py:make_params,mechanistic-only,,,https://doi.org/10.1038/nature16465,小鼠 PBPK,细胞摄取、胞内转运、免疫或表达参数,混合单位，见对应方程,假设值,通用哺乳动物细胞,机制步骤有文献支持，但当前数值仍是探索性先验,低,高,仅支持机制，不能直接约束数值,,
mouse_pbpk,T_inf_h,Administration or model-control setting,0.166666666667,h or categorical,design,model,Current model structural prior; requires project-specific calibration,Defines the simulated scenario,not applicable,low,model/ode1.0.py:make_params,structural/design,,,,小鼠 PBPK,给药或模型控制设置,h 或类别变量,设计输入,模型,定义模拟场景,不适用,低,模型结构或设计输入,,
mouse_pbpk,V_blood,Effective compartment volume,1.5,mL,scaled,adult mouse,Brown et al. 1997; Davies and Morris 1993; Shah and Betts 2012/2013,Organ-scale values assembled for mass-conserving PBPK geometry,medium,medium,model/ode1.0.py:make_params,physiology-scaled,,,https://pubmed.ncbi.nlm.nih.gov/8378254/; https://pmc.ncbi.nlm.nih.gov/articles/PMC3727051/,小鼠 PBPK,有效隔室容积,mL,缩放值,成年小鼠,为满足质量守恒的 PBPK 几何而汇总的器官尺度数值,中,中,生理学缩放证据,,
mouse_pbpk,V_brain_isf,Effective compartment volume,0.08,mL,scaled,adult mouse,Brown et al. 1997; Davies and Morris 1993; Shah and Betts 2012/2013,Organ-scale values assembled for mass-conserving PBPK geometry,medium,medium,model/ode1.0.py:make_params,physiology-scaled,,,https://pubmed.ncbi.nlm.nih.gov/8378254/; https://pmc.ncbi.nlm.nih.gov/articles/PMC3727051/,小鼠 PBPK,有效隔室容积,mL,缩放值,成年小鼠,为满足质量守恒的 PBPK 几何而汇总的器官尺度数值,中,中,生理学缩放证据,,
mouse_pbpk,V_brain_v,Effective compartment volume,0.035,mL,scaled,adult mouse,Brown et al. 1997; Davies and Morris 1993; Shah and Betts 2012/2013,Organ-scale values assembled for mass-conserving PBPK geometry,medium,medium,model/ode1.0.py:make_params,physiology-scaled,,,https://pubmed.ncbi.nlm.nih.gov/8378254/; https://pmc.ncbi.nlm.nih.gov/articles/PMC3727051/,小鼠 PBPK,有效隔室容积,mL,缩放值,成年小鼠,为满足质量守恒的 PBPK 几何而汇总的器官尺度数值,中,中,生理学缩放证据,,
mouse_pbpk,V_heart_isf,Effective compartment volume,0.019,mL,scaled,adult mouse,Brown et al. 1997; Davies and Morris 1993; Shah and Betts 2012/2013,Organ-scale values assembled for mass-conserving PBPK geometry,medium,medium,model/ode1.0.py:make_params,physiology-scaled,,,https://pubmed.ncbi.nlm.nih.gov/8378254/; https://pmc.ncbi.nlm.nih.gov/articles/PMC3727051/,小鼠 PBPK,有效隔室容积,mL,缩放值,成年小鼠,为满足质量守恒的 PBPK 几何而汇总的器官尺度数值,中,中,生理学缩放证据,,
mouse_pbpk,V_heart_v,Effective compartment volume,0.007,mL,scaled,adult mouse,Brown et al. 1997; Davies and Morris 1993; Shah and Betts 2012/2013,Organ-scale values assembled for mass-conserving PBPK geometry,medium,medium,model/ode1.0.py:make_params,physiology-scaled,,,https://pubmed.ncbi.nlm.nih.gov/8378254/; https://pmc.ncbi.nlm.nih.gov/articles/PMC3727051/,小鼠 PBPK,有效隔室容积,mL,缩放值,成年小鼠,为满足质量守恒的 PBPK 几何而汇总的器官尺度数值,中,中,生理学缩放证据,,
mouse_pbpk,V_kidney_filtrate,Effective compartment volume,0.02,mL,scaled,adult mouse,Brown et al. 1997; Davies and Morris 1993; Shah and Betts 2012/2013,Organ-scale values assembled for mass-conserving PBPK geometry,medium,medium,model/ode1.0.py:make_params,physiology-scaled,,,https://pubmed.ncbi.nlm.nih.gov/8378254/; https://pmc.ncbi.nlm.nih.gov/articles/PMC3727051/,小鼠 PBPK,有效隔室容积,mL,缩放值,成年小鼠,为满足质量守恒的 PBPK 几何而汇总的器官尺度数值,中,中,生理学缩放证据,,
mouse_pbpk,V_kidney_isf,Effective compartment volume,0.101,mL,scaled,adult mouse,Brown et al. 1997; Davies and Morris 1993; Shah and Betts 2012/2013,Organ-scale values assembled for mass-conserving PBPK geometry,medium,medium,model/ode1.0.py:make_params,physiology-scaled,,,https://pubmed.ncbi.nlm.nih.gov/8378254/; https://pmc.ncbi.nlm.nih.gov/articles/PMC3727051/,小鼠 PBPK,有效隔室容积,mL,缩放值,成年小鼠,为满足质量守恒的 PBPK 几何而汇总的器官尺度数值,中,中,生理学缩放证据,,
mouse_pbpk,V_kidney_pt_lumen,Effective compartment volume,0.04,mL,scaled,adult mouse,Brown et al. 1997; Davies and Morris 1993; Shah and Betts 2012/2013,Organ-scale values assembled for mass-conserving PBPK geometry,medium,medium,model/ode1.0.py:make_params,physiology-scaled,,,https://pubmed.ncbi.nlm.nih.gov/8378254/; https://pmc.ncbi.nlm.nih.gov/articles/PMC3727051/,小鼠 PBPK,有效隔室容积,mL,缩放值,成年小鼠,为满足质量守恒的 PBPK 几何而汇总的器官尺度数值,中,中,生理学缩放证据,,
mouse_pbpk,V_kidney_v,Effective compartment volume,0.03,mL,scaled,adult mouse,Brown et al. 1997; Davies and Morris 1993; Shah and Betts 2012/2013,Organ-scale values assembled for mass-conserving PBPK geometry,medium,medium,model/ode1.0.py:make_params,physiology-scaled,,,https://pubmed.ncbi.nlm.nih.gov/8378254/; https://pmc.ncbi.nlm.nih.gov/articles/PMC3727051/,小鼠 PBPK,有效隔室容积,mL,缩放值,成年小鼠,为满足质量守恒的 PBPK 几何而汇总的器官尺度数值,中,中,生理学缩放证据,,
mouse_pbpk,V_liver_isf,Effective compartment volume,0.19,mL,scaled,adult mouse,Brown et al. 1997; Davies and Morris 1993; Shah and Betts 2012/2013,Organ-scale values assembled for mass-conserving PBPK geometry,medium,medium,model/ode1.0.py:make_params,physiology-scaled,,,https://pubmed.ncbi.nlm.nih.gov/8378254/; https://pmc.ncbi.nlm.nih.gov/articles/PMC3727051/,小鼠 PBPK,有效隔室容积,mL,缩放值,成年小鼠,为满足质量守恒的 PBPK 几何而汇总的器官尺度数值,中,中,生理学缩放证据,,
mouse_pbpk,V_liver_v,Effective compartment volume,0.095,mL,scaled,adult mouse,Brown et al. 1997; Davies and Morris 1993; Shah and Betts 2012/2013,Organ-scale values assembled for mass-conserving PBPK geometry,medium,medium,model/ode1.0.py:make_params,physiology-scaled,,,https://pubmed.ncbi.nlm.nih.gov/8378254/; https://pmc.ncbi.nlm.nih.gov/articles/PMC3727051/,小鼠 PBPK,有效隔室容积,mL,缩放值,成年小鼠,为满足质量守恒的 PBPK 几何而汇总的器官尺度数值,中,中,生理学缩放证据,,
mouse_pbpk,V_lung_isf,Effective compartment volume,0.057,mL,scaled,adult mouse,Brown et al. 1997; Davies and Morris 1993; Shah and Betts 2012/2013,Organ-scale values assembled for mass-conserving PBPK geometry,medium,medium,model/ode1.0.py:make_params,physiology-scaled,,,https://pubmed.ncbi.nlm.nih.gov/8378254/; https://pmc.ncbi.nlm.nih.gov/articles/PMC3727051/,小鼠 PBPK,有效隔室容积,mL,缩放值,成年小鼠,为满足质量守恒的 PBPK 几何而汇总的器官尺度数值,中,中,生理学缩放证据,,
mouse_pbpk,V_lung_v,Effective compartment volume,0.0191,mL,scaled,adult mouse,Brown et al. 1997; Davies and Morris 1993; Shah and Betts 2012/2013,Organ-scale values assembled for mass-conserving PBPK geometry,medium,medium,model/ode1.0.py:make_params,physiology-scaled,,,https://pubmed.ncbi.nlm.nih.gov/8378254/; https://pmc.ncbi.nlm.nih.gov/articles/PMC3727051/,小鼠 PBPK,有效隔室容积,mL,缩放值,成年小鼠,为满足质量守恒的 PBPK 几何而汇总的器官尺度数值,中,中,生理学缩放证据,,
mouse_pbpk,V_muscle_isf,Effective compartment volume,1.032,mL,scaled,adult mouse,Brown et al. 1997; Davies and Morris 1993; Shah and Betts 2012/2013,Organ-scale values assembled for mass-conserving PBPK geometry,medium,medium,model/ode1.0.py:make_params,physiology-scaled,,,https://pubmed.ncbi.nlm.nih.gov/8378254/; https://pmc.ncbi.nlm.nih.gov/articles/PMC3727051/,小鼠 PBPK,有效隔室容积,mL,缩放值,成年小鼠,为满足质量守恒的 PBPK 几何而汇总的器官尺度数值,中,中,生理学缩放证据,,
mouse_pbpk,V_muscle_v,Effective compartment volume,0.15,mL,scaled,adult mouse,Brown et al. 1997; Davies and Morris 1993; Shah and Betts 2012/2013,Organ-scale values assembled for mass-conserving PBPK geometry,medium,medium,model/ode1.0.py:make_params,physiology-scaled,,,https://pubmed.ncbi.nlm.nih.gov/8378254/; https://pmc.ncbi.nlm.nih.gov/articles/PMC3727051/,小鼠 PBPK,有效隔室容积,mL,缩放值,成年小鼠,为满足质量守恒的 PBPK 几何而汇总的器官尺度数值,中,中,生理学缩放证据,,
mouse_pbpk,V_rest_isf,Effective compartment volume,2.16,mL,scaled,adult mouse,Brown et al. 1997; Davies and Morris 1993; Shah and Betts 2012/2013,Organ-scale values assembled for mass-conserving PBPK geometry,medium,medium,model/ode1.0.py:make_params,physiology-scaled,,,https://pubmed.ncbi.nlm.nih.gov/8378254/; https://pmc.ncbi.nlm.nih.gov/articles/PMC3727051/,小鼠 PBPK,有效隔室容积,mL,缩放值,成年小鼠,为满足质量守恒的 PBPK 几何而汇总的器官尺度数值,中,中,生理学缩放证据,,
mouse_pbpk,V_rest_v,Effective compartment volume,0.7,mL,scaled,adult mouse,Brown et al. 1997; Davies and Morris 1993; Shah and Betts 2012/2013,Organ-scale values assembled for mass-conserving PBPK geometry,medium,medium,model/ode1.0.py:make_params,physiology-scaled,,,https://pubmed.ncbi.nlm.nih.gov/8378254/; https://pmc.ncbi.nlm.nih.gov/articles/PMC3727051/,小鼠 PBPK,有效隔室容积,mL,缩放值,成年小鼠,为满足质量守恒的 PBPK 几何而汇总的器官尺度数值,中,中,生理学缩放证据,,
mouse_pbpk,V_spleen_isf,Effective compartment volume,0.02,mL,scaled,adult mouse,Brown et al. 1997; Davies and Morris 1993; Shah and Betts 2012/2013,Organ-scale values assembled for mass-conserving PBPK geometry,medium,medium,model/ode1.0.py:make_params,physiology-scaled,,,https://pubmed.ncbi.nlm.nih.gov/8378254/; https://pmc.ncbi.nlm.nih.gov/articles/PMC3727051/,小鼠 PBPK,有效隔室容积,mL,缩放值,成年小鼠,为满足质量守恒的 PBPK 几何而汇总的器官尺度数值,中,中,生理学缩放证据,,
mouse_pbpk,V_spleen_v,Effective compartment volume,0.01,mL,scaled,adult mouse,Brown et al. 1997; Davies and Morris 1993; Shah and Betts 2012/2013,Organ-scale values assembled for mass-conserving PBPK geometry,medium,medium,model/ode1.0.py:make_params,physiology-scaled,,,https://pubmed.ncbi.nlm.nih.gov/8378254/; https://pmc.ncbi.nlm.nih.gov/articles/PMC3727051/,小鼠 PBPK,有效隔室容积,mL,缩放值,成年小鼠,为满足质量守恒的 PBPK 几何而汇总的器官尺度数值,中,中,生理学缩放证据,,
mouse_pbpk,administration,Administration or model-control setting,infusion,h or categorical,design,model,Current model structural prior; requires project-specific calibration,Defines the simulated scenario,not applicable,low,model/ode1.0.py:make_params,structural/design,,,,小鼠 PBPK,给药或模型控制设置,h 或类别变量,设计输入,模型,定义模拟场景,不适用,低,模型结构或设计输入,,
mouse_pbpk,clearance_mode,Administration or model-control setting,mechanistic,h or categorical,design,model,Current model structural prior; requires project-specific calibration,Defines the simulated scenario,not applicable,low,model/ode1.0.py:make_params,structural/design,,,,小鼠 PBPK,给药或模型控制设置,h 或类别变量,设计输入,模型,定义模拟场景,不适用,低,模型结构或设计输入,,
mouse_pbpk,dose_vg,Administered vector-genome dose,1e+12,vg,assumed,mouse-scale demo,Current model structural prior; requires project-specific calibration,"Scenario input, not a recommended dose",low,high,model/ode1.0.py:make_params,structural/design,,,,小鼠 PBPK,给药载体基因组剂量,vg,假设值,小鼠尺度演示,场景输入，并非推荐剂量,低,高,模型结构或设计输入,,
mouse_pbpk,h,"Cellular uptake, intracellular trafficking, immune or expression parameter",1.2,mixed; see equation,assumed,generic mammalian cell,"Pillay et al. 2016, doi:10.1038/nature16465; Nonnenmacher and Weber 2012, doi:10.1038/gt.2012.6; Riyad and Weber 2021, doi:10.1038/s41434-021-00243-z",Mechanistic step is literature-supported; present numerical value is an exploratory prior,low,high,model/ode1.0.py:make_params,mechanistic-only,,,https://doi.org/10.1038/nature16465,小鼠 PBPK,细胞摄取、胞内转运、免疫或表达参数,混合单位，见对应方程,假设值,通用哺乳动物细胞,机制步骤有文献支持，但当前数值仍是探索性先验,低,高,仅支持机制，不能直接约束数值,,
mouse_pbpk,h_cns_tx,"Cellular uptake, intracellular trafficking, immune or expression parameter",1.2,mixed; see equation,assumed,generic mammalian cell,"Pillay et al. 2016, doi:10.1038/nature16465; Nonnenmacher and Weber 2012, doi:10.1038/gt.2012.6; Riyad and Weber 2021, doi:10.1038/s41434-021-00243-z",Mechanistic step is literature-supported; present numerical value is an exploratory prior,low,high,model/ode1.0.py:make_params,mechanistic-only,,,https://doi.org/10.1038/nature16465,小鼠 PBPK,细胞摄取、胞内转运、免疫或表达参数,混合单位，见对应方程,假设值,通用哺乳动物细胞,机制步骤有文献支持，但当前数值仍是探索性先验,低,高,仅支持机制，不能直接约束数值,,
mouse_pbpk,h_kidney_tx,"Cellular uptake, intracellular trafficking, immune or expression parameter",1.2,mixed; see equation,assumed,generic mammalian cell,"Pillay et al. 2016, doi:10.1038/nature16465; Nonnenmacher and Weber 2012, doi:10.1038/gt.2012.6; Riyad and Weber 2021, doi:10.1038/s41434-021-00243-z",Mechanistic step is literature-supported; present numerical value is an exploratory prior,low,high,model/ode1.0.py:make_params,mechanistic-only,,,https://doi.org/10.1038/nature16465,小鼠 PBPK,细胞摄取、胞内转运、免疫或表达参数,混合单位，见对应方程,假设值,通用哺乳动物细胞,机制步骤有文献支持，但当前数值仍是探索性先验,低,高,仅支持机制，不能直接约束数值,,
mouse_pbpk,k_ab_max,"Cellular uptake, intracellular trafficking, immune or expression parameter",0.05,mixed; see equation,assumed,generic mammalian cell,"Pillay et al. 2016, doi:10.1038/nature16465; Nonnenmacher and Weber 2012, doi:10.1038/gt.2012.6; Riyad and Weber 2021, doi:10.1038/s41434-021-00243-z",Mechanistic step is literature-supported; present numerical value is an exploratory prior,low,high,model/ode1.0.py:make_params,mechanistic-only,,,https://doi.org/10.1038/nature16465,小鼠 PBPK,细胞摄取、胞内转运、免疫或表达参数,混合单位，见对应方程,假设值,通用哺乳动物细胞,机制步骤有文献支持，但当前数值仍是探索性先验,低,高,仅支持机制，不能直接约束数值,,
mouse_pbpk,k_bbb_deg,"BBB binding, trafficking or capacity parameter",0.0450096932597,mixed; see equation,assumed,mouse-scale,"Nonnenmacher and Weber 2012, doi:10.1038/gt.2012.6; Riyad and Weber 2021, doi:10.1038/s41434-021-00243-z",BBB mechanism is represented explicitly; numerical rate is not fitted,low,high,model/ode1.0.py:make_params,mechanistic-only,,,https://doi.org/10.1038/gt.2012.6; https://doi.org/10.1038/s41434-021-00243-z,小鼠 PBPK,血脑屏障结合、转运或容量参数,混合单位，见对应方程,假设值,小鼠尺度,显式表示 BBB 机制，但数值速率尚未拟合,低,高,仅支持机制，不能直接约束数值,,
mouse_pbpk,k_bbb_int,"BBB binding, trafficking or capacity parameter",0.15,mixed; see equation,assumed,mouse-scale,"Nonnenmacher and Weber 2012, doi:10.1038/gt.2012.6; Riyad and Weber 2021, doi:10.1038/s41434-021-00243-z; Bartlett et al. 2000, doi:10.1128/JVI.74.6.2777-2785.2000",BBB mechanism is represented explicitly; numerical rate is not fitted,low,high,model/ode1.0.py:make_params,mechanistic-only,AAV2-HeLa cell-surface internalization t1/2 <10 min,"model rates are much slower; retained because serotype, cell type and in-vivo accessibility are not comparable",https://doi.org/10.1128/JVI.74.6.2777-2785.2000,小鼠 PBPK,血脑屏障结合、转运或容量参数,混合单位，见对应方程,假设值,小鼠尺度,显式表示 BBB 机制，但数值速率尚未拟合,低,高,仅支持机制，不能直接约束数值,AAV2-HeLa cell-surface internalization t1/2 <10 min,"model rates are much slower; retained because serotype, cell type and in-vivo accessibility are not comparable"
mouse_pbpk,k_bbb_off,"BBB binding, trafficking or capacity parameter",0.08,mixed; see equation,assumed,mouse-scale,"Nonnenmacher and Weber 2012, doi:10.1038/gt.2012.6; Riyad and Weber 2021, doi:10.1038/s41434-021-00243-z",BBB mechanism is represented explicitly; numerical rate is not fitted,low,high,model/ode1.0.py:make_params,mechanistic-only,,,https://doi.org/10.1038/gt.2012.6; https://doi.org/10.1038/s41434-021-00243-z,小鼠 PBPK,血脑屏障结合、转运或容量参数,混合单位，见对应方程,假设值,小鼠尺度,显式表示 BBB 机制，但数值速率尚未拟合,低,高,仅支持机制，不能直接约束数值,,
mouse_pbpk,k_bbb_on,"BBB binding, trafficking or capacity parameter",1e-13,mixed; see equation,assumed,mouse-scale,"Nonnenmacher and Weber 2012, doi:10.1038/gt.2012.6; Riyad and Weber 2021, doi:10.1038/s41434-021-00243-z",BBB mechanism is represented explicitly; numerical rate is not fitted,low,high,model/ode1.0.py:make_params,mechanistic-only,,,https://doi.org/10.1038/gt.2012.6; https://doi.org/10.1038/s41434-021-00243-z,小鼠 PBPK,血脑屏障结合、转运或容量参数,混合单位，见对应方程,假设值,小鼠尺度,显式表示 BBB 机制，但数值速率尚未拟合,低,高,仅支持机制，不能直接约束数值,,
mouse_pbpk,k_bbb_recycle,"BBB binding, trafficking or capacity parameter",0.12,mixed; see equation,assumed,mouse-scale,"Nonnenmacher and Weber 2012, doi:10.1038/gt.2012.6; Riyad and Weber 2021, doi:10.1038/s41434-021-00243-z",BBB mechanism is represented explicitly; numerical rate is not fitted,low,high,model/ode1.0.py:make_params,mechanistic-only,,,https://doi.org/10.1038/gt.2012.6; https://doi.org/10.1038/s41434-021-00243-z,小鼠 PBPK,血脑屏障结合、转运或容量参数,混合单位，见对应方程,假设值,小鼠尺度,显式表示 BBB 机制，但数值速率尚未拟合,低,高,仅支持机制，不能直接约束数值,,
mouse_pbpk,k_bbb_trans,"BBB binding, trafficking or capacity parameter",0.003,mixed; see equation,assumed,mouse-scale,"Nonnenmacher and Weber 2012, doi:10.1038/gt.2012.6; Riyad and Weber 2021, doi:10.1038/s41434-021-00243-z",BBB mechanism is represented explicitly; numerical rate is not fitted,low,high,model/ode1.0.py:make_params,mechanistic-only,,,https://doi.org/10.1038/gt.2012.6; https://doi.org/10.1038/s41434-021-00243-z,小鼠 PBPK,血脑屏障结合、转运或容量参数,混合单位，见对应方程,假设值,小鼠尺度,显式表示 BBB 机制，但数值速率尚未拟合,低,高,仅支持机制，不能直接约束数值,,
mouse_pbpk,k_clear_blood,Apparent circulating capsid loss rate,0.138629436112,1/h,direct/derived,mouse,"Wang et al. 2024, doi:10.1016/j.omtm.2024.101326; Seo et al. 2020, PMCID:PMC7193641",ln(2) divided by reported AAV9 circulation half-life,medium,medium,model/ode1.0.py:make_params,quantitative-derived,AAV9 blood half-life 5.0 h,matches,https://pmc.ncbi.nlm.nih.gov/articles/PMC11404148/; https://pmc.ncbi.nlm.nih.gov/articles/PMC7193641/,小鼠 PBPK,循环衣壳表观损失速率,h^-1,直接证据/推导值,小鼠,由 ln(2) 除以文献报道的 AAV9 循环半衰期得到,中,中,定量推导/拟合证据,AAV9 blood half-life 5.0 h,matches
mouse_pbpk,k_clear_isf,"Cellular uptake, intracellular trafficking, immune or expression parameter",0,mixed; see equation,assumed,generic mammalian cell,"Pillay et al. 2016, doi:10.1038/nature16465; Nonnenmacher and Weber 2012, doi:10.1038/gt.2012.6; Riyad and Weber 2021, doi:10.1038/s41434-021-00243-z",Mechanistic step is literature-supported; present numerical value is an exploratory prior,low,high,model/ode1.0.py:make_params,mechanistic-only,,,https://doi.org/10.1038/nature16465,小鼠 PBPK,细胞摄取、胞内转运、免疫或表达参数,混合单位，见对应方程,假设值,通用哺乳动物细胞,机制步骤有文献支持，但当前数值仍是探索性先验,低,高,仅支持机制，不能直接约束数值,,
mouse_pbpk,k_clear_vascular,"Cellular uptake, intracellular trafficking, immune or expression parameter",0,mixed; see equation,assumed,generic mammalian cell,"Pillay et al. 2016, doi:10.1038/nature16465; Nonnenmacher and Weber 2012, doi:10.1038/gt.2012.6; Riyad and Weber 2021, doi:10.1038/s41434-021-00243-z",Mechanistic step is literature-supported; present numerical value is an exploratory prior,low,high,model/ode1.0.py:make_params,mechanistic-only,,,https://doi.org/10.1038/nature16465,小鼠 PBPK,细胞摄取、胞内转运、免疫或表达参数,混合单位，见对应方程,假设值,通用哺乳动物细胞,机制步骤有文献支持，但当前数值仍是探索性先验,低,高,仅支持机制，不能直接约束数值,,
mouse_pbpk,k_cns_deg_cyto,"CNS-cell uptake, trafficking or expression parameter",0.01,mixed; see equation,assumed,mouse-scale,"Nonnenmacher and Weber 2012, doi:10.1038/gt.2012.6; Riyad and Weber 2021, doi:10.1038/s41434-021-00243-z",Transferred intracellular chain with CNS-specific exploratory values,low,high,model/ode1.0.py:make_params,mechanistic-only,,,https://doi.org/10.1038/gt.2012.6; https://doi.org/10.1038/s41434-021-00243-z,小鼠 PBPK,CNS 细胞摄取、转运或表达参数,混合单位，见对应方程,假设值,小鼠尺度,沿用胞内转运链，并采用 CNS 特异的探索性数值,低,高,仅支持机制，不能直接约束数值,,
mouse_pbpk,k_cns_deg_ds,"CNS-cell uptake, trafficking or expression parameter",0.005,mixed; see equation,assumed,mouse-scale,"Nonnenmacher and Weber 2012, doi:10.1038/gt.2012.6; Riyad and Weber 2021, doi:10.1038/s41434-021-00243-z",Transferred intracellular chain with CNS-specific exploratory values,low,high,model/ode1.0.py:make_params,mechanistic-only,,,https://doi.org/10.1038/gt.2012.6; https://doi.org/10.1038/s41434-021-00243-z,小鼠 PBPK,CNS 细胞摄取、转运或表达参数,混合单位，见对应方程,假设值,小鼠尺度,沿用胞内转运链，并采用 CNS 特异的探索性数值,低,高,仅支持机制，不能直接约束数值,,
mouse_pbpk,k_cns_deg_ee,"CNS-cell uptake, trafficking or expression parameter",0.02,mixed; see equation,assumed,mouse-scale,"Nonnenmacher and Weber 2012, doi:10.1038/gt.2012.6; Riyad and Weber 2021, doi:10.1038/s41434-021-00243-z",Transferred intracellular chain with CNS-specific exploratory values,low,high,model/ode1.0.py:make_params,mechanistic-only,,,https://doi.org/10.1038/gt.2012.6; https://doi.org/10.1038/s41434-021-00243-z,小鼠 PBPK,CNS 细胞摄取、转运或表达参数,混合单位，见对应方程,假设值,小鼠尺度,沿用胞内转运链，并采用 CNS 特异的探索性数值,低,高,仅支持机制，不能直接约束数值,,
mouse_pbpk,k_cns_deg_m,RNA or protein first-order turnover,0.115524530093,1/h,assumed/derived,generic mammalian cell,Current model structural prior; requires project-specific calibration,Calculated from 6 h RNA or 48 h protein half-life; target-specific values are needed,low,high,model/ode1.0.py:make_params,structural/design,,,,小鼠 PBPK,RNA 或蛋白一阶周转速率,h^-1,假设/推导值,通用哺乳动物细胞,由 6 h RNA 或 48 h 蛋白半衰期推导；需要靶标特异数值,低,高,模型结构或设计输入,,
mouse_pbpk,k_cns_deg_ncap,"CNS-cell uptake, trafficking or expression parameter",0.005,mixed; see equation,assumed,mouse-scale,"Nonnenmacher and Weber 2012, doi:10.1038/gt.2012.6; Riyad and Weber 2021, doi:10.1038/s41434-021-00243-z",Transferred intracellular chain with CNS-specific exploratory values,low,high,model/ode1.0.py:make_params,mechanistic-only,,,https://doi.org/10.1038/gt.2012.6; https://doi.org/10.1038/s41434-021-00243-z,小鼠 PBPK,CNS 细胞摄取、转运或表达参数,混合单位，见对应方程,假设值,小鼠尺度,沿用胞内转运链，并采用 CNS 特异的探索性数值,低,高,仅支持机制，不能直接约束数值,,
mouse_pbpk,k_cns_deg_p,RNA or protein first-order turnover,0.0144405662617,1/h,assumed/derived,generic mammalian cell,Current model structural prior; requires project-specific calibration,Calculated from 6 h RNA or 48 h protein half-life; target-specific values are needed,low,high,model/ode1.0.py:make_params,structural/design,,,,小鼠 PBPK,RNA 或蛋白一阶周转速率,h^-1,假设/推导值,通用哺乳动物细胞,由 6 h RNA 或 48 h 蛋白半衰期推导；需要靶标特异数值,低,高,模型结构或设计输入,,
mouse_pbpk,k_cns_deg_ss,"CNS-cell uptake, trafficking or expression parameter",0.02,mixed; see equation,assumed,mouse-scale,"Nonnenmacher and Weber 2012, doi:10.1038/gt.2012.6; Riyad and Weber 2021, doi:10.1038/s41434-021-00243-z",Transferred intracellular chain with CNS-specific exploratory values,low,high,model/ode1.0.py:make_params,mechanistic-only,,,https://doi.org/10.1038/gt.2012.6; https://doi.org/10.1038/s41434-021-00243-z,小鼠 PBPK,CNS 细胞摄取、转运或表达参数,混合单位，见对应方程,假设值,小鼠尺度,沿用胞内转运链，并采用 CNS 特异的探索性数值,低,高,仅支持机制，不能直接约束数值,,
mouse_pbpk,k_cns_ds,"CNS-cell uptake, trafficking or expression parameter",0.01,mixed; see equation,assumed,mouse-scale,"Nonnenmacher and Weber 2012, doi:10.1038/gt.2012.6; Riyad and Weber 2021, doi:10.1038/s41434-021-00243-z",Transferred intracellular chain with CNS-specific exploratory values,low,high,model/ode1.0.py:make_params,mechanistic-only,,,https://doi.org/10.1038/gt.2012.6; https://doi.org/10.1038/s41434-021-00243-z,小鼠 PBPK,CNS 细胞摄取、转运或表达参数,混合单位，见对应方程,假设值,小鼠尺度,沿用胞内转运链，并采用 CNS 特异的探索性数值,低,高,仅支持机制，不能直接约束数值,,
mouse_pbpk,k_cns_ee_le,"CNS-cell uptake, trafficking or expression parameter",0.25,mixed; see equation,assumed,mouse-scale,"Nonnenmacher and Weber 2012, doi:10.1038/gt.2012.6; Riyad and Weber 2021, doi:10.1038/s41434-021-00243-z",Transferred intracellular chain with CNS-specific exploratory values,low,high,model/ode1.0.py:make_params,mechanistic-only,,,https://doi.org/10.1038/gt.2012.6; https://doi.org/10.1038/s41434-021-00243-z,小鼠 PBPK,CNS 细胞摄取、转运或表达参数,混合单位，见对应方程,假设值,小鼠尺度,沿用胞内转运链，并采用 CNS 特异的探索性数值,低,高,仅支持机制，不能直接约束数值,,
mouse_pbpk,k_cns_epi,"CNS-cell uptake, trafficking or expression parameter",0.01,mixed; see equation,assumed,mouse-scale,"Nonnenmacher and Weber 2012, doi:10.1038/gt.2012.6; Riyad and Weber 2021, doi:10.1038/s41434-021-00243-z",Transferred intracellular chain with CNS-specific exploratory values,low,high,model/ode1.0.py:make_params,mechanistic-only,,,https://doi.org/10.1038/gt.2012.6; https://doi.org/10.1038/s41434-021-00243-z,小鼠 PBPK,CNS 细胞摄取、转运或表达参数,混合单位，见对应方程,假设值,小鼠尺度,沿用胞内转运链，并采用 CNS 特异的探索性数值,低,高,仅支持机制，不能直接约束数值,,
mouse_pbpk,k_cns_escape,"CNS-cell uptake, trafficking or expression parameter",0.008,mixed; see equation,assumed,mouse-scale,"Nonnenmacher and Weber 2012, doi:10.1038/gt.2012.6; Riyad and Weber 2021, doi:10.1038/s41434-021-00243-z",Transferred intracellular chain with CNS-specific exploratory values,low,high,model/ode1.0.py:make_params,mechanistic-only,,,https://doi.org/10.1038/gt.2012.6; https://doi.org/10.1038/s41434-021-00243-z,小鼠 PBPK,CNS 细胞摄取、转运或表达参数,混合单位，见对应方程,假设值,小鼠尺度,沿用胞内转运链，并采用 CNS 特异的探索性数值,低,高,仅支持机制，不能直接约束数值,,
mouse_pbpk,k_cns_int,"CNS-cell uptake, trafficking or expression parameter",0.15,mixed; see equation,assumed,mouse-scale,"Nonnenmacher and Weber 2012, doi:10.1038/gt.2012.6; Riyad and Weber 2021, doi:10.1038/s41434-021-00243-z; Bartlett et al. 2000, doi:10.1128/JVI.74.6.2777-2785.2000",Transferred intracellular chain with CNS-specific exploratory values,low,high,model/ode1.0.py:make_params,mechanistic-only,AAV2-HeLa cell-surface internalization t1/2 <10 min,"model rates are much slower; retained because serotype, cell type and in-vivo accessibility are not comparable",https://doi.org/10.1128/JVI.74.6.2777-2785.2000,小鼠 PBPK,CNS 细胞摄取、转运或表达参数,混合单位，见对应方程,假设值,小鼠尺度,沿用胞内转运链，并采用 CNS 特异的探索性数值,低,高,仅支持机制，不能直接约束数值,AAV2-HeLa cell-surface internalization t1/2 <10 min,"model rates are much slower; retained because serotype, cell type and in-vivo accessibility are not comparable"
mouse_pbpk,k_cns_loss_epi,"CNS-cell uptake, trafficking or expression parameter",0.012,mixed; see equation,assumed,mouse-scale,"Nonnenmacher and Weber 2012, doi:10.1038/gt.2012.6; Riyad and Weber 2021, doi:10.1038/s41434-021-00243-z",Transferred intracellular chain with CNS-specific exploratory values,low,high,model/ode1.0.py:make_params,mechanistic-only,,,https://doi.org/10.1038/gt.2012.6; https://doi.org/10.1038/s41434-021-00243-z,小鼠 PBPK,CNS 细胞摄取、转运或表达参数,混合单位，见对应方程,假设值,小鼠尺度,沿用胞内转运链，并采用 CNS 特异的探索性数值,低,高,仅支持机制，不能直接约束数值,,
mouse_pbpk,k_cns_lys,"CNS-cell uptake, trafficking or expression parameter",0.1,mixed; see equation,assumed,mouse-scale,"Nonnenmacher and Weber 2012, doi:10.1038/gt.2012.6; Riyad and Weber 2021, doi:10.1038/s41434-021-00243-z",Transferred intracellular chain with CNS-specific exploratory values,low,high,model/ode1.0.py:make_params,mechanistic-only,,,https://doi.org/10.1038/gt.2012.6; https://doi.org/10.1038/s41434-021-00243-z,小鼠 PBPK,CNS 细胞摄取、转运或表达参数,混合单位，见对应方程,假设值,小鼠尺度,沿用胞内转运链，并采用 CNS 特异的探索性数值,低,高,仅支持机制，不能直接约束数值,,
mouse_pbpk,k_cns_nuc,"CNS-cell uptake, trafficking or expression parameter",0.018,mixed; see equation,assumed,mouse-scale,"Nonnenmacher and Weber 2012, doi:10.1038/gt.2012.6; Riyad and Weber 2021, doi:10.1038/s41434-021-00243-z",Transferred intracellular chain with CNS-specific exploratory values,low,high,model/ode1.0.py:make_params,mechanistic-only,,,https://doi.org/10.1038/gt.2012.6; https://doi.org/10.1038/s41434-021-00243-z,小鼠 PBPK,CNS 细胞摄取、转运或表达参数,混合单位，见对应方程,假设值,小鼠尺度,沿用胞内转运链，并采用 CNS 特异的探索性数值,低,高,仅支持机制，不能直接约束数值,,
mouse_pbpk,k_cns_off,"CNS-cell uptake, trafficking or expression parameter",0.05,mixed; see equation,assumed,mouse-scale,"Nonnenmacher and Weber 2012, doi:10.1038/gt.2012.6; Riyad and Weber 2021, doi:10.1038/s41434-021-00243-z",Transferred intracellular chain with CNS-specific exploratory values,low,high,model/ode1.0.py:make_params,mechanistic-only,,,https://doi.org/10.1038/gt.2012.6; https://doi.org/10.1038/s41434-021-00243-z,小鼠 PBPK,CNS 细胞摄取、转运或表达参数,混合单位，见对应方程,假设值,小鼠尺度,沿用胞内转运链，并采用 CNS 特异的探索性数值,低,高,仅支持机制，不能直接约束数值,,
mouse_pbpk,k_cns_on,"CNS-cell uptake, trafficking or expression parameter",5e-12,mixed; see equation,assumed,mouse-scale,"Nonnenmacher and Weber 2012, doi:10.1038/gt.2012.6; Riyad and Weber 2021, doi:10.1038/s41434-021-00243-z",Transferred intracellular chain with CNS-specific exploratory values,low,high,model/ode1.0.py:make_params,mechanistic-only,,,https://doi.org/10.1038/gt.2012.6; https://doi.org/10.1038/s41434-021-00243-z,小鼠 PBPK,CNS 细胞摄取、转运或表达参数,混合单位，见对应方程,假设值,小鼠尺度,沿用胞内转运链，并采用 CNS 特异的探索性数值,低,高,仅支持机制，不能直接约束数值,,
mouse_pbpk,k_cns_rec,"CNS-cell uptake, trafficking or expression parameter",0.08,mixed; see equation,assumed,mouse-scale,"Nonnenmacher and Weber 2012, doi:10.1038/gt.2012.6; Riyad and Weber 2021, doi:10.1038/s41434-021-00243-z",Transferred intracellular chain with CNS-specific exploratory values,low,high,model/ode1.0.py:make_params,mechanistic-only,,,https://doi.org/10.1038/gt.2012.6; https://doi.org/10.1038/s41434-021-00243-z,小鼠 PBPK,CNS 细胞摄取、转运或表达参数,混合单位，见对应方程,假设值,小鼠尺度,沿用胞内转运链，并采用 CNS 特异的探索性数值,低,高,仅支持机制，不能直接约束数值,,
mouse_pbpk,k_cns_tl,"CNS-cell uptake, trafficking or expression parameter",4,mixed; see equation,assumed,mouse-scale,"Nonnenmacher and Weber 2012, doi:10.1038/gt.2012.6; Riyad and Weber 2021, doi:10.1038/s41434-021-00243-z",Transferred intracellular chain with CNS-specific exploratory values,low,high,model/ode1.0.py:make_params,mechanistic-only,,,https://doi.org/10.1038/gt.2012.6; https://doi.org/10.1038/s41434-021-00243-z,小鼠 PBPK,CNS 细胞摄取、转运或表达参数,混合单位，见对应方程,假设值,小鼠尺度,沿用胞内转运链，并采用 CNS 特异的探索性数值,低,高,仅支持机制，不能直接约束数值,,
mouse_pbpk,k_cns_tx,"CNS-cell uptake, trafficking or expression parameter",1.5,mixed; see equation,assumed,mouse-scale,"Nonnenmacher and Weber 2012, doi:10.1038/gt.2012.6; Riyad and Weber 2021, doi:10.1038/s41434-021-00243-z",Transferred intracellular chain with CNS-specific exploratory values,low,high,model/ode1.0.py:make_params,mechanistic-only,,,https://doi.org/10.1038/gt.2012.6; https://doi.org/10.1038/s41434-021-00243-z,小鼠 PBPK,CNS 细胞摄取、转运或表达参数,混合单位，见对应方程,假设值,小鼠尺度,沿用胞内转运链，并采用 CNS 特异的探索性数值,低,高,仅支持机制，不能直接约束数值,,
mouse_pbpk,k_cns_uncoat_cyto,"CNS-cell uptake, trafficking or expression parameter",0.004,mixed; see equation,assumed,mouse-scale,"Nonnenmacher and Weber 2012, doi:10.1038/gt.2012.6; Riyad and Weber 2021, doi:10.1038/s41434-021-00243-z",Transferred intracellular chain with CNS-specific exploratory values,low,high,model/ode1.0.py:make_params,mechanistic-only,,,https://doi.org/10.1038/gt.2012.6; https://doi.org/10.1038/s41434-021-00243-z,小鼠 PBPK,CNS 细胞摄取、转运或表达参数,混合单位，见对应方程,假设值,小鼠尺度,沿用胞内转运链，并采用 CNS 特异的探索性数值,低,高,仅支持机制，不能直接约束数值,,
mouse_pbpk,k_cns_uncoat_nuc,"CNS-cell uptake, trafficking or expression parameter",0.018,mixed; see equation,assumed,mouse-scale,"Nonnenmacher and Weber 2012, doi:10.1038/gt.2012.6; Riyad and Weber 2021, doi:10.1038/s41434-021-00243-z",Transferred intracellular chain with CNS-specific exploratory values,low,high,model/ode1.0.py:make_params,mechanistic-only,,,https://doi.org/10.1038/gt.2012.6; https://doi.org/10.1038/s41434-021-00243-z,小鼠 PBPK,CNS 细胞摄取、转运或表达参数,混合单位，见对应方程,假设值,小鼠尺度,沿用胞内转运链，并采用 CNS 特异的探索性数值,低,高,仅支持机制，不能直接约束数值,,
mouse_pbpk,k_deg_ab,"Cellular uptake, intracellular trafficking, immune or expression parameter",0.005,mixed; see equation,assumed,generic mammalian cell,"Pillay et al. 2016, doi:10.1038/nature16465; Nonnenmacher and Weber 2012, doi:10.1038/gt.2012.6; Riyad and Weber 2021, doi:10.1038/s41434-021-00243-z",Mechanistic step is literature-supported; present numerical value is an exploratory prior,low,high,model/ode1.0.py:make_params,mechanistic-only,,,https://doi.org/10.1038/nature16465,小鼠 PBPK,细胞摄取、胞内转运、免疫或表达参数,混合单位，见对应方程,假设值,通用哺乳动物细胞,机制步骤有文献支持，但当前数值仍是探索性先验,低,高,仅支持机制，不能直接约束数值,,
mouse_pbpk,k_deg_cyto,"Cellular uptake, intracellular trafficking, immune or expression parameter",0.01,mixed; see equation,assumed,generic mammalian cell,"Pillay et al. 2016, doi:10.1038/nature16465; Nonnenmacher and Weber 2012, doi:10.1038/gt.2012.6; Riyad and Weber 2021, doi:10.1038/s41434-021-00243-z",Mechanistic step is literature-supported; present numerical value is an exploratory prior,low,high,model/ode1.0.py:make_params,mechanistic-only,,,https://doi.org/10.1038/nature16465,小鼠 PBPK,细胞摄取、胞内转运、免疫或表达参数,混合单位，见对应方程,假设值,通用哺乳动物细胞,机制步骤有文献支持，但当前数值仍是探索性先验,低,高,仅支持机制，不能直接约束数值,,
mouse_pbpk,k_deg_ds,"Cellular uptake, intracellular trafficking, immune or expression parameter",0.005,mixed; see equation,assumed,generic mammalian cell,"Pillay et al. 2016, doi:10.1038/nature16465; Nonnenmacher and Weber 2012, doi:10.1038/gt.2012.6; Riyad and Weber 2021, doi:10.1038/s41434-021-00243-z",Mechanistic step is literature-supported; present numerical value is an exploratory prior,low,high,model/ode1.0.py:make_params,mechanistic-only,,,https://doi.org/10.1038/nature16465,小鼠 PBPK,细胞摄取、胞内转运、免疫或表达参数,混合单位，见对应方程,假设值,通用哺乳动物细胞,机制步骤有文献支持，但当前数值仍是探索性先验,低,高,仅支持机制，不能直接约束数值,,
mouse_pbpk,k_deg_ee,"Cellular uptake, intracellular trafficking, immune or expression parameter",0.02,mixed; see equation,assumed,generic mammalian cell,"Pillay et al. 2016, doi:10.1038/nature16465; Nonnenmacher and Weber 2012, doi:10.1038/gt.2012.6; Riyad and Weber 2021, doi:10.1038/s41434-021-00243-z",Mechanistic step is literature-supported; present numerical value is an exploratory prior,low,high,model/ode1.0.py:make_params,mechanistic-only,,,https://doi.org/10.1038/nature16465,小鼠 PBPK,细胞摄取、胞内转运、免疫或表达参数,混合单位，见对应方程,假设值,通用哺乳动物细胞,机制步骤有文献支持，但当前数值仍是探索性先验,低,高,仅支持机制，不能直接约束数值,,
mouse_pbpk,k_deg_isf_brain,Organ capsid-loss rate component,0.0292563006188,1/h,fitted/partitioned,mouse,"Wang et al. 2024, doi:10.1016/j.omtm.2024.101326; Seo et al. 2020, PMCID:PMC7193641",Organ log-linear half-life fit split 35% vascular and 65% ISF; split itself is structural,medium-low,high,model/ode1.0.py:make_params,quantitative-derived,,total fitted organ loss matches; 35/65 decomposition remains unidentifiable,https://pmc.ncbi.nlm.nih.gov/articles/PMC11404148/; https://pmc.ncbi.nlm.nih.gov/articles/PMC7193641/,小鼠 PBPK,器官衣壳损失速率分量,h^-1,拟合后分配,小鼠,器官对数线性半衰期拟合后按血管 35%、ISF 65% 分配；该比例本身是结构假设,中低,高,定量推导/拟合证据,,total fitted organ loss matches; 35/65 decomposition remains unidentifiable
mouse_pbpk,k_deg_isf_heart,Organ capsid-loss rate component,0.019447528025,1/h,fitted/partitioned,mouse,"Wang et al. 2024, doi:10.1016/j.omtm.2024.101326; Seo et al. 2020, PMCID:PMC7193641",Organ log-linear half-life fit split 35% vascular and 65% ISF; split itself is structural,medium-low,high,model/ode1.0.py:make_params,quantitative-derived,,total fitted organ loss matches; 35/65 decomposition remains unidentifiable,https://pmc.ncbi.nlm.nih.gov/articles/PMC11404148/; https://pmc.ncbi.nlm.nih.gov/articles/PMC7193641/,小鼠 PBPK,器官衣壳损失速率分量,h^-1,拟合后分配,小鼠,器官对数线性半衰期拟合后按血管 35%、ISF 65% 分配；该比例本身是结构假设,中低,高,定量推导/拟合证据,,total fitted organ loss matches; 35/65 decomposition remains unidentifiable
mouse_pbpk,k_deg_isf_kidney,Organ capsid-loss rate component,0.0212049030306,1/h,fitted/partitioned,mouse,"Wang et al. 2024, doi:10.1016/j.omtm.2024.101326; Seo et al. 2020, PMCID:PMC7193641",Organ log-linear half-life fit split 35% vascular and 65% ISF; split itself is structural,medium-low,high,model/ode1.0.py:make_params,quantitative-derived,,total fitted organ loss matches; 35/65 decomposition remains unidentifiable,https://pmc.ncbi.nlm.nih.gov/articles/PMC11404148/; https://pmc.ncbi.nlm.nih.gov/articles/PMC7193641/,小鼠 PBPK,器官衣壳损失速率分量,h^-1,拟合后分配,小鼠,器官对数线性半衰期拟合后按血管 35%、ISF 65% 分配；该比例本身是结构假设,中低,高,定量推导/拟合证据,,total fitted organ loss matches; 35/65 decomposition remains unidentifiable
mouse_pbpk,k_deg_isf_liver,Organ capsid-loss rate component,0.00771351180539,1/h,fitted/partitioned,mouse,"Wang et al. 2024, doi:10.1016/j.omtm.2024.101326; Seo et al. 2020, PMCID:PMC7193641",Organ log-linear half-life fit split 35% vascular and 65% ISF; split itself is structural,medium-low,high,model/ode1.0.py:make_params,quantitative-derived,,total fitted organ loss matches; 35/65 decomposition remains unidentifiable,https://pmc.ncbi.nlm.nih.gov/articles/PMC11404148/; https://pmc.ncbi.nlm.nih.gov/articles/PMC7193641/,小鼠 PBPK,器官衣壳损失速率分量,h^-1,拟合后分配,小鼠,器官对数线性半衰期拟合后按血管 35%、ISF 65% 分配；该比例本身是结构假设,中低,高,定量推导/拟合证据,,total fitted organ loss matches; 35/65 decomposition remains unidentifiable
mouse_pbpk,k_deg_isf_lung,Organ capsid-loss rate component,0.0210386725705,1/h,fitted/partitioned,mouse,"Wang et al. 2024, doi:10.1016/j.omtm.2024.101326; Seo et al. 2020, PMCID:PMC7193641",Organ log-linear half-life fit split 35% vascular and 65% ISF; split itself is structural,medium-low,high,model/ode1.0.py:make_params,quantitative-derived,,total fitted organ loss matches; 35/65 decomposition remains unidentifiable,https://pmc.ncbi.nlm.nih.gov/articles/PMC11404148/; https://pmc.ncbi.nlm.nih.gov/articles/PMC7193641/,小鼠 PBPK,器官衣壳损失速率分量,h^-1,拟合后分配,小鼠,器官对数线性半衰期拟合后按血管 35%、ISF 65% 分配；该比例本身是结构假设,中低,高,定量推导/拟合证据,,total fitted organ loss matches; 35/65 decomposition remains unidentifiable
mouse_pbpk,k_deg_isf_muscle,Organ capsid-loss rate component,0.0137978755916,1/h,fitted/partitioned,mouse,"Wang et al. 2024, doi:10.1016/j.omtm.2024.101326; Seo et al. 2020, PMCID:PMC7193641",Organ log-linear half-life fit split 35% vascular and 65% ISF; split itself is structural,medium-low,high,model/ode1.0.py:make_params,quantitative-derived,,total fitted organ loss matches; 35/65 decomposition remains unidentifiable,https://pmc.ncbi.nlm.nih.gov/articles/PMC11404148/; https://pmc.ncbi.nlm.nih.gov/articles/PMC7193641/,小鼠 PBPK,器官衣壳损失速率分量,h^-1,拟合后分配,小鼠,器官对数线性半衰期拟合后按血管 35%、ISF 65% 分配；该比例本身是结构假设,中低,高,定量推导/拟合证据,,total fitted organ loss matches; 35/65 decomposition remains unidentifiable
mouse_pbpk,k_deg_isf_rest,Organ capsid-loss rate component,0.0170455821356,1/h,fitted/partitioned,mouse,"Wang et al. 2024, doi:10.1016/j.omtm.2024.101326; Seo et al. 2020, PMCID:PMC7193641",Organ log-linear half-life fit split 35% vascular and 65% ISF; split itself is structural,medium-low,high,model/ode1.0.py:make_params,quantitative-derived,,total fitted organ loss matches; 35/65 decomposition remains unidentifiable,https://pmc.ncbi.nlm.nih.gov/articles/PMC11404148/; https://pmc.ncbi.nlm.nih.gov/articles/PMC7193641/,小鼠 PBPK,器官衣壳损失速率分量,h^-1,拟合后分配,小鼠,器官对数线性半衰期拟合后按血管 35%、ISF 65% 分配；该比例本身是结构假设,中低,高,定量推导/拟合证据,,total fitted organ loss matches; 35/65 decomposition remains unidentifiable
mouse_pbpk,k_deg_isf_spleen,Organ capsid-loss rate component,0.00730721832823,1/h,fitted/partitioned,mouse,"Wang et al. 2024, doi:10.1016/j.omtm.2024.101326; Seo et al. 2020, PMCID:PMC7193641",Organ log-linear half-life fit split 35% vascular and 65% ISF; split itself is structural,medium-low,high,model/ode1.0.py:make_params,quantitative-derived,,total fitted organ loss matches; 35/65 decomposition remains unidentifiable,https://pmc.ncbi.nlm.nih.gov/articles/PMC11404148/; https://pmc.ncbi.nlm.nih.gov/articles/PMC7193641/,小鼠 PBPK,器官衣壳损失速率分量,h^-1,拟合后分配,小鼠,器官对数线性半衰期拟合后按血管 35%、ISF 65% 分配；该比例本身是结构假设,中低,高,定量推导/拟合证据,,total fitted organ loss matches; 35/65 decomposition remains unidentifiable
mouse_pbpk,k_deg_m,RNA or protein first-order turnover,0.115524530093,1/h,assumed/derived,generic mammalian cell,Current model structural prior; requires project-specific calibration,Calculated from 6 h RNA or 48 h protein half-life; target-specific values are needed,low,high,model/ode1.0.py:make_params,structural/design,,,,小鼠 PBPK,RNA 或蛋白一阶周转速率,h^-1,假设/推导值,通用哺乳动物细胞,由 6 h RNA 或 48 h 蛋白半衰期推导；需要靶标特异数值,低,高,模型结构或设计输入,,
mouse_pbpk,k_deg_ncap,"Cellular uptake, intracellular trafficking, immune or expression parameter",0.005,mixed; see equation,assumed,generic mammalian cell,"Pillay et al. 2016, doi:10.1038/nature16465; Nonnenmacher and Weber 2012, doi:10.1038/gt.2012.6; Riyad and Weber 2021, doi:10.1038/s41434-021-00243-z",Mechanistic step is literature-supported; present numerical value is an exploratory prior,low,high,model/ode1.0.py:make_params,mechanistic-only,,,https://doi.org/10.1038/nature16465,小鼠 PBPK,细胞摄取、胞内转运、免疫或表达参数,混合单位，见对应方程,假设值,通用哺乳动物细胞,机制步骤有文献支持，但当前数值仍是探索性先验,低,高,仅支持机制，不能直接约束数值,,
mouse_pbpk,k_deg_p,RNA or protein first-order turnover,0.0144405662617,1/h,assumed/derived,generic mammalian cell,Current model structural prior; requires project-specific calibration,Calculated from 6 h RNA or 48 h protein half-life; target-specific values are needed,low,high,model/ode1.0.py:make_params,structural/design,,,,小鼠 PBPK,RNA 或蛋白一阶周转速率,h^-1,假设/推导值,通用哺乳动物细胞,由 6 h RNA 或 48 h 蛋白半衰期推导；需要靶标特异数值,低,高,模型结构或设计输入,,
mouse_pbpk,k_deg_ss,"Cellular uptake, intracellular trafficking, immune or expression parameter",0.02,mixed; see equation,assumed,generic mammalian cell,"Pillay et al. 2016, doi:10.1038/nature16465; Nonnenmacher and Weber 2012, doi:10.1038/gt.2012.6; Riyad and Weber 2021, doi:10.1038/s41434-021-00243-z",Mechanistic step is literature-supported; present numerical value is an exploratory prior,low,high,model/ode1.0.py:make_params,mechanistic-only,,,https://doi.org/10.1038/nature16465,小鼠 PBPK,细胞摄取、胞内转运、免疫或表达参数,混合单位，见对应方程,假设值,通用哺乳动物细胞,机制步骤有文献支持，但当前数值仍是探索性先验,低,高,仅支持机制，不能直接约束数值,,
mouse_pbpk,k_dil,"Cellular uptake, intracellular trafficking, immune or expression parameter",0,mixed; see equation,assumed,generic mammalian cell,"Pillay et al. 2016, doi:10.1038/nature16465; Nonnenmacher and Weber 2012, doi:10.1038/gt.2012.6; Riyad and Weber 2021, doi:10.1038/s41434-021-00243-z",Mechanistic step is literature-supported; present numerical value is an exploratory prior,low,high,model/ode1.0.py:make_params,mechanistic-only,,,https://doi.org/10.1038/nature16465,小鼠 PBPK,细胞摄取、胞内转运、免疫或表达参数,混合单位，见对应方程,假设值,通用哺乳动物细胞,机制步骤有文献支持，但当前数值仍是探索性先验,低,高,仅支持机制，不能直接约束数值,,
mouse_pbpk,k_ds,"Cellular uptake, intracellular trafficking, immune or expression parameter",0.01,mixed; see equation,assumed,generic mammalian cell,"Pillay et al. 2016, doi:10.1038/nature16465; Nonnenmacher and Weber 2012, doi:10.1038/gt.2012.6; Riyad and Weber 2021, doi:10.1038/s41434-021-00243-z",Mechanistic step is literature-supported; present numerical value is an exploratory prior,low,high,model/ode1.0.py:make_params,mechanistic-only,,,https://doi.org/10.1038/nature16465,小鼠 PBPK,细胞摄取、胞内转运、免疫或表达参数,混合单位，见对应方程,假设值,通用哺乳动物细胞,机制步骤有文献支持，但当前数值仍是探索性先验,低,高,仅支持机制，不能直接约束数值,,
mouse_pbpk,k_ee_le,"Cellular uptake, intracellular trafficking, immune or expression parameter",0.3,mixed; see equation,assumed,generic mammalian cell,"Pillay et al. 2016, doi:10.1038/nature16465; Nonnenmacher and Weber 2012, doi:10.1038/gt.2012.6; Riyad and Weber 2021, doi:10.1038/s41434-021-00243-z",Mechanistic step is literature-supported; present numerical value is an exploratory prior,low,high,model/ode1.0.py:make_params,mechanistic-only,,,https://doi.org/10.1038/nature16465,小鼠 PBPK,细胞摄取、胞内转运、免疫或表达参数,混合单位，见对应方程,假设值,通用哺乳动物细胞,机制步骤有文献支持，但当前数值仍是探索性先验,低,高,仅支持机制，不能直接约束数值,,
mouse_pbpk,k_epi,"Cellular uptake, intracellular trafficking, immune or expression parameter",0.01,mixed; see equation,assumed,generic mammalian cell,"Pillay et al. 2016, doi:10.1038/nature16465; Nonnenmacher and Weber 2012, doi:10.1038/gt.2012.6; Riyad and Weber 2021, doi:10.1038/s41434-021-00243-z",Mechanistic step is literature-supported; present numerical value is an exploratory prior,low,high,model/ode1.0.py:make_params,mechanistic-only,,,https://doi.org/10.1038/nature16465,小鼠 PBPK,细胞摄取、胞内转运、免疫或表达参数,混合单位，见对应方程,假设值,通用哺乳动物细胞,机制步骤有文献支持，但当前数值仍是探索性先验,低,高,仅支持机制，不能直接约束数值,,
mouse_pbpk,k_escape,"Cellular uptake, intracellular trafficking, immune or expression parameter",0.005,mixed; see equation,assumed,generic mammalian cell,"Pillay et al. 2016, doi:10.1038/nature16465; Nonnenmacher and Weber 2012, doi:10.1038/gt.2012.6; Riyad and Weber 2021, doi:10.1038/s41434-021-00243-z",Mechanistic step is literature-supported; present numerical value is an exploratory prior,low,high,model/ode1.0.py:make_params,mechanistic-only,,,https://doi.org/10.1038/nature16465,小鼠 PBPK,细胞摄取、胞内转运、免疫或表达参数,混合单位，见对应方程,假设值,通用哺乳动物细胞,机制步骤有文献支持，但当前数值仍是探索性先验,低,高,仅支持机制，不能直接约束数值,,
mouse_pbpk,k_extra_isf_clear_brain,"Cellular uptake, intracellular trafficking, immune or expression parameter",0,mixed; see equation,assumed,generic mammalian cell,"Pillay et al. 2016, doi:10.1038/nature16465; Nonnenmacher and Weber 2012, doi:10.1038/gt.2012.6; Riyad and Weber 2021, doi:10.1038/s41434-021-00243-z",Mechanistic step is literature-supported; present numerical value is an exploratory prior,low,high,model/ode1.0.py:make_params,mechanistic-only,,,https://doi.org/10.1038/nature16465,小鼠 PBPK,细胞摄取、胞内转运、免疫或表达参数,混合单位，见对应方程,假设值,通用哺乳动物细胞,机制步骤有文献支持，但当前数值仍是探索性先验,低,高,仅支持机制，不能直接约束数值,,
mouse_pbpk,k_extra_isf_clear_heart,"Cellular uptake, intracellular trafficking, immune or expression parameter",0,mixed; see equation,assumed,generic mammalian cell,"Pillay et al. 2016, doi:10.1038/nature16465; Nonnenmacher and Weber 2012, doi:10.1038/gt.2012.6; Riyad and Weber 2021, doi:10.1038/s41434-021-00243-z",Mechanistic step is literature-supported; present numerical value is an exploratory prior,low,high,model/ode1.0.py:make_params,mechanistic-only,,,https://doi.org/10.1038/nature16465,小鼠 PBPK,细胞摄取、胞内转运、免疫或表达参数,混合单位，见对应方程,假设值,通用哺乳动物细胞,机制步骤有文献支持，但当前数值仍是探索性先验,低,高,仅支持机制，不能直接约束数值,,
mouse_pbpk,k_extra_isf_clear_kidney,"Cellular uptake, intracellular trafficking, immune or expression parameter",0,mixed; see equation,assumed,generic mammalian cell,"Pillay et al. 2016, doi:10.1038/nature16465; Nonnenmacher and Weber 2012, doi:10.1038/gt.2012.6; Riyad and Weber 2021, doi:10.1038/s41434-021-00243-z",Mechanistic step is literature-supported; present numerical value is an exploratory prior,low,high,model/ode1.0.py:make_params,mechanistic-only,,,https://doi.org/10.1038/nature16465,小鼠 PBPK,细胞摄取、胞内转运、免疫或表达参数,混合单位，见对应方程,假设值,通用哺乳动物细胞,机制步骤有文献支持，但当前数值仍是探索性先验,低,高,仅支持机制，不能直接约束数值,,
mouse_pbpk,k_extra_isf_clear_liver,"Cellular uptake, intracellular trafficking, immune or expression parameter",0,mixed; see equation,assumed,generic mammalian cell,"Pillay et al. 2016, doi:10.1038/nature16465; Nonnenmacher and Weber 2012, doi:10.1038/gt.2012.6; Riyad and Weber 2021, doi:10.1038/s41434-021-00243-z",Mechanistic step is literature-supported; present numerical value is an exploratory prior,low,high,model/ode1.0.py:make_params,mechanistic-only,,,https://doi.org/10.1038/nature16465,小鼠 PBPK,细胞摄取、胞内转运、免疫或表达参数,混合单位，见对应方程,假设值,通用哺乳动物细胞,机制步骤有文献支持，但当前数值仍是探索性先验,低,高,仅支持机制，不能直接约束数值,,
mouse_pbpk,k_extra_isf_clear_lung,"Cellular uptake, intracellular trafficking, immune or expression parameter",0,mixed; see equation,assumed,generic mammalian cell,"Pillay et al. 2016, doi:10.1038/nature16465; Nonnenmacher and Weber 2012, doi:10.1038/gt.2012.6; Riyad and Weber 2021, doi:10.1038/s41434-021-00243-z",Mechanistic step is literature-supported; present numerical value is an exploratory prior,low,high,model/ode1.0.py:make_params,mechanistic-only,,,https://doi.org/10.1038/nature16465,小鼠 PBPK,细胞摄取、胞内转运、免疫或表达参数,混合单位，见对应方程,假设值,通用哺乳动物细胞,机制步骤有文献支持，但当前数值仍是探索性先验,低,高,仅支持机制，不能直接约束数值,,
mouse_pbpk,k_extra_isf_clear_muscle,"Cellular uptake, intracellular trafficking, immune or expression parameter",0,mixed; see equation,assumed,generic mammalian cell,"Pillay et al. 2016, doi:10.1038/nature16465; Nonnenmacher and Weber 2012, doi:10.1038/gt.2012.6; Riyad and Weber 2021, doi:10.1038/s41434-021-00243-z",Mechanistic step is literature-supported; present numerical value is an exploratory prior,low,high,model/ode1.0.py:make_params,mechanistic-only,,,https://doi.org/10.1038/nature16465,小鼠 PBPK,细胞摄取、胞内转运、免疫或表达参数,混合单位，见对应方程,假设值,通用哺乳动物细胞,机制步骤有文献支持，但当前数值仍是探索性先验,低,高,仅支持机制，不能直接约束数值,,
mouse_pbpk,k_extra_isf_clear_rest,"Cellular uptake, intracellular trafficking, immune or expression parameter",0,mixed; see equation,assumed,generic mammalian cell,"Pillay et al. 2016, doi:10.1038/nature16465; Nonnenmacher and Weber 2012, doi:10.1038/gt.2012.6; Riyad and Weber 2021, doi:10.1038/s41434-021-00243-z",Mechanistic step is literature-supported; present numerical value is an exploratory prior,low,high,model/ode1.0.py:make_params,mechanistic-only,,,https://doi.org/10.1038/nature16465,小鼠 PBPK,细胞摄取、胞内转运、免疫或表达参数,混合单位，见对应方程,假设值,通用哺乳动物细胞,机制步骤有文献支持，但当前数值仍是探索性先验,低,高,仅支持机制，不能直接约束数值,,
mouse_pbpk,k_extra_isf_clear_spleen,"Cellular uptake, intracellular trafficking, immune or expression parameter",0,mixed; see equation,assumed,generic mammalian cell,"Pillay et al. 2016, doi:10.1038/nature16465; Nonnenmacher and Weber 2012, doi:10.1038/gt.2012.6; Riyad and Weber 2021, doi:10.1038/s41434-021-00243-z",Mechanistic step is literature-supported; present numerical value is an exploratory prior,low,high,model/ode1.0.py:make_params,mechanistic-only,,,https://doi.org/10.1038/nature16465,小鼠 PBPK,细胞摄取、胞内转运、免疫或表达参数,混合单位，见对应方程,假设值,通用哺乳动物细胞,机制步骤有文献支持，但当前数值仍是探索性先验,低,高,仅支持机制，不能直接约束数值,,
mouse_pbpk,k_filtrate_to_pt,"Kidney filtration, proximal-tubule uptake or trafficking parameter",1.5,mixed; see equation,assumed,mouse-scale,"Christensen and Birn 2002, doi:10.1038/nrm778 (mechanistic proximal-tubule endocytosis only)",Dual-entry mechanism is biologically motivated; intact-AAV rates remain provisional,low,high,model/ode1.0.py:make_params,mechanistic-only,,,https://doi.org/10.1038/nrm778,小鼠 PBPK,肾滤过、近端小管摄取或转运参数,混合单位，见对应方程,假设值,小鼠尺度,双入口机制具有生物学依据，但完整 AAV 的速率仍为暂定值,低,高,仅支持机制，不能直接约束数值,,
mouse_pbpk,k_glom_filter,"Kidney filtration, proximal-tubule uptake or trafficking parameter",0.004,mixed; see equation,assumed,mouse-scale,"Christensen and Birn 2002, doi:10.1038/nrm778 (mechanistic proximal-tubule endocytosis only)",Dual-entry mechanism is biologically motivated; intact-AAV rates remain provisional,low,high,model/ode1.0.py:make_params,mechanistic-only,,,https://doi.org/10.1038/nrm778,小鼠 PBPK,肾滤过、近端小管摄取或转运参数,混合单位，见对应方程,假设值,小鼠尺度,双入口机制具有生物学依据，但完整 AAV 的速率仍为暂定值,低,高,仅支持机制，不能直接约束数值,,
mouse_pbpk,k_int,"Cellular uptake, intracellular trafficking, immune or expression parameter",0.2,mixed; see equation,assumed,generic mammalian cell,"Pillay et al. 2016, doi:10.1038/nature16465; Nonnenmacher and Weber 2012, doi:10.1038/gt.2012.6; Riyad and Weber 2021, doi:10.1038/s41434-021-00243-z; Bartlett et al. 2000, doi:10.1128/JVI.74.6.2777-2785.2000",Mechanistic step is literature-supported; present numerical value is an exploratory prior,low,high,model/ode1.0.py:make_params,mechanistic-only,AAV2-HeLa cell-surface internalization t1/2 <10 min,"model rates are much slower; retained because serotype, cell type and in-vivo accessibility are not comparable",https://doi.org/10.1128/JVI.74.6.2777-2785.2000,小鼠 PBPK,细胞摄取、胞内转运、免疫或表达参数,混合单位，见对应方程,假设值,通用哺乳动物细胞,机制步骤有文献支持，但当前数值仍是探索性先验,低,高,仅支持机制，不能直接约束数值,AAV2-HeLa cell-surface internalization t1/2 <10 min,"model rates are much slower; retained because serotype, cell type and in-vivo accessibility are not comparable"
mouse_pbpk,k_kidney_deg_cyto,"Kidney filtration, proximal-tubule uptake or trafficking parameter",0.01,mixed; see equation,assumed,mouse-scale,"Christensen and Birn 2002, doi:10.1038/nrm778 (mechanistic proximal-tubule endocytosis only)",Dual-entry mechanism is biologically motivated; intact-AAV rates remain provisional,low,high,model/ode1.0.py:make_params,mechanistic-only,,,https://doi.org/10.1038/nrm778,小鼠 PBPK,肾滤过、近端小管摄取或转运参数,混合单位，见对应方程,假设值,小鼠尺度,双入口机制具有生物学依据，但完整 AAV 的速率仍为暂定值,低,高,仅支持机制，不能直接约束数值,,
mouse_pbpk,k_kidney_deg_ds,"Kidney filtration, proximal-tubule uptake or trafficking parameter",0.005,mixed; see equation,assumed,mouse-scale,"Christensen and Birn 2002, doi:10.1038/nrm778 (mechanistic proximal-tubule endocytosis only)",Dual-entry mechanism is biologically motivated; intact-AAV rates remain provisional,low,high,model/ode1.0.py:make_params,mechanistic-only,,,https://doi.org/10.1038/nrm778,小鼠 PBPK,肾滤过、近端小管摄取或转运参数,混合单位，见对应方程,假设值,小鼠尺度,双入口机制具有生物学依据，但完整 AAV 的速率仍为暂定值,低,高,仅支持机制，不能直接约束数值,,
mouse_pbpk,k_kidney_deg_ee,"Kidney filtration, proximal-tubule uptake or trafficking parameter",0.02,mixed; see equation,assumed,mouse-scale,"Christensen and Birn 2002, doi:10.1038/nrm778 (mechanistic proximal-tubule endocytosis only)",Dual-entry mechanism is biologically motivated; intact-AAV rates remain provisional,low,high,model/ode1.0.py:make_params,mechanistic-only,,,https://doi.org/10.1038/nrm778,小鼠 PBPK,肾滤过、近端小管摄取或转运参数,混合单位，见对应方程,假设值,小鼠尺度,双入口机制具有生物学依据，但完整 AAV 的速率仍为暂定值,低,高,仅支持机制，不能直接约束数值,,
mouse_pbpk,k_kidney_deg_m,RNA or protein first-order turnover,0.115524530093,1/h,assumed/derived,generic mammalian cell,Current model structural prior; requires project-specific calibration,Calculated from 6 h RNA or 48 h protein half-life; target-specific values are needed,low,high,model/ode1.0.py:make_params,structural/design,,,,小鼠 PBPK,RNA 或蛋白一阶周转速率,h^-1,假设/推导值,通用哺乳动物细胞,由 6 h RNA 或 48 h 蛋白半衰期推导；需要靶标特异数值,低,高,模型结构或设计输入,,
mouse_pbpk,k_kidney_deg_ncap,"Kidney filtration, proximal-tubule uptake or trafficking parameter",0.005,mixed; see equation,assumed,mouse-scale,"Christensen and Birn 2002, doi:10.1038/nrm778 (mechanistic proximal-tubule endocytosis only)",Dual-entry mechanism is biologically motivated; intact-AAV rates remain provisional,low,high,model/ode1.0.py:make_params,mechanistic-only,,,https://doi.org/10.1038/nrm778,小鼠 PBPK,肾滤过、近端小管摄取或转运参数,混合单位，见对应方程,假设值,小鼠尺度,双入口机制具有生物学依据，但完整 AAV 的速率仍为暂定值,低,高,仅支持机制，不能直接约束数值,,
mouse_pbpk,k_kidney_deg_p,RNA or protein first-order turnover,0.0144405662617,1/h,assumed/derived,generic mammalian cell,Current model structural prior; requires project-specific calibration,Calculated from 6 h RNA or 48 h protein half-life; target-specific values are needed,low,high,model/ode1.0.py:make_params,structural/design,,,,小鼠 PBPK,RNA 或蛋白一阶周转速率,h^-1,假设/推导值,通用哺乳动物细胞,由 6 h RNA 或 48 h 蛋白半衰期推导；需要靶标特异数值,低,高,模型结构或设计输入,,
mouse_pbpk,k_kidney_deg_ss,"Kidney filtration, proximal-tubule uptake or trafficking parameter",0.02,mixed; see equation,assumed,mouse-scale,"Christensen and Birn 2002, doi:10.1038/nrm778 (mechanistic proximal-tubule endocytosis only)",Dual-entry mechanism is biologically motivated; intact-AAV rates remain provisional,low,high,model/ode1.0.py:make_params,mechanistic-only,,,https://doi.org/10.1038/nrm778,小鼠 PBPK,肾滤过、近端小管摄取或转运参数,混合单位，见对应方程,假设值,小鼠尺度,双入口机制具有生物学依据，但完整 AAV 的速率仍为暂定值,低,高,仅支持机制，不能直接约束数值,,
mouse_pbpk,k_kidney_ds,"Kidney filtration, proximal-tubule uptake or trafficking parameter",0.01,mixed; see equation,assumed,mouse-scale,"Christensen and Birn 2002, doi:10.1038/nrm778 (mechanistic proximal-tubule endocytosis only)",Dual-entry mechanism is biologically motivated; intact-AAV rates remain provisional,low,high,model/ode1.0.py:make_params,mechanistic-only,,,https://doi.org/10.1038/nrm778,小鼠 PBPK,肾滤过、近端小管摄取或转运参数,混合单位，见对应方程,假设值,小鼠尺度,双入口机制具有生物学依据，但完整 AAV 的速率仍为暂定值,低,高,仅支持机制，不能直接约束数值,,
mouse_pbpk,k_kidney_ee_le,"Kidney filtration, proximal-tubule uptake or trafficking parameter",0.25,mixed; see equation,assumed,mouse-scale,"Christensen and Birn 2002, doi:10.1038/nrm778 (mechanistic proximal-tubule endocytosis only)",Dual-entry mechanism is biologically motivated; intact-AAV rates remain provisional,low,high,model/ode1.0.py:make_params,mechanistic-only,,,https://doi.org/10.1038/nrm778,小鼠 PBPK,肾滤过、近端小管摄取或转运参数,混合单位，见对应方程,假设值,小鼠尺度,双入口机制具有生物学依据，但完整 AAV 的速率仍为暂定值,低,高,仅支持机制，不能直接约束数值,,
mouse_pbpk,k_kidney_ee_rec,"Kidney filtration, proximal-tubule uptake or trafficking parameter",0.35,mixed; see equation,assumed,mouse-scale,"Christensen and Birn 2002, doi:10.1038/nrm778 (mechanistic proximal-tubule endocytosis only)",Dual-entry mechanism is biologically motivated; intact-AAV rates remain provisional,low,high,model/ode1.0.py:make_params,mechanistic-only,,,https://doi.org/10.1038/nrm778,小鼠 PBPK,肾滤过、近端小管摄取或转运参数,混合单位，见对应方程,假设值,小鼠尺度,双入口机制具有生物学依据，但完整 AAV 的速率仍为暂定值,低,高,仅支持机制，不能直接约束数值,,
mouse_pbpk,k_kidney_epi,"Kidney filtration, proximal-tubule uptake or trafficking parameter",0.01,mixed; see equation,assumed,mouse-scale,"Christensen and Birn 2002, doi:10.1038/nrm778 (mechanistic proximal-tubule endocytosis only)",Dual-entry mechanism is biologically motivated; intact-AAV rates remain provisional,low,high,model/ode1.0.py:make_params,mechanistic-only,,,https://doi.org/10.1038/nrm778,小鼠 PBPK,肾滤过、近端小管摄取或转运参数,混合单位，见对应方程,假设值,小鼠尺度,双入口机制具有生物学依据，但完整 AAV 的速率仍为暂定值,低,高,仅支持机制，不能直接约束数值,,
mouse_pbpk,k_kidney_escape,"Kidney filtration, proximal-tubule uptake or trafficking parameter",0.006,mixed; see equation,assumed,mouse-scale,"Christensen and Birn 2002, doi:10.1038/nrm778 (mechanistic proximal-tubule endocytosis only)",Dual-entry mechanism is biologically motivated; intact-AAV rates remain provisional,low,high,model/ode1.0.py:make_params,mechanistic-only,,,https://doi.org/10.1038/nrm778,小鼠 PBPK,肾滤过、近端小管摄取或转运参数,混合单位，见对应方程,假设值,小鼠尺度,双入口机制具有生物学依据，但完整 AAV 的速率仍为暂定值,低,高,仅支持机制，不能直接约束数值,,
mouse_pbpk,k_kidney_le_deg,"Kidney filtration, proximal-tubule uptake or trafficking parameter",0.01,mixed; see equation,assumed,mouse-scale,"Christensen and Birn 2002, doi:10.1038/nrm778 (mechanistic proximal-tubule endocytosis only)",Dual-entry mechanism is biologically motivated; intact-AAV rates remain provisional,low,high,model/ode1.0.py:make_params,mechanistic-only,,,https://doi.org/10.1038/nrm778,小鼠 PBPK,肾滤过、近端小管摄取或转运参数,混合单位，见对应方程,假设值,小鼠尺度,双入口机制具有生物学依据，但完整 AAV 的速率仍为暂定值,低,高,仅支持机制，不能直接约束数值,,
mouse_pbpk,k_kidney_loss_epi,"Kidney filtration, proximal-tubule uptake or trafficking parameter",0.015,mixed; see equation,assumed,mouse-scale,"Christensen and Birn 2002, doi:10.1038/nrm778 (mechanistic proximal-tubule endocytosis only)",Dual-entry mechanism is biologically motivated; intact-AAV rates remain provisional,low,high,model/ode1.0.py:make_params,mechanistic-only,,,https://doi.org/10.1038/nrm778,小鼠 PBPK,肾滤过、近端小管摄取或转运参数,混合单位，见对应方程,假设值,小鼠尺度,双入口机制具有生物学依据，但完整 AAV 的速率仍为暂定值,低,高,仅支持机制，不能直接约束数值,,
mouse_pbpk,k_kidney_lys,"Kidney filtration, proximal-tubule uptake or trafficking parameter",0.1,mixed; see equation,assumed,mouse-scale,"Christensen and Birn 2002, doi:10.1038/nrm778 (mechanistic proximal-tubule endocytosis only)",Dual-entry mechanism is biologically motivated; intact-AAV rates remain provisional,low,high,model/ode1.0.py:make_params,mechanistic-only,,,https://doi.org/10.1038/nrm778,小鼠 PBPK,肾滤过、近端小管摄取或转运参数,混合单位，见对应方程,假设值,小鼠尺度,双入口机制具有生物学依据，但完整 AAV 的速率仍为暂定值,低,高,仅支持机制，不能直接约束数值,,
mouse_pbpk,k_kidney_lys_deg,"Kidney filtration, proximal-tubule uptake or trafficking parameter",0.08,mixed; see equation,assumed,mouse-scale,"Christensen and Birn 2002, doi:10.1038/nrm778 (mechanistic proximal-tubule endocytosis only)",Dual-entry mechanism is biologically motivated; intact-AAV rates remain provisional,low,high,model/ode1.0.py:make_params,mechanistic-only,,,https://doi.org/10.1038/nrm778,小鼠 PBPK,肾滤过、近端小管摄取或转运参数,混合单位，见对应方程,假设值,小鼠尺度,双入口机制具有生物学依据，但完整 AAV 的速率仍为暂定值,低,高,仅支持机制，不能直接约束数值,,
mouse_pbpk,k_kidney_nuc,"Kidney filtration, proximal-tubule uptake or trafficking parameter",0.018,mixed; see equation,assumed,mouse-scale,"Christensen and Birn 2002, doi:10.1038/nrm778 (mechanistic proximal-tubule endocytosis only)",Dual-entry mechanism is biologically motivated; intact-AAV rates remain provisional,low,high,model/ode1.0.py:make_params,mechanistic-only,,,https://doi.org/10.1038/nrm778,小鼠 PBPK,肾滤过、近端小管摄取或转运参数,混合单位，见对应方程,假设值,小鼠尺度,双入口机制具有生物学依据，但完整 AAV 的速率仍为暂定值,低,高,仅支持机制，不能直接约束数值,,
mouse_pbpk,k_kidney_rec_return,"Kidney filtration, proximal-tubule uptake or trafficking parameter",0.25,mixed; see equation,assumed,mouse-scale,"Christensen and Birn 2002, doi:10.1038/nrm778 (mechanistic proximal-tubule endocytosis only)",Dual-entry mechanism is biologically motivated; intact-AAV rates remain provisional,low,high,model/ode1.0.py:make_params,mechanistic-only,,,https://doi.org/10.1038/nrm778,小鼠 PBPK,肾滤过、近端小管摄取或转运参数,混合单位，见对应方程,假设值,小鼠尺度,双入口机制具有生物学依据，但完整 AAV 的速率仍为暂定值,低,高,仅支持机制，不能直接约束数值,,
mouse_pbpk,k_kidney_tl,"Kidney filtration, proximal-tubule uptake or trafficking parameter",4,mixed; see equation,assumed,mouse-scale,"Christensen and Birn 2002, doi:10.1038/nrm778 (mechanistic proximal-tubule endocytosis only)",Dual-entry mechanism is biologically motivated; intact-AAV rates remain provisional,low,high,model/ode1.0.py:make_params,mechanistic-only,,,https://doi.org/10.1038/nrm778,小鼠 PBPK,肾滤过、近端小管摄取或转运参数,混合单位，见对应方程,假设值,小鼠尺度,双入口机制具有生物学依据，但完整 AAV 的速率仍为暂定值,低,高,仅支持机制，不能直接约束数值,,
mouse_pbpk,k_kidney_tx,"Kidney filtration, proximal-tubule uptake or trafficking parameter",1.5,mixed; see equation,assumed,mouse-scale,"Christensen and Birn 2002, doi:10.1038/nrm778 (mechanistic proximal-tubule endocytosis only)",Dual-entry mechanism is biologically motivated; intact-AAV rates remain provisional,low,high,model/ode1.0.py:make_params,mechanistic-only,,,https://doi.org/10.1038/nrm778,小鼠 PBPK,肾滤过、近端小管摄取或转运参数,混合单位，见对应方程,假设值,小鼠尺度,双入口机制具有生物学依据，但完整 AAV 的速率仍为暂定值,低,高,仅支持机制，不能直接约束数值,,
mouse_pbpk,k_kidney_uncoat_cyto,"Kidney filtration, proximal-tubule uptake or trafficking parameter",0.004,mixed; see equation,assumed,mouse-scale,"Christensen and Birn 2002, doi:10.1038/nrm778 (mechanistic proximal-tubule endocytosis only)",Dual-entry mechanism is biologically motivated; intact-AAV rates remain provisional,low,high,model/ode1.0.py:make_params,mechanistic-only,,,https://doi.org/10.1038/nrm778,小鼠 PBPK,肾滤过、近端小管摄取或转运参数,混合单位，见对应方程,假设值,小鼠尺度,双入口机制具有生物学依据，但完整 AAV 的速率仍为暂定值,低,高,仅支持机制，不能直接约束数值,,
mouse_pbpk,k_kidney_uncoat_nuc,"Kidney filtration, proximal-tubule uptake or trafficking parameter",0.018,mixed; see equation,assumed,mouse-scale,"Christensen and Birn 2002, doi:10.1038/nrm778 (mechanistic proximal-tubule endocytosis only)",Dual-entry mechanism is biologically motivated; intact-AAV rates remain provisional,low,high,model/ode1.0.py:make_params,mechanistic-only,,,https://doi.org/10.1038/nrm778,小鼠 PBPK,肾滤过、近端小管摄取或转运参数,混合单位，见对应方程,假设值,小鼠尺度,双入口机制具有生物学依据，但完整 AAV 的速率仍为暂定值,低,高,仅支持机制，不能直接约束数值,,
mouse_pbpk,k_loss_epi,"Cellular uptake, intracellular trafficking, immune or expression parameter",0.02,mixed; see equation,assumed,generic mammalian cell,"Pillay et al. 2016, doi:10.1038/nature16465; Nonnenmacher and Weber 2012, doi:10.1038/gt.2012.6; Riyad and Weber 2021, doi:10.1038/s41434-021-00243-z",Mechanistic step is literature-supported; present numerical value is an exploratory prior,low,high,model/ode1.0.py:make_params,mechanistic-only,,,https://doi.org/10.1038/nature16465,小鼠 PBPK,细胞摄取、胞内转运、免疫或表达参数,混合单位，见对应方程,假设值,通用哺乳动物细胞,机制步骤有文献支持，但当前数值仍是探索性先验,低,高,仅支持机制，不能直接约束数值,,
mouse_pbpk,k_lys,"Cellular uptake, intracellular trafficking, immune or expression parameter",0.1,mixed; see equation,assumed,generic mammalian cell,"Pillay et al. 2016, doi:10.1038/nature16465; Nonnenmacher and Weber 2012, doi:10.1038/gt.2012.6; Riyad and Weber 2021, doi:10.1038/s41434-021-00243-z",Mechanistic step is literature-supported; present numerical value is an exploratory prior,low,high,model/ode1.0.py:make_params,mechanistic-only,,,https://doi.org/10.1038/nature16465,小鼠 PBPK,细胞摄取、胞内转运、免疫或表达参数,混合单位，见对应方程,假设值,通用哺乳动物细胞,机制步骤有文献支持，但当前数值仍是探索性先验,低,高,仅支持机制，不能直接约束数值,,
mouse_pbpk,k_neut,"Cellular uptake, intracellular trafficking, immune or expression parameter",1e-14,mixed; see equation,assumed,generic mammalian cell,"Pillay et al. 2016, doi:10.1038/nature16465; Nonnenmacher and Weber 2012, doi:10.1038/gt.2012.6; Riyad and Weber 2021, doi:10.1038/s41434-021-00243-z",Mechanistic step is literature-supported; present numerical value is an exploratory prior,low,high,model/ode1.0.py:make_params,mechanistic-only,,,https://doi.org/10.1038/nature16465,小鼠 PBPK,细胞摄取、胞内转运、免疫或表达参数,混合单位，见对应方程,假设值,通用哺乳动物细胞,机制步骤有文献支持，但当前数值仍是探索性先验,低,高,仅支持机制，不能直接约束数值,,
mouse_pbpk,k_nuc,"Cellular uptake, intracellular trafficking, immune or expression parameter",0.02,mixed; see equation,assumed,generic mammalian cell,"Pillay et al. 2016, doi:10.1038/nature16465; Nonnenmacher and Weber 2012, doi:10.1038/gt.2012.6; Riyad and Weber 2021, doi:10.1038/s41434-021-00243-z",Mechanistic step is literature-supported; present numerical value is an exploratory prior,low,high,model/ode1.0.py:make_params,mechanistic-only,,,https://doi.org/10.1038/nature16465,小鼠 PBPK,细胞摄取、胞内转运、免疫或表达参数,混合单位，见对应方程,假设值,通用哺乳动物细胞,机制步骤有文献支持，但当前数值仍是探索性先验,低,高,仅支持机制，不能直接约束数值,,
mouse_pbpk,k_off,"Cellular uptake, intracellular trafficking, immune or expression parameter",0.05,mixed; see equation,assumed,generic mammalian cell,"Pillay et al. 2016, doi:10.1038/nature16465; Nonnenmacher and Weber 2012, doi:10.1038/gt.2012.6; Riyad and Weber 2021, doi:10.1038/s41434-021-00243-z",Mechanistic step is literature-supported; present numerical value is an exploratory prior,low,high,model/ode1.0.py:make_params,mechanistic-only,,,https://doi.org/10.1038/nature16465,小鼠 PBPK,细胞摄取、胞内转运、免疫或表达参数,混合单位，见对应方程,假设值,通用哺乳动物细胞,机制步骤有文献支持，但当前数值仍是探索性先验,低,高,仅支持机制，不能直接约束数值,,
mouse_pbpk,k_on,"Cellular uptake, intracellular trafficking, immune or expression parameter",1e-06,mixed; see equation,assumed,generic mammalian cell,"Pillay et al. 2016, doi:10.1038/nature16465; Nonnenmacher and Weber 2012, doi:10.1038/gt.2012.6; Riyad and Weber 2021, doi:10.1038/s41434-021-00243-z",Mechanistic step is literature-supported; present numerical value is an exploratory prior,low,high,model/ode1.0.py:make_params,mechanistic-only,,,https://doi.org/10.1038/nature16465,小鼠 PBPK,细胞摄取、胞内转运、免疫或表达参数,混合单位，见对应方程,假设值,通用哺乳动物细胞,机制步骤有文献支持，但当前数值仍是探索性先验,低,高,仅支持机制，不能直接约束数值,,
mouse_pbpk,k_pt_apical_int,"Kidney filtration, proximal-tubule uptake or trafficking parameter",0.25,mixed; see equation,assumed,mouse-scale,"Christensen and Birn 2002, doi:10.1038/nrm778 (mechanistic proximal-tubule endocytosis only); Bartlett et al. 2000, doi:10.1128/JVI.74.6.2777-2785.2000",Dual-entry mechanism is biologically motivated; intact-AAV rates remain provisional,low,high,model/ode1.0.py:make_params,mechanistic-only,AAV2-HeLa cell-surface internalization t1/2 <10 min,"model rates are much slower; retained because serotype, cell type and in-vivo accessibility are not comparable",https://doi.org/10.1128/JVI.74.6.2777-2785.2000,小鼠 PBPK,肾滤过、近端小管摄取或转运参数,混合单位，见对应方程,假设值,小鼠尺度,双入口机制具有生物学依据，但完整 AAV 的速率仍为暂定值,低,高,仅支持机制，不能直接约束数值,AAV2-HeLa cell-surface internalization t1/2 <10 min,"model rates are much slower; retained because serotype, cell type and in-vivo accessibility are not comparable"
mouse_pbpk,k_pt_apical_off,"Kidney filtration, proximal-tubule uptake or trafficking parameter",0.05,mixed; see equation,assumed,mouse-scale,"Christensen and Birn 2002, doi:10.1038/nrm778 (mechanistic proximal-tubule endocytosis only)",Dual-entry mechanism is biologically motivated; intact-AAV rates remain provisional,low,high,model/ode1.0.py:make_params,mechanistic-only,,,https://doi.org/10.1038/nrm778,小鼠 PBPK,肾滤过、近端小管摄取或转运参数,混合单位，见对应方程,假设值,小鼠尺度,双入口机制具有生物学依据，但完整 AAV 的速率仍为暂定值,低,高,仅支持机制，不能直接约束数值,,
mouse_pbpk,k_pt_apical_on,"Kidney filtration, proximal-tubule uptake or trafficking parameter",2e-11,mixed; see equation,assumed,mouse-scale,"Christensen and Birn 2002, doi:10.1038/nrm778 (mechanistic proximal-tubule endocytosis only)",Dual-entry mechanism is biologically motivated; intact-AAV rates remain provisional,low,high,model/ode1.0.py:make_params,mechanistic-only,,,https://doi.org/10.1038/nrm778,小鼠 PBPK,肾滤过、近端小管摄取或转运参数,混合单位，见对应方程,假设值,小鼠尺度,双入口机制具有生物学依据，但完整 AAV 的速率仍为暂定值,低,高,仅支持机制，不能直接约束数值,,
mouse_pbpk,k_pt_bsl_int,"Kidney filtration, proximal-tubule uptake or trafficking parameter",0.12,mixed; see equation,assumed,mouse-scale,"Christensen and Birn 2002, doi:10.1038/nrm778 (mechanistic proximal-tubule endocytosis only); Bartlett et al. 2000, doi:10.1128/JVI.74.6.2777-2785.2000",Dual-entry mechanism is biologically motivated; intact-AAV rates remain provisional,low,high,model/ode1.0.py:make_params,mechanistic-only,AAV2-HeLa cell-surface internalization t1/2 <10 min,"model rates are much slower; retained because serotype, cell type and in-vivo accessibility are not comparable",https://doi.org/10.1128/JVI.74.6.2777-2785.2000,小鼠 PBPK,肾滤过、近端小管摄取或转运参数,混合单位，见对应方程,假设值,小鼠尺度,双入口机制具有生物学依据，但完整 AAV 的速率仍为暂定值,低,高,仅支持机制，不能直接约束数值,AAV2-HeLa cell-surface internalization t1/2 <10 min,"model rates are much slower; retained because serotype, cell type and in-vivo accessibility are not comparable"
mouse_pbpk,k_pt_bsl_off,"Kidney filtration, proximal-tubule uptake or trafficking parameter",0.04,mixed; see equation,assumed,mouse-scale,"Christensen and Birn 2002, doi:10.1038/nrm778 (mechanistic proximal-tubule endocytosis only)",Dual-entry mechanism is biologically motivated; intact-AAV rates remain provisional,low,high,model/ode1.0.py:make_params,mechanistic-only,,,https://doi.org/10.1038/nrm778,小鼠 PBPK,肾滤过、近端小管摄取或转运参数,混合单位，见对应方程,假设值,小鼠尺度,双入口机制具有生物学依据，但完整 AAV 的速率仍为暂定值,低,高,仅支持机制，不能直接约束数值,,
mouse_pbpk,k_pt_bsl_on,"Kidney filtration, proximal-tubule uptake or trafficking parameter",6e-12,mixed; see equation,assumed,mouse-scale,"Christensen and Birn 2002, doi:10.1038/nrm778 (mechanistic proximal-tubule endocytosis only)",Dual-entry mechanism is biologically motivated; intact-AAV rates remain provisional,low,high,model/ode1.0.py:make_params,mechanistic-only,,,https://doi.org/10.1038/nrm778,小鼠 PBPK,肾滤过、近端小管摄取或转运参数,混合单位，见对应方程,假设值,小鼠尺度,双入口机制具有生物学依据，但完整 AAV 的速率仍为暂定值,低,高,仅支持机制，不能直接约束数值,,
mouse_pbpk,k_rec,"Cellular uptake, intracellular trafficking, immune or expression parameter",0.05,mixed; see equation,assumed,generic mammalian cell,"Pillay et al. 2016, doi:10.1038/nature16465; Nonnenmacher and Weber 2012, doi:10.1038/gt.2012.6; Riyad and Weber 2021, doi:10.1038/s41434-021-00243-z",Mechanistic step is literature-supported; present numerical value is an exploratory prior,low,high,model/ode1.0.py:make_params,mechanistic-only,,,https://doi.org/10.1038/nature16465,小鼠 PBPK,细胞摄取、胞内转运、免疫或表达参数,混合单位，见对应方程,假设值,通用哺乳动物细胞,机制步骤有文献支持，但当前数值仍是探索性先验,低,高,仅支持机制，不能直接约束数值,,
mouse_pbpk,k_res_brain,Organ capsid-loss rate component,0.0157533926409,1/h,fitted/partitioned,mouse,"Wang et al. 2024, doi:10.1016/j.omtm.2024.101326; Seo et al. 2020, PMCID:PMC7193641",Organ log-linear half-life fit split 35% vascular and 65% ISF; split itself is structural,medium-low,high,model/ode1.0.py:make_params,quantitative-derived,,total fitted organ loss matches; 35/65 decomposition remains unidentifiable,https://pmc.ncbi.nlm.nih.gov/articles/PMC11404148/; https://pmc.ncbi.nlm.nih.gov/articles/PMC7193641/,小鼠 PBPK,器官衣壳损失速率分量,h^-1,拟合后分配,小鼠,器官对数线性半衰期拟合后按血管 35%、ISF 65% 分配；该比例本身是结构假设,中低,高,定量推导/拟合证据,,total fitted organ loss matches; 35/65 decomposition remains unidentifiable
mouse_pbpk,k_res_heart,Organ capsid-loss rate component,0.0104717458596,1/h,fitted/partitioned,mouse,"Wang et al. 2024, doi:10.1016/j.omtm.2024.101326; Seo et al. 2020, PMCID:PMC7193641",Organ log-linear half-life fit split 35% vascular and 65% ISF; split itself is structural,medium-low,high,model/ode1.0.py:make_params,quantitative-derived,,total fitted organ loss matches; 35/65 decomposition remains unidentifiable,https://pmc.ncbi.nlm.nih.gov/articles/PMC11404148/; https://pmc.ncbi.nlm.nih.gov/articles/PMC7193641/,小鼠 PBPK,器官衣壳损失速率分量,h^-1,拟合后分配,小鼠,器官对数线性半衰期拟合后按血管 35%、ISF 65% 分配；该比例本身是结构假设,中低,高,定量推导/拟合证据,,total fitted organ loss matches; 35/65 decomposition remains unidentifiable
mouse_pbpk,k_res_kidney,Organ capsid-loss rate component,0.0114180247088,1/h,fitted/partitioned,mouse,"Wang et al. 2024, doi:10.1016/j.omtm.2024.101326; Seo et al. 2020, PMCID:PMC7193641",Organ log-linear half-life fit split 35% vascular and 65% ISF; split itself is structural,medium-low,high,model/ode1.0.py:make_params,quantitative-derived,,total fitted organ loss matches; 35/65 decomposition remains unidentifiable,https://pmc.ncbi.nlm.nih.gov/articles/PMC11404148/; https://pmc.ncbi.nlm.nih.gov/articles/PMC7193641/,小鼠 PBPK,器官衣壳损失速率分量,h^-1,拟合后分配,小鼠,器官对数线性半衰期拟合后按血管 35%、ISF 65% 分配；该比例本身是结构假设,中低,高,定量推导/拟合证据,,total fitted organ loss matches; 35/65 decomposition remains unidentifiable
mouse_pbpk,k_res_liver,Organ capsid-loss rate component,0.00415342943367,1/h,fitted/partitioned,mouse,"Wang et al. 2024, doi:10.1016/j.omtm.2024.101326; Seo et al. 2020, PMCID:PMC7193641",Organ log-linear half-life fit split 35% vascular and 65% ISF; split itself is structural,medium-low,high,model/ode1.0.py:make_params,quantitative-derived,,total fitted organ loss matches; 35/65 decomposition remains unidentifiable,https://pmc.ncbi.nlm.nih.gov/articles/PMC11404148/; https://pmc.ncbi.nlm.nih.gov/articles/PMC7193641/,小鼠 PBPK,器官衣壳损失速率分量,h^-1,拟合后分配,小鼠,器官对数线性半衰期拟合后按血管 35%、ISF 65% 分配；该比例本身是结构假设,中低,高,定量推导/拟合证据,,total fitted organ loss matches; 35/65 decomposition remains unidentifiable
mouse_pbpk,k_res_lung,Organ capsid-loss rate component,0.0113285159995,1/h,fitted/partitioned,mouse,"Wang et al. 2024, doi:10.1016/j.omtm.2024.101326; Seo et al. 2020, PMCID:PMC7193641",Organ log-linear half-life fit split 35% vascular and 65% ISF; split itself is structural,medium-low,high,model/ode1.0.py:make_params,quantitative-derived,,total fitted organ loss matches; 35/65 decomposition remains unidentifiable,https://pmc.ncbi.nlm.nih.gov/articles/PMC11404148/; https://pmc.ncbi.nlm.nih.gov/articles/PMC7193641/,小鼠 PBPK,器官衣壳损失速率分量,h^-1,拟合后分配,小鼠,器官对数线性半衰期拟合后按血管 35%、ISF 65% 分配；该比例本身是结构假设,中低,高,定量推导/拟合证据,,total fitted organ loss matches; 35/65 decomposition remains unidentifiable
mouse_pbpk,k_res_muscle,Organ capsid-loss rate component,0.00742962531854,1/h,fitted/partitioned,mouse,"Wang et al. 2024, doi:10.1016/j.omtm.2024.101326; Seo et al. 2020, PMCID:PMC7193641",Organ log-linear half-life fit split 35% vascular and 65% ISF; split itself is structural,medium-low,high,model/ode1.0.py:make_params,quantitative-derived,,total fitted organ loss matches; 35/65 decomposition remains unidentifiable,https://pmc.ncbi.nlm.nih.gov/articles/PMC11404148/; https://pmc.ncbi.nlm.nih.gov/articles/PMC7193641/,小鼠 PBPK,器官衣壳损失速率分量,h^-1,拟合后分配,小鼠,器官对数线性半衰期拟合后按血管 35%、ISF 65% 分配；该比例本身是结构假设,中低,高,定量推导/拟合证据,,total fitted organ loss matches; 35/65 decomposition remains unidentifiable
mouse_pbpk,k_res_rest,Organ capsid-loss rate component,0.00917839038071,1/h,fitted/partitioned,mouse,"Wang et al. 2024, doi:10.1016/j.omtm.2024.101326; Seo et al. 2020, PMCID:PMC7193641",Organ log-linear half-life fit split 35% vascular and 65% ISF; split itself is structural,medium-low,high,model/ode1.0.py:make_params,quantitative-derived,,total fitted organ loss matches; 35/65 decomposition remains unidentifiable,https://pmc.ncbi.nlm.nih.gov/articles/PMC11404148/; https://pmc.ncbi.nlm.nih.gov/articles/PMC7193641/,小鼠 PBPK,器官衣壳损失速率分量,h^-1,拟合后分配,小鼠,器官对数线性半衰期拟合后按血管 35%、ISF 65% 分配；该比例本身是结构假设,中低,高,定量推导/拟合证据,,total fitted organ loss matches; 35/65 decomposition remains unidentifiable
mouse_pbpk,k_res_spleen,Organ capsid-loss rate component,0.00393465602289,1/h,fitted/partitioned,mouse,"Wang et al. 2024, doi:10.1016/j.omtm.2024.101326; Seo et al. 2020, PMCID:PMC7193641",Organ log-linear half-life fit split 35% vascular and 65% ISF; split itself is structural,medium-low,high,model/ode1.0.py:make_params,quantitative-derived,,total fitted organ loss matches; 35/65 decomposition remains unidentifiable,https://pmc.ncbi.nlm.nih.gov/articles/PMC11404148/; https://pmc.ncbi.nlm.nih.gov/articles/PMC7193641/,小鼠 PBPK,器官衣壳损失速率分量,h^-1,拟合后分配,小鼠,器官对数线性半衰期拟合后按血管 35%、ISF 65% 分配；该比例本身是结构假设,中低,高,定量推导/拟合证据,,total fitted organ loss matches; 35/65 decomposition remains unidentifiable
mouse_pbpk,k_tl,"Cellular uptake, intracellular trafficking, immune or expression parameter",5,mixed; see equation,assumed,generic mammalian cell,"Pillay et al. 2016, doi:10.1038/nature16465; Nonnenmacher and Weber 2012, doi:10.1038/gt.2012.6; Riyad and Weber 2021, doi:10.1038/s41434-021-00243-z",Mechanistic step is literature-supported; present numerical value is an exploratory prior,low,high,model/ode1.0.py:make_params,mechanistic-only,,,https://doi.org/10.1038/nature16465,小鼠 PBPK,细胞摄取、胞内转运、免疫或表达参数,混合单位，见对应方程,假设值,通用哺乳动物细胞,机制步骤有文献支持，但当前数值仍是探索性先验,低,高,仅支持机制，不能直接约束数值,,
mouse_pbpk,k_tx,"Cellular uptake, intracellular trafficking, immune or expression parameter",2,mixed; see equation,assumed,generic mammalian cell,"Pillay et al. 2016, doi:10.1038/nature16465; Nonnenmacher and Weber 2012, doi:10.1038/gt.2012.6; Riyad and Weber 2021, doi:10.1038/s41434-021-00243-z",Mechanistic step is literature-supported; present numerical value is an exploratory prior,low,high,model/ode1.0.py:make_params,mechanistic-only,,,https://doi.org/10.1038/nature16465,小鼠 PBPK,细胞摄取、胞内转运、免疫或表达参数,混合单位，见对应方程,假设值,通用哺乳动物细胞,机制步骤有文献支持，但当前数值仍是探索性先验,低,高,仅支持机制，不能直接约束数值,,
mouse_pbpk,k_uncoat_cyto,"Cellular uptake, intracellular trafficking, immune or expression parameter",0.005,mixed; see equation,assumed,generic mammalian cell,"Pillay et al. 2016, doi:10.1038/nature16465; Nonnenmacher and Weber 2012, doi:10.1038/gt.2012.6; Riyad and Weber 2021, doi:10.1038/s41434-021-00243-z",Mechanistic step is literature-supported; present numerical value is an exploratory prior,low,high,model/ode1.0.py:make_params,mechanistic-only,,,https://doi.org/10.1038/nature16465,小鼠 PBPK,细胞摄取、胞内转运、免疫或表达参数,混合单位，见对应方程,假设值,通用哺乳动物细胞,机制步骤有文献支持，但当前数值仍是探索性先验,低,高,仅支持机制，不能直接约束数值,,
mouse_pbpk,k_uncoat_nuc,"Cellular uptake, intracellular trafficking, immune or expression parameter",0.02,mixed; see equation,assumed,generic mammalian cell,"Pillay et al. 2016, doi:10.1038/nature16465; Nonnenmacher and Weber 2012, doi:10.1038/gt.2012.6; Riyad and Weber 2021, doi:10.1038/s41434-021-00243-z",Mechanistic step is literature-supported; present numerical value is an exploratory prior,low,high,model/ode1.0.py:make_params,mechanistic-only,,,https://doi.org/10.1038/nature16465,小鼠 PBPK,细胞摄取、胞内转运、免疫或表达参数,混合单位，见对应方程,假设值,通用哺乳动物细胞,机制步骤有文献支持，但当前数值仍是探索性先验,低,高,仅支持机制，不能直接约束数值,,
mouse_pbpk,k_urine_flow,"Kidney filtration, proximal-tubule uptake or trafficking parameter",0.25,mixed; see equation,assumed,mouse-scale,"Christensen and Birn 2002, doi:10.1038/nrm778 (mechanistic proximal-tubule endocytosis only)",Dual-entry mechanism is biologically motivated; intact-AAV rates remain provisional,low,high,model/ode1.0.py:make_params,mechanistic-only,,,https://doi.org/10.1038/nrm778,小鼠 PBPK,肾滤过、近端小管摄取或转运参数,混合单位，见对应方程,假设值,小鼠尺度,双入口机制具有生物学依据，但完整 AAV 的速率仍为暂定值,低,高,仅支持机制，不能直接约束数值,,
human_global,BODY_WEIGHT_KG,Reference adult body weight,70,kg,design reference,human,ICRP Publication 89 (2002); Jones and Rowland-Yeo 2013; Shah and Betts 2012/2013,"Defines a transparent reference adult, not an individual patient",medium,low,model/human_spatial_pbpk.py,structural/design,,,https://www.icrp.org/publication.asp?id=icrp%20publication%2089; https://pmc.ncbi.nlm.nih.gov/articles/PMC6890583/,人体全局参数,参考成人体重,kg,设计参考值,人,定义透明的参考成人，并不代表具体患者,中,低,模型结构或设计输入,,
human_global,DOSE_VG_PER_KG,Exploratory administered dose,4e+13,vg/kg,assumed,human projection,Clinical context only: ZOLGENSMA US label 1.1e14 vg/kg; not a safety equivalence,"Scenario input selected below the cited product dose; product, payload and population differ",low,high,model/human_spatial_pbpk.py,clinical-context,ZOLGENSMA label: 1.1e14 vg/kg,"model scenario is 0.364x label dose; product, payload, age and indication differ",https://www.fda.gov/media/126109/download,人体全局参数,探索性给药剂量,vg/kg,假设值,人体投影,场景输入低于所引用产品剂量，但产品、载荷和人群均不同,低,高,临床背景，不构成等效校准,ZOLGENSMA label: 1.1e14 vg/kg,"model scenario is 0.364x label dose; product, payload, age and indication differ"
human_global,CARDIAC_OUTPUT_ML_H,Reference adult cardiac output,330000,mL/h,direct/scaled,human,ICRP Publication 89 (2002); Jones and Rowland-Yeo 2013; Shah and Betts 2012/2013,5.5 L/min reference cardiac output,medium,low,model/human_spatial_pbpk.py,quantitative-derived,,,https://www.icrp.org/publication.asp?id=icrp%20publication%2089; https://pmc.ncbi.nlm.nih.gov/articles/PMC6890583/,人体全局参数,参考成人心输出量,mL/h,直接证据/缩放值,人,采用 5.5 L/min 的参考心输出量,中,低,定量推导/拟合证据,,
human_global,EFFECTIVE_FLOW_SCALE,Effective exchange-flow multiplier,0.05,dimensionless,assumed,human projection,Current model structural prior; requires project-specific calibration,Maintains continuity with mouse equation family; must not be called physiological flow,low,high,model/human_spatial_pbpk.py,structural/design,,,,人体全局参数,有效交换血流缩放系数,无量纲,假设值,人体投影,保持与小鼠方程族一致，但不能称为真实生理血流,低,高,模型结构或设计输入,,
human_global,CSF_TOTAL_VOLUME_ML,Adult total CSF volume,150,mL,direct,human,"Damkier et al. 2013, doi:10.1152/physrev.00004.2013",Adult physiological reference,high,low,model/human_spatial_pbpk.py,quantitative-direct,,,https://doi.org/10.1152/physrev.00004.2013,人体全局参数,成人脑脊液总容积,mL,直接文献值,人,成人生理参考值,高,低,直接定量证据,,
human_global,CSF_PRODUCTION_ML_H,Adult CSF production,20.8333333333,mL/h,direct/derived,human,"Damkier et al. 2013, doi:10.1152/physrev.00004.2013",500 mL/day converted to hourly rate,medium-high,low,model/human_spatial_pbpk.py,quantitative-derived,,,https://doi.org/10.1152/physrev.00004.2013,人体全局参数,成人脑脊液生成速率,mL/h,直接证据/推导值,人,由 500 mL/d 换算为小时速率,中高,低,定量推导/拟合证据,,
human_global,CSF_ABSORPTION_HALF_LIFE_H,Equivalent first-order CSF turnover half-life,4.99065970003,h,derived,human,"Damkier et al. 2013, doi:10.1152/physrev.00004.2013",ln(2)/(production/volume),medium,medium,model/human_spatial_pbpk.py,quantitative-derived,,,https://doi.org/10.1152/physrev.00004.2013,人体全局参数,等效一阶脑脊液周转半衰期,h,推导值,人,按 ln(2)/(生成速率/容积) 推导,中,中,定量推导/拟合证据,,
human_capsid_pk,AAV9_HALF_LIFE_blood,Apparent early AAV9 capsid half-life: blood,1.2,h,direct NHP PET,NHP,"Ballon et al. 2020, doi:10.1089/hum.2020.116",Ballon 2020 NHP PET,medium,high,model/aav_parameter_evidence.py,quantitative-direct,,,https://pmc.ncbi.nlm.nih.gov/articles/PMC7769048/,人体衣壳 PK,AAV9 早期表观衣壳半衰期：血液,h,NHP PET 直接估计,非人灵长类,来自 Ballon 2020 的 NHP PET 估计,中,高,直接定量证据,,
human_capsid_pk,AAV9_HALF_LIFE_brain,Apparent early AAV9 capsid half-life: brain,24.8,h,direct NHP PET,NHP,"Ballon et al. 2020, doi:10.1089/hum.2020.116",Ballon 2020 NHP PET,medium,high,model/aav_parameter_evidence.py,quantitative-direct,,,https://pmc.ncbi.nlm.nih.gov/articles/PMC7769048/,人体衣壳 PK,AAV9 早期表观衣壳半衰期：脑,h,NHP PET 直接估计,非人灵长类,来自 Ballon 2020 的 NHP PET 估计,中,高,直接定量证据,,
human_capsid_pk,AAV9_HALF_LIFE_heart,Apparent early AAV9 capsid half-life: heart,15.6,h,direct NHP PET,NHP,"Ballon et al. 2020, doi:10.1089/hum.2020.116",Ballon 2020 NHP PET,medium,high,model/aav_parameter_evidence.py,quantitative-direct,,,https://pmc.ncbi.nlm.nih.gov/articles/PMC7769048/,人体衣壳 PK,AAV9 早期表观衣壳半衰期：心脏,h,NHP PET 直接估计,非人灵长类,来自 Ballon 2020 的 NHP PET 估计,中,高,直接定量证据,,
human_capsid_pk,AAV9_HALF_LIFE_kidney,Apparent early AAV9 capsid half-life: kidney,21.2472401648,h,scaled provisional,mouse-to-human projection,"Wang et al. 2024, doi:10.1016/j.omtm.2024.101326; Seo et al. 2020, PMCID:PMC7193641",Wang 2024 mouse 125I fit; provisional cross-species prior,low,high,model/aav_parameter_evidence.py,mechanistic-only,,,https://pmc.ncbi.nlm.nih.gov/articles/PMC11404148/; https://pmc.ncbi.nlm.nih.gov/articles/PMC7193641/,人体衣壳 PK,AAV9 早期表观衣壳半衰期：肾脏,h,暂定缩放值,小鼠至人体投影,Wang 2024 小鼠 125I 数据拟合；暂作跨物种先验,低,高,仅支持机制，不能直接约束数值,,
human_capsid_pk,AAV9_HALF_LIFE_liver,Apparent early AAV9 capsid half-life: liver,22.6,h,direct NHP PET,NHP,"Ballon et al. 2020, doi:10.1089/hum.2020.116",Ballon 2020 NHP PET,medium,high,model/aav_parameter_evidence.py,quantitative-direct,,,https://pmc.ncbi.nlm.nih.gov/articles/PMC7769048/,人体衣壳 PK,AAV9 早期表观衣壳半衰期：肝脏,h,NHP PET 直接估计,非人灵长类,来自 Ballon 2020 的 NHP PET 估计,中,高,直接定量证据,,
human_capsid_pk,AAV9_HALF_LIFE_lung,Apparent early AAV9 capsid half-life: lung,21.4151185562,h,scaled provisional,mouse-to-human projection,"Wang et al. 2024, doi:10.1016/j.omtm.2024.101326; Seo et al. 2020, PMCID:PMC7193641",Wang 2024 mouse 125I fit; provisional cross-species prior,low,high,model/aav_parameter_evidence.py,mechanistic-only,,,https://pmc.ncbi.nlm.nih.gov/articles/PMC11404148/; https://pmc.ncbi.nlm.nih.gov/articles/PMC7193641/,人体衣壳 PK,AAV9 早期表观衣壳半衰期：肺,h,暂定缩放值,小鼠至人体投影,Wang 2024 小鼠 125I 数据拟合；暂作跨物种先验,低,高,仅支持机制，不能直接约束数值,,
human_capsid_pk,AAV9_HALF_LIFE_muscle,Apparent early AAV9 capsid half-life: muscle,48.7,h,direct NHP PET,NHP,"Ballon et al. 2020, doi:10.1089/hum.2020.116",Ballon 2020 NHP PET,medium,high,model/aav_parameter_evidence.py,quantitative-direct,,,https://pmc.ncbi.nlm.nih.gov/articles/PMC7769048/,人体衣壳 PK,AAV9 早期表观衣壳半衰期：肌肉,h,NHP PET 直接估计,非人灵长类,来自 Ballon 2020 的 NHP PET 估计,中,高,直接定量证据,,
human_capsid_pk,AAV9_HALF_LIFE_rest,Apparent early AAV9 capsid half-life: rest,48.7,h,direct NHP PET,NHP,"Ballon et al. 2020, doi:10.1089/hum.2020.116",Ballon 2020 NHP PET,medium,high,model/aav_parameter_evidence.py,quantitative-direct,,,https://pmc.ncbi.nlm.nih.gov/articles/PMC7769048/,人体衣壳 PK,AAV9 早期表观衣壳半衰期：其他组织,h,NHP PET 直接估计,非人灵长类,来自 Ballon 2020 的 NHP PET 估计,中,高,直接定量证据,,
human_capsid_pk,AAV9_HALF_LIFE_spleen,Apparent early AAV9 capsid half-life: spleen,22.9,h,direct NHP PET,NHP,"Ballon et al. 2020, doi:10.1089/hum.2020.116",Ballon 2020 NHP PET,medium,high,model/aav_parameter_evidence.py,quantitative-direct,,,https://pmc.ncbi.nlm.nih.gov/articles/PMC7769048/,人体衣壳 PK,AAV9 早期表观衣壳半衰期：脾脏,h,NHP PET 直接估计,非人灵长类,来自 Ballon 2020 的 NHP PET 估计,中,高,直接定量证据,,
human_region:brain_frontal,flow_fraction,Frontal cortex: flow_fraction,0.025,fraction of cardiac output,scaled,reference human,ICRP Publication 89 (2002); Jones and Rowland-Yeo 2013; Shah and Betts 2012/2013,Region-resolved reference geometry,medium-low,medium,model/human_spatial_pbpk.py:REGIONS,physiology-scaled,,,https://www.icrp.org/publication.asp?id=icrp%20publication%2089; https://pmc.ncbi.nlm.nih.gov/articles/PMC6890583/,人体分区：额叶皮层,额叶皮层：血流分数,心输出量分数,缩放值,参考成人,分区参考解剖几何,中低,中,生理学缩放证据,,
human_region:brain_frontal,vascular_ml,Frontal cortex: vascular_ml,35,mL,scaled,reference human,ICRP Publication 89 (2002); Jones and Rowland-Yeo 2013; Shah and Betts 2012/2013,Region-resolved reference geometry,medium-low,medium,model/human_spatial_pbpk.py:REGIONS,physiology-scaled,,,https://www.icrp.org/publication.asp?id=icrp%20publication%2089; https://pmc.ncbi.nlm.nih.gov/articles/PMC6890583/,人体分区：额叶皮层,额叶皮层：血管容积,mL,缩放值,参考成人,分区参考解剖几何,中低,中,生理学缩放证据,,
human_region:brain_frontal,isf_ml,Frontal cortex: isf_ml,210,mL,scaled,reference human,ICRP Publication 89 (2002); Jones and Rowland-Yeo 2013; Shah and Betts 2012/2013,Region-resolved reference geometry,medium-low,medium,model/human_spatial_pbpk.py:REGIONS,physiology-scaled,,,https://www.icrp.org/publication.asp?id=icrp%20publication%2089; https://pmc.ncbi.nlm.nih.gov/articles/PMC6890583/,人体分区：额叶皮层,额叶皮层：组织间液容积,mL,缩放值,参考成人,分区参考解剖几何,中低,中,生理学缩放证据,,
human_region:brain_frontal,ps_ml_h,Frontal cortex: ps_ml_h,0.084,mL/h,assumed,reference human,Current model structural prior; requires project-specific calibration,Exploratory regional transport/transduction prior,low,high,model/human_spatial_pbpk.py:REGIONS,structural/design,,,,人体分区：额叶皮层,额叶皮层：通透性-表面积乘积,mL/h,假设值,参考成人,区域转运与转导的探索性先验,低,高,模型结构或设计输入,,
human_region:brain_frontal,kp,Frontal cortex: kp,0.05,dimensionless,assumed,reference human,Current model structural prior; requires project-specific calibration,Exploratory regional transport/transduction prior,low,high,model/human_spatial_pbpk.py:REGIONS,structural/design,,,,人体分区：额叶皮层,额叶皮层：组织-血浆分配系数,无量纲,假设值,参考成人,区域转运与转导的探索性先验,低,高,模型结构或设计输入,,
human_region:brain_frontal,internalization_half_life_h,Frontal cortex: internalization_half_life_h,42,h,assumed,reference human,Current model structural prior; requires project-specific calibration,Exploratory regional transport/transduction prior,low,high,model/human_spatial_pbpk.py:REGIONS,structural/design,,,,人体分区：额叶皮层,额叶皮层：内化半衰期,h,假设值,参考成人,区域转运与转导的探索性先验,低,高,模型结构或设计输入,,
human_region:brain_frontal,episome_half_life_days,Frontal cortex: episome_half_life_days,365,day,assumed,reference human,Current model structural prior; requires project-specific calibration,Exploratory regional transport/transduction prior,low,high,model/human_spatial_pbpk.py:REGIONS,structural/design,,,,人体分区：额叶皮层,额叶皮层：游离体半衰期,d,假设值,参考成人,区域转运与转导的探索性先验,低,高,模型结构或设计输入,,
human_region:brain_parietal,flow_fraction,Parietal cortex: flow_fraction,0.024,fraction of cardiac output,scaled,reference human,ICRP Publication 89 (2002); Jones and Rowland-Yeo 2013; Shah and Betts 2012/2013,Region-resolved reference geometry,medium-low,medium,model/human_spatial_pbpk.py:REGIONS,physiology-scaled,,,https://www.icrp.org/publication.asp?id=icrp%20publication%2089; https://pmc.ncbi.nlm.nih.gov/articles/PMC6890583/,人体分区：顶叶皮层,顶叶皮层：血流分数,心输出量分数,缩放值,参考成人,分区参考解剖几何,中低,中,生理学缩放证据,,
human_region:brain_parietal,vascular_ml,Parietal cortex: vascular_ml,34,mL,scaled,reference human,ICRP Publication 89 (2002); Jones and Rowland-Yeo 2013; Shah and Betts 2012/2013,Region-resolved reference geometry,medium-low,medium,model/human_spatial_pbpk.py:REGIONS,physiology-scaled,,,https://www.icrp.org/publication.asp?id=icrp%20publication%2089; https://pmc.ncbi.nlm.nih.gov/articles/PMC6890583/,人体分区：顶叶皮层,顶叶皮层：血管容积,mL,缩放值,参考成人,分区参考解剖几何,中低,中,生理学缩放证据,,
human_region:brain_parietal,isf_ml,Parietal cortex: isf_ml,195,mL,scaled,reference human,ICRP Publication 89 (2002); Jones and Rowland-Yeo 2013; Shah and Betts 2012/2013,Region-resolved reference geometry,medium-low,medium,model/human_spatial_pbpk.py:REGIONS,physiology-scaled,,,https://www.icrp.org/publication.asp?id=icrp%20publication%2089; https://pmc.ncbi.nlm.nih.gov/articles/PMC6890583/,人体分区：顶叶皮层,顶叶皮层：组织间液容积,mL,缩放值,参考成人,分区参考解剖几何,中低,中,生理学缩放证据,,
human_region:brain_parietal,ps_ml_h,Parietal cortex: ps_ml_h,0.0702,mL/h,assumed,reference human,Current model structural prior; requires project-specific calibration,Exploratory regional transport/transduction prior,low,high,model/human_spatial_pbpk.py:REGIONS,structural/design,,,,人体分区：顶叶皮层,顶叶皮层：通透性-表面积乘积,mL/h,假设值,参考成人,区域转运与转导的探索性先验,低,高,模型结构或设计输入,,
human_region:brain_parietal,kp,Parietal cortex: kp,0.048,dimensionless,assumed,reference human,Current model structural prior; requires project-specific calibration,Exploratory regional transport/transduction prior,low,high,model/human_spatial_pbpk.py:REGIONS,structural/design,,,,人体分区：顶叶皮层,顶叶皮层：组织-血浆分配系数,无量纲,假设值,参考成人,区域转运与转导的探索性先验,低,高,模型结构或设计输入,,
human_region:brain_parietal,internalization_half_life_h,Parietal cortex: internalization_half_life_h,44,h,assumed,reference human,Current model structural prior; requires project-specific calibration,Exploratory regional transport/transduction prior,low,high,model/human_spatial_pbpk.py:REGIONS,structural/design,,,,人体分区：顶叶皮层,顶叶皮层：内化半衰期,h,假设值,参考成人,区域转运与转导的探索性先验,低,高,模型结构或设计输入,,
human_region:brain_parietal,episome_half_life_days,Parietal cortex: episome_half_life_days,365,day,assumed,reference human,Current model structural prior; requires project-specific calibration,Exploratory regional transport/transduction prior,low,high,model/human_spatial_pbpk.py:REGIONS,structural/design,,,,人体分区：顶叶皮层,顶叶皮层：游离体半衰期,d,假设值,参考成人,区域转运与转导的探索性先验,低,高,模型结构或设计输入,,
human_region:brain_temporal,flow_fraction,Temporal cortex: flow_fraction,0.021,fraction of cardiac output,scaled,reference human,ICRP Publication 89 (2002); Jones and Rowland-Yeo 2013; Shah and Betts 2012/2013,Region-resolved reference geometry,medium-low,medium,model/human_spatial_pbpk.py:REGIONS,physiology-scaled,,,https://www.icrp.org/publication.asp?id=icrp%20publication%2089; https://pmc.ncbi.nlm.nih.gov/articles/PMC6890583/,人体分区：颞叶皮层,颞叶皮层：血流分数,心输出量分数,缩放值,参考成人,分区参考解剖几何,中低,中,生理学缩放证据,,
human_region:brain_temporal,vascular_ml,Temporal cortex: vascular_ml,31,mL,scaled,reference human,ICRP Publication 89 (2002); Jones and Rowland-Yeo 2013; Shah and Betts 2012/2013,Region-resolved reference geometry,medium-low,medium,model/human_spatial_pbpk.py:REGIONS,physiology-scaled,,,https://www.icrp.org/publication.asp?id=icrp%20publication%2089; https://pmc.ncbi.nlm.nih.gov/articles/PMC6890583/,人体分区：颞叶皮层,颞叶皮层：血管容积,mL,缩放值,参考成人,分区参考解剖几何,中低,中,生理学缩放证据,,
human_region:brain_temporal,isf_ml,Temporal cortex: isf_ml,180,mL,scaled,reference human,ICRP Publication 89 (2002); Jones and Rowland-Yeo 2013; Shah and Betts 2012/2013,Region-resolved reference geometry,medium-low,medium,model/human_spatial_pbpk.py:REGIONS,physiology-scaled,,,https://www.icrp.org/publication.asp?id=icrp%20publication%2089; https://pmc.ncbi.nlm.nih.gov/articles/PMC6890583/,人体分区：颞叶皮层,颞叶皮层：组织间液容积,mL,缩放值,参考成人,分区参考解剖几何,中低,中,生理学缩放证据,,
human_region:brain_temporal,ps_ml_h,Temporal cortex: ps_ml_h,0.0576,mL/h,assumed,reference human,Current model structural prior; requires project-specific calibration,Exploratory regional transport/transduction prior,low,high,model/human_spatial_pbpk.py:REGIONS,structural/design,,,,人体分区：颞叶皮层,颞叶皮层：通透性-表面积乘积,mL/h,假设值,参考成人,区域转运与转导的探索性先验,低,高,模型结构或设计输入,,
human_region:brain_temporal,kp,Temporal cortex: kp,0.045,dimensionless,assumed,reference human,Current model structural prior; requires project-specific calibration,Exploratory regional transport/transduction prior,low,high,model/human_spatial_pbpk.py:REGIONS,structural/design,,,,人体分区：颞叶皮层,颞叶皮层：组织-血浆分配系数,无量纲,假设值,参考成人,区域转运与转导的探索性先验,低,高,模型结构或设计输入,,
human_region:brain_temporal,internalization_half_life_h,Temporal cortex: internalization_half_life_h,46,h,assumed,reference human,Current model structural prior; requires project-specific calibration,Exploratory regional transport/transduction prior,low,high,model/human_spatial_pbpk.py:REGIONS,structural/design,,,,人体分区：颞叶皮层,颞叶皮层：内化半衰期,h,假设值,参考成人,区域转运与转导的探索性先验,低,高,模型结构或设计输入,,
human_region:brain_temporal,episome_half_life_days,Temporal cortex: episome_half_life_days,365,day,assumed,reference human,Current model structural prior; requires project-specific calibration,Exploratory regional transport/transduction prior,low,high,model/human_spatial_pbpk.py:REGIONS,structural/design,,,,人体分区：颞叶皮层,颞叶皮层：游离体半衰期,d,假设值,参考成人,区域转运与转导的探索性先验,低,高,模型结构或设计输入,,
human_region:brain_occipital,flow_fraction,Occipital cortex: flow_fraction,0.018,fraction of cardiac output,scaled,reference human,ICRP Publication 89 (2002); Jones and Rowland-Yeo 2013; Shah and Betts 2012/2013,Region-resolved reference geometry,medium-low,medium,model/human_spatial_pbpk.py:REGIONS,physiology-scaled,,,https://www.icrp.org/publication.asp?id=icrp%20publication%2089; https://pmc.ncbi.nlm.nih.gov/articles/PMC6890583/,人体分区：枕叶皮层,枕叶皮层：血流分数,心输出量分数,缩放值,参考成人,分区参考解剖几何,中低,中,生理学缩放证据,,
human_region:brain_occipital,vascular_ml,Occipital cortex: vascular_ml,27,mL,scaled,reference human,ICRP Publication 89 (2002); Jones and Rowland-Yeo 2013; Shah and Betts 2012/2013,Region-resolved reference geometry,medium-low,medium,model/human_spatial_pbpk.py:REGIONS,physiology-scaled,,,https://www.icrp.org/publication.asp?id=icrp%20publication%2089; https://pmc.ncbi.nlm.nih.gov/articles/PMC6890583/,人体分区：枕叶皮层,枕叶皮层：血管容积,mL,缩放值,参考成人,分区参考解剖几何,中低,中,生理学缩放证据,,
human_region:brain_occipital,isf_ml,Occipital cortex: isf_ml,145,mL,scaled,reference human,ICRP Publication 89 (2002); Jones and Rowland-Yeo 2013; Shah and Betts 2012/2013,Region-resolved reference geometry,medium-low,medium,model/human_spatial_pbpk.py:REGIONS,physiology-scaled,,,https://www.icrp.org/publication.asp?id=icrp%20publication%2089; https://pmc.ncbi.nlm.nih.gov/articles/PMC6890583/,人体分区：枕叶皮层,枕叶皮层：组织间液容积,mL,缩放值,参考成人,分区参考解剖几何,中低,中,生理学缩放证据,,
human_region:brain_occipital,ps_ml_h,Occipital cortex: ps_ml_h,0.0435,mL/h,assumed,reference human,Current model structural prior; requires project-specific calibration,Exploratory regional transport/transduction prior,low,high,model/human_spatial_pbpk.py:REGIONS,structural/design,,,,人体分区：枕叶皮层,枕叶皮层：通透性-表面积乘积,mL/h,假设值,参考成人,区域转运与转导的探索性先验,低,高,模型结构或设计输入,,
human_region:brain_occipital,kp,Occipital cortex: kp,0.043,dimensionless,assumed,reference human,Current model structural prior; requires project-specific calibration,Exploratory regional transport/transduction prior,low,high,model/human_spatial_pbpk.py:REGIONS,structural/design,,,,人体分区：枕叶皮层,枕叶皮层：组织-血浆分配系数,无量纲,假设值,参考成人,区域转运与转导的探索性先验,低,高,模型结构或设计输入,,
human_region:brain_occipital,internalization_half_life_h,Occipital cortex: internalization_half_life_h,48,h,assumed,reference human,Current model structural prior; requires project-specific calibration,Exploratory regional transport/transduction prior,low,high,model/human_spatial_pbpk.py:REGIONS,structural/design,,,,人体分区：枕叶皮层,枕叶皮层：内化半衰期,h,假设值,参考成人,区域转运与转导的探索性先验,低,高,模型结构或设计输入,,
human_region:brain_occipital,episome_half_life_days,Occipital cortex: episome_half_life_days,365,day,assumed,reference human,Current model structural prior; requires project-specific calibration,Exploratory regional transport/transduction prior,low,high,model/human_spatial_pbpk.py:REGIONS,structural/design,,,,人体分区：枕叶皮层,枕叶皮层：游离体半衰期,d,假设值,参考成人,区域转运与转导的探索性先验,低,高,模型结构或设计输入,,
human_region:brain_deep_gray,flow_fraction,Deep gray nuclei: flow_fraction,0.018,fraction of cardiac output,scaled,reference human,ICRP Publication 89 (2002); Jones and Rowland-Yeo 2013; Shah and Betts 2012/2013,Region-resolved reference geometry,medium-low,medium,model/human_spatial_pbpk.py:REGIONS,physiology-scaled,,,https://www.icrp.org/publication.asp?id=icrp%20publication%2089; https://pmc.ncbi.nlm.nih.gov/articles/PMC6890583/,人体分区：深部灰质核团,深部灰质核团：血流分数,心输出量分数,缩放值,参考成人,分区参考解剖几何,中低,中,生理学缩放证据,,
human_region:brain_deep_gray,vascular_ml,Deep gray nuclei: vascular_ml,27,mL,scaled,reference human,ICRP Publication 89 (2002); Jones and Rowland-Yeo 2013; Shah and Betts 2012/2013,Region-resolved reference geometry,medium-low,medium,model/human_spatial_pbpk.py:REGIONS,physiology-scaled,,,https://www.icrp.org/publication.asp?id=icrp%20publication%2089; https://pmc.ncbi.nlm.nih.gov/articles/PMC6890583/,人体分区：深部灰质核团,深部灰质核团：血管容积,mL,缩放值,参考成人,分区参考解剖几何,中低,中,生理学缩放证据,,
human_region:brain_deep_gray,isf_ml,Deep gray nuclei: isf_ml,150,mL,scaled,reference human,ICRP Publication 89 (2002); Jones and Rowland-Yeo 2013; Shah and Betts 2012/2013,Region-resolved reference geometry,medium-low,medium,model/human_spatial_pbpk.py:REGIONS,physiology-scaled,,,https://www.icrp.org/publication.asp?id=icrp%20publication%2089; https://pmc.ncbi.nlm.nih.gov/articles/PMC6890583/,人体分区：深部灰质核团,深部灰质核团：组织间液容积,mL,缩放值,参考成人,分区参考解剖几何,中低,中,生理学缩放证据,,
human_region:brain_deep_gray,ps_ml_h,Deep gray nuclei: ps_ml_h,0.018,mL/h,assumed,reference human,Current model structural prior; requires project-specific calibration,Exploratory regional transport/transduction prior,low,high,model/human_spatial_pbpk.py:REGIONS,structural/design,,,,人体分区：深部灰质核团,深部灰质核团：通透性-表面积乘积,mL/h,假设值,参考成人,区域转运与转导的探索性先验,低,高,模型结构或设计输入,,
human_region:brain_deep_gray,kp,Deep gray nuclei: kp,0.028,dimensionless,assumed,reference human,Current model structural prior; requires project-specific calibration,Exploratory regional transport/transduction prior,low,high,model/human_spatial_pbpk.py:REGIONS,structural/design,,,,人体分区：深部灰质核团,深部灰质核团：组织-血浆分配系数,无量纲,假设值,参考成人,区域转运与转导的探索性先验,低,高,模型结构或设计输入,,
human_region:brain_deep_gray,internalization_half_life_h,Deep gray nuclei: internalization_half_life_h,60,h,assumed,reference human,Current model structural prior; requires project-specific calibration,Exploratory regional transport/transduction prior,low,high,model/human_spatial_pbpk.py:REGIONS,structural/design,,,,人体分区：深部灰质核团,深部灰质核团：内化半衰期,h,假设值,参考成人,区域转运与转导的探索性先验,低,高,模型结构或设计输入,,
human_region:brain_deep_gray,episome_half_life_days,Deep gray nuclei: episome_half_life_days,365,day,assumed,reference human,Current model structural prior; requires project-specific calibration,Exploratory regional transport/transduction prior,low,high,model/human_spatial_pbpk.py:REGIONS,structural/design,,,,人体分区：深部灰质核团,深部灰质核团：游离体半衰期,d,假设值,参考成人,区域转运与转导的探索性先验,低,高,模型结构或设计输入,,
human_region:brain_cerebellum,flow_fraction,Cerebellum: flow_fraction,0.014,fraction of cardiac output,scaled,reference human,ICRP Publication 89 (2002); Jones and Rowland-Yeo 2013; Shah and Betts 2012/2013,Region-resolved reference geometry,medium-low,medium,model/human_spatial_pbpk.py:REGIONS,physiology-scaled,,,https://www.icrp.org/publication.asp?id=icrp%20publication%2089; https://pmc.ncbi.nlm.nih.gov/articles/PMC6890583/,人体分区：小脑,小脑：血流分数,心输出量分数,缩放值,参考成人,分区参考解剖几何,中低,中,生理学缩放证据,,
human_region:brain_cerebellum,vascular_ml,Cerebellum: vascular_ml,22,mL,scaled,reference human,ICRP Publication 89 (2002); Jones and Rowland-Yeo 2013; Shah and Betts 2012/2013,Region-resolved reference geometry,medium-low,medium,model/human_spatial_pbpk.py:REGIONS,physiology-scaled,,,https://www.icrp.org/publication.asp?id=icrp%20publication%2089; https://pmc.ncbi.nlm.nih.gov/articles/PMC6890583/,人体分区：小脑,小脑：血管容积,mL,缩放值,参考成人,分区参考解剖几何,中低,中,生理学缩放证据,,
human_region:brain_cerebellum,isf_ml,Cerebellum: isf_ml,125,mL,scaled,reference human,ICRP Publication 89 (2002); Jones and Rowland-Yeo 2013; Shah and Betts 2012/2013,Region-resolved reference geometry,medium-low,medium,model/human_spatial_pbpk.py:REGIONS,physiology-scaled,,,https://www.icrp.org/publication.asp?id=icrp%20publication%2089; https://pmc.ncbi.nlm.nih.gov/articles/PMC6890583/,人体分区：小脑,小脑：组织间液容积,mL,缩放值,参考成人,分区参考解剖几何,中低,中,生理学缩放证据,,
human_region:brain_cerebellum,ps_ml_h,Cerebellum: ps_ml_h,0.0225,mL/h,assumed,reference human,Current model structural prior; requires project-specific calibration,Exploratory regional transport/transduction prior,low,high,model/human_spatial_pbpk.py:REGIONS,structural/design,,,,人体分区：小脑,小脑：通透性-表面积乘积,mL/h,假设值,参考成人,区域转运与转导的探索性先验,低,高,模型结构或设计输入,,
human_region:brain_cerebellum,kp,Cerebellum: kp,0.035,dimensionless,assumed,reference human,Current model structural prior; requires project-specific calibration,Exploratory regional transport/transduction prior,low,high,model/human_spatial_pbpk.py:REGIONS,structural/design,,,,人体分区：小脑,小脑：组织-血浆分配系数,无量纲,假设值,参考成人,区域转运与转导的探索性先验,低,高,模型结构或设计输入,,
human_region:brain_cerebellum,internalization_half_life_h,Cerebellum: internalization_half_life_h,54,h,assumed,reference human,Current model structural prior; requires project-specific calibration,Exploratory regional transport/transduction prior,low,high,model/human_spatial_pbpk.py:REGIONS,structural/design,,,,人体分区：小脑,小脑：内化半衰期,h,假设值,参考成人,区域转运与转导的探索性先验,低,高,模型结构或设计输入,,
human_region:brain_cerebellum,episome_half_life_days,Cerebellum: episome_half_life_days,365,day,assumed,reference human,Current model structural prior; requires project-specific calibration,Exploratory regional transport/transduction prior,low,high,model/human_spatial_pbpk.py:REGIONS,structural/design,,,,人体分区：小脑,小脑：游离体半衰期,d,假设值,参考成人,区域转运与转导的探索性先验,低,高,模型结构或设计输入,,
human_region:brainstem_spinal,flow_fraction,Brainstem and spinal cord: flow_fraction,0.01,fraction of cardiac output,scaled,reference human,ICRP Publication 89 (2002); Jones and Rowland-Yeo 2013; Shah and Betts 2012/2013,Region-resolved reference geometry,medium-low,medium,model/human_spatial_pbpk.py:REGIONS,physiology-scaled,,,https://www.icrp.org/publication.asp?id=icrp%20publication%2089; https://pmc.ncbi.nlm.nih.gov/articles/PMC6890583/,人体分区：脑干与脊髓,脑干与脊髓：血流分数,心输出量分数,缩放值,参考成人,分区参考解剖几何,中低,中,生理学缩放证据,,
human_region:brainstem_spinal,vascular_ml,Brainstem and spinal cord: vascular_ml,18,mL,scaled,reference human,ICRP Publication 89 (2002); Jones and Rowland-Yeo 2013; Shah and Betts 2012/2013,Region-resolved reference geometry,medium-low,medium,model/human_spatial_pbpk.py:REGIONS,physiology-scaled,,,https://www.icrp.org/publication.asp?id=icrp%20publication%2089; https://pmc.ncbi.nlm.nih.gov/articles/PMC6890583/,人体分区：脑干与脊髓,脑干与脊髓：血管容积,mL,缩放值,参考成人,分区参考解剖几何,中低,中,生理学缩放证据,,
human_region:brainstem_spinal,isf_ml,Brainstem and spinal cord: isf_ml,120,mL,scaled,reference human,ICRP Publication 89 (2002); Jones and Rowland-Yeo 2013; Shah and Betts 2012/2013,Region-resolved reference geometry,medium-low,medium,model/human_spatial_pbpk.py:REGIONS,physiology-scaled,,,https://www.icrp.org/publication.asp?id=icrp%20publication%2089; https://pmc.ncbi.nlm.nih.gov/articles/PMC6890583/,人体分区：脑干与脊髓,脑干与脊髓：组织间液容积,mL,缩放值,参考成人,分区参考解剖几何,中低,中,生理学缩放证据,,
human_region:brainstem_spinal,ps_ml_h,Brainstem and spinal cord: ps_ml_h,0.012,mL/h,assumed,reference human,Current model structural prior; requires project-specific calibration,Exploratory regional transport/transduction prior,low,high,model/human_spatial_pbpk.py:REGIONS,structural/design,,,,人体分区：脑干与脊髓,脑干与脊髓：通透性-表面积乘积,mL/h,假设值,参考成人,区域转运与转导的探索性先验,低,高,模型结构或设计输入,,
human_region:brainstem_spinal,kp,Brainstem and spinal cord: kp,0.024,dimensionless,assumed,reference human,Current model structural prior; requires project-specific calibration,Exploratory regional transport/transduction prior,low,high,model/human_spatial_pbpk.py:REGIONS,structural/design,,,,人体分区：脑干与脊髓,脑干与脊髓：组织-血浆分配系数,无量纲,假设值,参考成人,区域转运与转导的探索性先验,低,高,模型结构或设计输入,,
human_region:brainstem_spinal,internalization_half_life_h,Brainstem and spinal cord: internalization_half_life_h,72,h,assumed,reference human,Current model structural prior; requires project-specific calibration,Exploratory regional transport/transduction prior,low,high,model/human_spatial_pbpk.py:REGIONS,structural/design,,,,人体分区：脑干与脊髓,脑干与脊髓：内化半衰期,h,假设值,参考成人,区域转运与转导的探索性先验,低,高,模型结构或设计输入,,
human_region:brainstem_spinal,episome_half_life_days,Brainstem and spinal cord: episome_half_life_days,365,day,assumed,reference human,Current model structural prior; requires project-specific calibration,Exploratory regional transport/transduction prior,low,high,model/human_spatial_pbpk.py:REGIONS,structural/design,,,,人体分区：脑干与脊髓,脑干与脊髓：游离体半衰期,d,假设值,参考成人,区域转运与转导的探索性先验,低,高,模型结构或设计输入,,
human_region:heart,flow_fraction,Heart: flow_fraction,0.04,fraction of cardiac output,scaled,reference human,ICRP Publication 89 (2002); Jones and Rowland-Yeo 2013; Shah and Betts 2012/2013,Region-resolved reference geometry,medium-low,medium,model/human_spatial_pbpk.py:REGIONS,physiology-scaled,,,https://www.icrp.org/publication.asp?id=icrp%20publication%2089; https://pmc.ncbi.nlm.nih.gov/articles/PMC6890583/,人体分区：心脏,心脏：血流分数,心输出量分数,缩放值,参考成人,分区参考解剖几何,中低,中,生理学缩放证据,,
human_region:heart,vascular_ml,Heart: vascular_ml,110,mL,scaled,reference human,ICRP Publication 89 (2002); Jones and Rowland-Yeo 2013; Shah and Betts 2012/2013,Region-resolved reference geometry,medium-low,medium,model/human_spatial_pbpk.py:REGIONS,physiology-scaled,,,https://www.icrp.org/publication.asp?id=icrp%20publication%2089; https://pmc.ncbi.nlm.nih.gov/articles/PMC6890583/,人体分区：心脏,心脏：血管容积,mL,缩放值,参考成人,分区参考解剖几何,中低,中,生理学缩放证据,,
human_region:heart,isf_ml,Heart: isf_ml,230,mL,scaled,reference human,ICRP Publication 89 (2002); Jones and Rowland-Yeo 2013; Shah and Betts 2012/2013,Region-resolved reference geometry,medium-low,medium,model/human_spatial_pbpk.py:REGIONS,physiology-scaled,,,https://www.icrp.org/publication.asp?id=icrp%20publication%2089; https://pmc.ncbi.nlm.nih.gov/articles/PMC6890583/,人体分区：心脏,心脏：组织间液容积,mL,缩放值,参考成人,分区参考解剖几何,中低,中,生理学缩放证据,,
human_region:heart,ps_ml_h,Heart: ps_ml_h,4.6,mL/h,assumed,reference human,Current model structural prior; requires project-specific calibration,Exploratory regional transport/transduction prior,low,high,model/human_spatial_pbpk.py:REGIONS,structural/design,,,,人体分区：心脏,心脏：通透性-表面积乘积,mL/h,假设值,参考成人,区域转运与转导的探索性先验,低,高,模型结构或设计输入,,
human_region:heart,kp,Heart: kp,0.7,dimensionless,assumed,reference human,Current model structural prior; requires project-specific calibration,Exploratory regional transport/transduction prior,low,high,model/human_spatial_pbpk.py:REGIONS,structural/design,,,,人体分区：心脏,心脏：组织-血浆分配系数,无量纲,假设值,参考成人,区域转运与转导的探索性先验,低,高,模型结构或设计输入,,
human_region:heart,internalization_half_life_h,Heart: internalization_half_life_h,24,h,assumed,reference human,Current model structural prior; requires project-specific calibration,Exploratory regional transport/transduction prior,low,high,model/human_spatial_pbpk.py:REGIONS,structural/design,,,,人体分区：心脏,心脏：内化半衰期,h,假设值,参考成人,区域转运与转导的探索性先验,低,高,模型结构或设计输入,,
human_region:heart,episome_half_life_days,Heart: episome_half_life_days,300,day,assumed,reference human,Current model structural prior; requires project-specific calibration,Exploratory regional transport/transduction prior,low,high,model/human_spatial_pbpk.py:REGIONS,structural/design,,,,人体分区：心脏,心脏：游离体半衰期,d,假设值,参考成人,区域转运与转导的探索性先验,低,高,模型结构或设计输入,,
human_region:liver,flow_fraction,Liver: flow_fraction,0.06,fraction of cardiac output,scaled,reference human,ICRP Publication 89 (2002); Jones and Rowland-Yeo 2013; Shah and Betts 2012/2013,Region-resolved reference geometry,medium-low,medium,model/human_spatial_pbpk.py:REGIONS,physiology-scaled,,,https://www.icrp.org/publication.asp?id=icrp%20publication%2089; https://pmc.ncbi.nlm.nih.gov/articles/PMC6890583/,人体分区：肝脏,肝脏：血流分数,心输出量分数,缩放值,参考成人,分区参考解剖几何,中低,中,生理学缩放证据,,
human_region:liver,vascular_ml,Liver: vascular_ml,420,mL,scaled,reference human,ICRP Publication 89 (2002); Jones and Rowland-Yeo 2013; Shah and Betts 2012/2013,Region-resolved reference geometry,medium-low,medium,model/human_spatial_pbpk.py:REGIONS,physiology-scaled,,,https://www.icrp.org/publication.asp?id=icrp%20publication%2089; https://pmc.ncbi.nlm.nih.gov/articles/PMC6890583/,人体分区：肝脏,肝脏：血管容积,mL,缩放值,参考成人,分区参考解剖几何,中低,中,生理学缩放证据,,
human_region:liver,isf_ml,Liver: isf_ml,1050,mL,scaled,reference human,ICRP Publication 89 (2002); Jones and Rowland-Yeo 2013; Shah and Betts 2012/2013,Region-resolved reference geometry,medium-low,medium,model/human_spatial_pbpk.py:REGIONS,physiology-scaled,,,https://www.icrp.org/publication.asp?id=icrp%20publication%2089; https://pmc.ncbi.nlm.nih.gov/articles/PMC6890583/,人体分区：肝脏,肝脏：组织间液容积,mL,缩放值,参考成人,分区参考解剖几何,中低,中,生理学缩放证据,,
human_region:liver,ps_ml_h,Liver: ps_ml_h,47.25,mL/h,assumed,reference human,Current model structural prior; requires project-specific calibration,Exploratory regional transport/transduction prior,low,high,model/human_spatial_pbpk.py:REGIONS,structural/design,,,,人体分区：肝脏,肝脏：通透性-表面积乘积,mL/h,假设值,参考成人,区域转运与转导的探索性先验,低,高,模型结构或设计输入,,
human_region:liver,kp,Liver: kp,1.6,dimensionless,assumed,reference human,Current model structural prior; requires project-specific calibration,Exploratory regional transport/transduction prior,low,high,model/human_spatial_pbpk.py:REGIONS,structural/design,,,,人体分区：肝脏,肝脏：组织-血浆分配系数,无量纲,假设值,参考成人,区域转运与转导的探索性先验,低,高,模型结构或设计输入,,
human_region:liver,internalization_half_life_h,Liver: internalization_half_life_h,8,h,assumed,reference human,Current model structural prior; requires project-specific calibration,Exploratory regional transport/transduction prior,low,high,model/human_spatial_pbpk.py:REGIONS,structural/design,,,,人体分区：肝脏,肝脏：内化半衰期,h,假设值,参考成人,区域转运与转导的探索性先验,低,高,模型结构或设计输入,,
human_region:liver,episome_half_life_days,Liver: episome_half_life_days,1095,day,literature-constrained prior,reference human,"Fong et al. 2022, PMCID:PMC9018415",Exploratory regional transport/transduction prior,low,high,model/human_spatial_pbpk.py:REGIONS,comparative-prior,transcriptionally competent liver episomes detected 2.6-4.1 y post-dose,"updated from 120 to 1095 d; conservative effective persistence prior, not a fitted half-life",https://pmc.ncbi.nlm.nih.gov/articles/PMC9018415/,人体分区：肝脏,肝脏：游离体半衰期,d,文献约束先验,参考成人,区域转运与转导的探索性先验,低,高,同条件比较形成的先验,transcriptionally competent liver episomes detected 2.6-4.1 y post-dose,"updated from 120 to 1095 d; conservative effective persistence prior, not a fitted half-life"
human_region:spleen,flow_fraction,Spleen: flow_fraction,0.03,fraction of cardiac output,scaled,reference human,ICRP Publication 89 (2002); Jones and Rowland-Yeo 2013; Shah and Betts 2012/2013,Region-resolved reference geometry,medium-low,medium,model/human_spatial_pbpk.py:REGIONS,physiology-scaled,,,https://www.icrp.org/publication.asp?id=icrp%20publication%2089; https://pmc.ncbi.nlm.nih.gov/articles/PMC6890583/,人体分区：脾脏,脾脏：血流分数,心输出量分数,缩放值,参考成人,分区参考解剖几何,中低,中,生理学缩放证据,,
human_region:spleen,vascular_ml,Spleen: vascular_ml,45,mL,scaled,reference human,ICRP Publication 89 (2002); Jones and Rowland-Yeo 2013; Shah and Betts 2012/2013,Region-resolved reference geometry,medium-low,medium,model/human_spatial_pbpk.py:REGIONS,physiology-scaled,,,https://www.icrp.org/publication.asp?id=icrp%20publication%2089; https://pmc.ncbi.nlm.nih.gov/articles/PMC6890583/,人体分区：脾脏,脾脏：血管容积,mL,缩放值,参考成人,分区参考解剖几何,中低,中,生理学缩放证据,,
human_region:spleen,isf_ml,Spleen: isf_ml,115,mL,scaled,reference human,ICRP Publication 89 (2002); Jones and Rowland-Yeo 2013; Shah and Betts 2012/2013,Region-resolved reference geometry,medium-low,medium,model/human_spatial_pbpk.py:REGIONS,physiology-scaled,,,https://www.icrp.org/publication.asp?id=icrp%20publication%2089; https://pmc.ncbi.nlm.nih.gov/articles/PMC6890583/,人体分区：脾脏,脾脏：组织间液容积,mL,缩放值,参考成人,分区参考解剖几何,中低,中,生理学缩放证据,,
human_region:spleen,ps_ml_h,Spleen: ps_ml_h,4.025,mL/h,assumed,reference human,Current model structural prior; requires project-specific calibration,Exploratory regional transport/transduction prior,low,high,model/human_spatial_pbpk.py:REGIONS,structural/design,,,,人体分区：脾脏,脾脏：通透性-表面积乘积,mL/h,假设值,参考成人,区域转运与转导的探索性先验,低,高,模型结构或设计输入,,
human_region:spleen,kp,Spleen: kp,1.25,dimensionless,assumed,reference human,Current model structural prior; requires project-specific calibration,Exploratory regional transport/transduction prior,low,high,model/human_spatial_pbpk.py:REGIONS,structural/design,,,,人体分区：脾脏,脾脏：组织-血浆分配系数,无量纲,假设值,参考成人,区域转运与转导的探索性先验,低,高,模型结构或设计输入,,
human_region:spleen,internalization_half_life_h,Spleen: internalization_half_life_h,8,h,assumed,reference human,Current model structural prior; requires project-specific calibration,Exploratory regional transport/transduction prior,low,high,model/human_spatial_pbpk.py:REGIONS,structural/design,,,,人体分区：脾脏,脾脏：内化半衰期,h,假设值,参考成人,区域转运与转导的探索性先验,低,高,模型结构或设计输入,,
human_region:spleen,episome_half_life_days,Spleen: episome_half_life_days,150,day,assumed,reference human,Current model structural prior; requires project-specific calibration,Exploratory regional transport/transduction prior,low,high,model/human_spatial_pbpk.py:REGIONS,structural/design,,,,人体分区：脾脏,脾脏：游离体半衰期,d,假设值,参考成人,区域转运与转导的探索性先验,低,高,模型结构或设计输入,,
human_region:kidney_left_cortex,flow_fraction,Left kidney cortex: flow_fraction,0.06,fraction of cardiac output,scaled,reference human,ICRP Publication 89 (2002); Jones and Rowland-Yeo 2013; Shah and Betts 2012/2013,Region-resolved reference geometry,medium-low,medium,model/human_spatial_pbpk.py:REGIONS,physiology-scaled,,,https://www.icrp.org/publication.asp?id=icrp%20publication%2089; https://pmc.ncbi.nlm.nih.gov/articles/PMC6890583/,人体分区：左肾皮质,左肾皮质：血流分数,心输出量分数,缩放值,参考成人,分区参考解剖几何,中低,中,生理学缩放证据,,
human_region:kidney_left_cortex,vascular_ml,Left kidney cortex: vascular_ml,55,mL,scaled,reference human,ICRP Publication 89 (2002); Jones and Rowland-Yeo 2013; Shah and Betts 2012/2013,Region-resolved reference geometry,medium-low,medium,model/human_spatial_pbpk.py:REGIONS,physiology-scaled,,,https://www.icrp.org/publication.asp?id=icrp%20publication%2089; https://pmc.ncbi.nlm.nih.gov/articles/PMC6890583/,人体分区：左肾皮质,左肾皮质：血管容积,mL,缩放值,参考成人,分区参考解剖几何,中低,中,生理学缩放证据,,
human_region:kidney_left_cortex,isf_ml,Left kidney cortex: isf_ml,85,mL,scaled,reference human,ICRP Publication 89 (2002); Jones and Rowland-Yeo 2013; Shah and Betts 2012/2013,Region-resolved reference geometry,medium-low,medium,model/human_spatial_pbpk.py:REGIONS,physiology-scaled,,,https://www.icrp.org/publication.asp?id=icrp%20publication%2089; https://pmc.ncbi.nlm.nih.gov/articles/PMC6890583/,人体分区：左肾皮质,左肾皮质：组织间液容积,mL,缩放值,参考成人,分区参考解剖几何,中低,中,生理学缩放证据,,
human_region:kidney_left_cortex,ps_ml_h,Left kidney cortex: ps_ml_h,2.55,mL/h,assumed,reference human,Current model structural prior; requires project-specific calibration,Exploratory regional transport/transduction prior,low,high,model/human_spatial_pbpk.py:REGIONS,structural/design,,,,人体分区：左肾皮质,左肾皮质：通透性-表面积乘积,mL/h,假设值,参考成人,区域转运与转导的探索性先验,低,高,模型结构或设计输入,,
human_region:kidney_left_cortex,kp,Left kidney cortex: kp,0.85,dimensionless,assumed,reference human,Current model structural prior; requires project-specific calibration,Exploratory regional transport/transduction prior,low,high,model/human_spatial_pbpk.py:REGIONS,structural/design,,,,人体分区：左肾皮质,左肾皮质：组织-血浆分配系数,无量纲,假设值,参考成人,区域转运与转导的探索性先验,低,高,模型结构或设计输入,,
human_region:kidney_left_cortex,internalization_half_life_h,Left kidney cortex: internalization_half_life_h,18,h,assumed,reference human,Current model structural prior; requires project-specific calibration,Exploratory regional transport/transduction prior,low,high,model/human_spatial_pbpk.py:REGIONS,structural/design,,,,人体分区：左肾皮质,左肾皮质：内化半衰期,h,假设值,参考成人,区域转运与转导的探索性先验,低,高,模型结构或设计输入,,
human_region:kidney_left_cortex,episome_half_life_days,Left kidney cortex: episome_half_life_days,90,day,assumed,reference human,Current model structural prior; requires project-specific calibration,Exploratory regional transport/transduction prior,low,high,model/human_spatial_pbpk.py:REGIONS,structural/design,,,,人体分区：左肾皮质,左肾皮质：游离体半衰期,d,假设值,参考成人,区域转运与转导的探索性先验,低,高,模型结构或设计输入,,
human_region:kidney_left_medulla,flow_fraction,Left kidney medulla: flow_fraction,0.035,fraction of cardiac output,scaled,reference human,ICRP Publication 89 (2002); Jones and Rowland-Yeo 2013; Shah and Betts 2012/2013,Region-resolved reference geometry,medium-low,medium,model/human_spatial_pbpk.py:REGIONS,physiology-scaled,,,https://www.icrp.org/publication.asp?id=icrp%20publication%2089; https://pmc.ncbi.nlm.nih.gov/articles/PMC6890583/,人体分区：左肾髓质,左肾髓质：血流分数,心输出量分数,缩放值,参考成人,分区参考解剖几何,中低,中,生理学缩放证据,,
human_region:kidney_left_medulla,vascular_ml,Left kidney medulla: vascular_ml,32,mL,scaled,reference human,ICRP Publication 89 (2002); Jones and Rowland-Yeo 2013; Shah and Betts 2012/2013,Region-resolved reference geometry,medium-low,medium,model/human_spatial_pbpk.py:REGIONS,physiology-scaled,,,https://www.icrp.org/publication.asp?id=icrp%20publication%2089; https://pmc.ncbi.nlm.nih.gov/articles/PMC6890583/,人体分区：左肾髓质,左肾髓质：血管容积,mL,缩放值,参考成人,分区参考解剖几何,中低,中,生理学缩放证据,,
human_region:kidney_left_medulla,isf_ml,Left kidney medulla: isf_ml,58,mL,scaled,reference human,ICRP Publication 89 (2002); Jones and Rowland-Yeo 2013; Shah and Betts 2012/2013,Region-resolved reference geometry,medium-low,medium,model/human_spatial_pbpk.py:REGIONS,physiology-scaled,,,https://www.icrp.org/publication.asp?id=icrp%20publication%2089; https://pmc.ncbi.nlm.nih.gov/articles/PMC6890583/,人体分区：左肾髓质,左肾髓质：组织间液容积,mL,缩放值,参考成人,分区参考解剖几何,中低,中,生理学缩放证据,,
human_region:kidney_left_medulla,ps_ml_h,Left kidney medulla: ps_ml_h,1.044,mL/h,assumed,reference human,Current model structural prior; requires project-specific calibration,Exploratory regional transport/transduction prior,low,high,model/human_spatial_pbpk.py:REGIONS,structural/design,,,,人体分区：左肾髓质,左肾髓质：通透性-表面积乘积,mL/h,假设值,参考成人,区域转运与转导的探索性先验,低,高,模型结构或设计输入,,
human_region:kidney_left_medulla,kp,Left kidney medulla: kp,0.7,dimensionless,assumed,reference human,Current model structural prior; requires project-specific calibration,Exploratory regional transport/transduction prior,low,high,model/human_spatial_pbpk.py:REGIONS,structural/design,,,,人体分区：左肾髓质,左肾髓质：组织-血浆分配系数,无量纲,假设值,参考成人,区域转运与转导的探索性先验,低,高,模型结构或设计输入,,
human_region:kidney_left_medulla,internalization_half_life_h,Left kidney medulla: internalization_half_life_h,24,h,assumed,reference human,Current model structural prior; requires project-specific calibration,Exploratory regional transport/transduction prior,low,high,model/human_spatial_pbpk.py:REGIONS,structural/design,,,,人体分区：左肾髓质,左肾髓质：内化半衰期,h,假设值,参考成人,区域转运与转导的探索性先验,低,高,模型结构或设计输入,,
human_region:kidney_left_medulla,episome_half_life_days,Left kidney medulla: episome_half_life_days,90,day,assumed,reference human,Current model structural prior; requires project-specific calibration,Exploratory regional transport/transduction prior,low,high,model/human_spatial_pbpk.py:REGIONS,structural/design,,,,人体分区：左肾髓质,左肾髓质：游离体半衰期,d,假设值,参考成人,区域转运与转导的探索性先验,低,高,模型结构或设计输入,,
human_region:kidney_right_cortex,flow_fraction,Right kidney cortex: flow_fraction,0.06,fraction of cardiac output,scaled,reference human,ICRP Publication 89 (2002); Jones and Rowland-Yeo 2013; Shah and Betts 2012/2013,Region-resolved reference geometry,medium-low,medium,model/human_spatial_pbpk.py:REGIONS,physiology-scaled,,,https://www.icrp.org/publication.asp?id=icrp%20publication%2089; https://pmc.ncbi.nlm.nih.gov/articles/PMC6890583/,人体分区：右肾皮质,右肾皮质：血流分数,心输出量分数,缩放值,参考成人,分区参考解剖几何,中低,中,生理学缩放证据,,
human_region:kidney_right_cortex,vascular_ml,Right kidney cortex: vascular_ml,55,mL,scaled,reference human,ICRP Publication 89 (2002); Jones and Rowland-Yeo 2013; Shah and Betts 2012/2013,Region-resolved reference geometry,medium-low,medium,model/human_spatial_pbpk.py:REGIONS,physiology-scaled,,,https://www.icrp.org/publication.asp?id=icrp%20publication%2089; https://pmc.ncbi.nlm.nih.gov/articles/PMC6890583/,人体分区：右肾皮质,右肾皮质：血管容积,mL,缩放值,参考成人,分区参考解剖几何,中低,中,生理学缩放证据,,
human_region:kidney_right_cortex,isf_ml,Right kidney cortex: isf_ml,85,mL,scaled,reference human,ICRP Publication 89 (2002); Jones and Rowland-Yeo 2013; Shah and Betts 2012/2013,Region-resolved reference geometry,medium-low,medium,model/human_spatial_pbpk.py:REGIONS,physiology-scaled,,,https://www.icrp.org/publication.asp?id=icrp%20publication%2089; https://pmc.ncbi.nlm.nih.gov/articles/PMC6890583/,人体分区：右肾皮质,右肾皮质：组织间液容积,mL,缩放值,参考成人,分区参考解剖几何,中低,中,生理学缩放证据,,
human_region:kidney_right_cortex,ps_ml_h,Right kidney cortex: ps_ml_h,2.55,mL/h,assumed,reference human,Current model structural prior; requires project-specific calibration,Exploratory regional transport/transduction prior,low,high,model/human_spatial_pbpk.py:REGIONS,structural/design,,,,人体分区：右肾皮质,右肾皮质：通透性-表面积乘积,mL/h,假设值,参考成人,区域转运与转导的探索性先验,低,高,模型结构或设计输入,,
human_region:kidney_right_cortex,kp,Right kidney cortex: kp,0.85,dimensionless,assumed,reference human,Current model structural prior; requires project-specific calibration,Exploratory regional transport/transduction prior,low,high,model/human_spatial_pbpk.py:REGIONS,structural/design,,,,人体分区：右肾皮质,右肾皮质：组织-血浆分配系数,无量纲,假设值,参考成人,区域转运与转导的探索性先验,低,高,模型结构或设计输入,,
human_region:kidney_right_cortex,internalization_half_life_h,Right kidney cortex: internalization_half_life_h,18,h,assumed,reference human,Current model structural prior; requires project-specific calibration,Exploratory regional transport/transduction prior,low,high,model/human_spatial_pbpk.py:REGIONS,structural/design,,,,人体分区：右肾皮质,右肾皮质：内化半衰期,h,假设值,参考成人,区域转运与转导的探索性先验,低,高,模型结构或设计输入,,
human_region:kidney_right_cortex,episome_half_life_days,Right kidney cortex: episome_half_life_days,90,day,assumed,reference human,Current model structural prior; requires project-specific calibration,Exploratory regional transport/transduction prior,low,high,model/human_spatial_pbpk.py:REGIONS,structural/design,,,,人体分区：右肾皮质,右肾皮质：游离体半衰期,d,假设值,参考成人,区域转运与转导的探索性先验,低,高,模型结构或设计输入,,
human_region:kidney_right_medulla,flow_fraction,Right kidney medulla: flow_fraction,0.035,fraction of cardiac output,scaled,reference human,ICRP Publication 89 (2002); Jones and Rowland-Yeo 2013; Shah and Betts 2012/2013,Region-resolved reference geometry,medium-low,medium,model/human_spatial_pbpk.py:REGIONS,physiology-scaled,,,https://www.icrp.org/publication.asp?id=icrp%20publication%2089; https://pmc.ncbi.nlm.nih.gov/articles/PMC6890583/,人体分区：右肾髓质,右肾髓质：血流分数,心输出量分数,缩放值,参考成人,分区参考解剖几何,中低,中,生理学缩放证据,,
human_region:kidney_right_medulla,vascular_ml,Right kidney medulla: vascular_ml,32,mL,scaled,reference human,ICRP Publication 89 (2002); Jones and Rowland-Yeo 2013; Shah and Betts 2012/2013,Region-resolved reference geometry,medium-low,medium,model/human_spatial_pbpk.py:REGIONS,physiology-scaled,,,https://www.icrp.org/publication.asp?id=icrp%20publication%2089; https://pmc.ncbi.nlm.nih.gov/articles/PMC6890583/,人体分区：右肾髓质,右肾髓质：血管容积,mL,缩放值,参考成人,分区参考解剖几何,中低,中,生理学缩放证据,,
human_region:kidney_right_medulla,isf_ml,Right kidney medulla: isf_ml,58,mL,scaled,reference human,ICRP Publication 89 (2002); Jones and Rowland-Yeo 2013; Shah and Betts 2012/2013,Region-resolved reference geometry,medium-low,medium,model/human_spatial_pbpk.py:REGIONS,physiology-scaled,,,https://www.icrp.org/publication.asp?id=icrp%20publication%2089; https://pmc.ncbi.nlm.nih.gov/articles/PMC6890583/,人体分区：右肾髓质,右肾髓质：组织间液容积,mL,缩放值,参考成人,分区参考解剖几何,中低,中,生理学缩放证据,,
human_region:kidney_right_medulla,ps_ml_h,Right kidney medulla: ps_ml_h,1.044,mL/h,assumed,reference human,Current model structural prior; requires project-specific calibration,Exploratory regional transport/transduction prior,low,high,model/human_spatial_pbpk.py:REGIONS,structural/design,,,,人体分区：右肾髓质,右肾髓质：通透性-表面积乘积,mL/h,假设值,参考成人,区域转运与转导的探索性先验,低,高,模型结构或设计输入,,
human_region:kidney_right_medulla,kp,Right kidney medulla: kp,0.7,dimensionless,assumed,reference human,Current model structural prior; requires project-specific calibration,Exploratory regional transport/transduction prior,low,high,model/human_spatial_pbpk.py:REGIONS,structural/design,,,,人体分区：右肾髓质,右肾髓质：组织-血浆分配系数,无量纲,假设值,参考成人,区域转运与转导的探索性先验,低,高,模型结构或设计输入,,
human_region:kidney_right_medulla,internalization_half_life_h,Right kidney medulla: internalization_half_life_h,24,h,assumed,reference human,Current model structural prior; requires project-specific calibration,Exploratory regional transport/transduction prior,low,high,model/human_spatial_pbpk.py:REGIONS,structural/design,,,,人体分区：右肾髓质,右肾髓质：内化半衰期,h,假设值,参考成人,区域转运与转导的探索性先验,低,高,模型结构或设计输入,,
human_region:kidney_right_medulla,episome_half_life_days,Right kidney medulla: episome_half_life_days,90,day,assumed,reference human,Current model structural prior; requires project-specific calibration,Exploratory regional transport/transduction prior,low,high,model/human_spatial_pbpk.py:REGIONS,structural/design,,,,人体分区：右肾髓质,右肾髓质：游离体半衰期,d,假设值,参考成人,区域转运与转导的探索性先验,低,高,模型结构或设计输入,,
human_region:muscle_injected_arm,flow_fraction,Injected-side arm muscle: flow_fraction,0.012,fraction of cardiac output,scaled,reference human,ICRP Publication 89 (2002); Jones and Rowland-Yeo 2013; Shah and Betts 2012/2013,Region-resolved reference geometry,medium-low,medium,model/human_spatial_pbpk.py:REGIONS,physiology-scaled,,,https://www.icrp.org/publication.asp?id=icrp%20publication%2089; https://pmc.ncbi.nlm.nih.gov/articles/PMC6890583/,人体分区：注射侧上臂肌肉,注射侧上臂肌肉：血流分数,心输出量分数,缩放值,参考成人,分区参考解剖几何,中低,中,生理学缩放证据,,
human_region:muscle_injected_arm,vascular_ml,Injected-side arm muscle: vascular_ml,38,mL,scaled,reference human,ICRP Publication 89 (2002); Jones and Rowland-Yeo 2013; Shah and Betts 2012/2013,Region-resolved reference geometry,medium-low,medium,model/human_spatial_pbpk.py:REGIONS,physiology-scaled,,,https://www.icrp.org/publication.asp?id=icrp%20publication%2089; https://pmc.ncbi.nlm.nih.gov/articles/PMC6890583/,人体分区：注射侧上臂肌肉,注射侧上臂肌肉：血管容积,mL,缩放值,参考成人,分区参考解剖几何,中低,中,生理学缩放证据,,
human_region:muscle_injected_arm,isf_ml,Injected-side arm muscle: isf_ml,420,mL,scaled,reference human,ICRP Publication 89 (2002); Jones and Rowland-Yeo 2013; Shah and Betts 2012/2013,Region-resolved reference geometry,medium-low,medium,model/human_spatial_pbpk.py:REGIONS,physiology-scaled,,,https://www.icrp.org/publication.asp?id=icrp%20publication%2089; https://pmc.ncbi.nlm.nih.gov/articles/PMC6890583/,人体分区：注射侧上臂肌肉,注射侧上臂肌肉：组织间液容积,mL,缩放值,参考成人,分区参考解剖几何,中低,中,生理学缩放证据,,
human_region:muscle_injected_arm,ps_ml_h,Injected-side arm muscle: ps_ml_h,3.36,mL/h,assumed,reference human,Current model structural prior; requires project-specific calibration,Exploratory regional transport/transduction prior,low,high,model/human_spatial_pbpk.py:REGIONS,structural/design,,,,人体分区：注射侧上臂肌肉,注射侧上臂肌肉：通透性-表面积乘积,mL/h,假设值,参考成人,区域转运与转导的探索性先验,低,高,模型结构或设计输入,,
human_region:muscle_injected_arm,kp,Injected-side arm muscle: kp,0.55,dimensionless,assumed,reference human,Current model structural prior; requires project-specific calibration,Exploratory regional transport/transduction prior,low,high,model/human_spatial_pbpk.py:REGIONS,structural/design,,,,人体分区：注射侧上臂肌肉,注射侧上臂肌肉：组织-血浆分配系数,无量纲,假设值,参考成人,区域转运与转导的探索性先验,低,高,模型结构或设计输入,,
human_region:muscle_injected_arm,internalization_half_life_h,Injected-side arm muscle: internalization_half_life_h,30,h,assumed,reference human,Current model structural prior; requires project-specific calibration,Exploratory regional transport/transduction prior,low,high,model/human_spatial_pbpk.py:REGIONS,structural/design,,,,人体分区：注射侧上臂肌肉,注射侧上臂肌肉：内化半衰期,h,假设值,参考成人,区域转运与转导的探索性先验,低,高,模型结构或设计输入,,
human_region:muscle_injected_arm,episome_half_life_days,Injected-side arm muscle: episome_half_life_days,1460,day,literature-constrained prior,reference human,"Mueller et al. 2017, PMCID:PMC5374867",Exploratory regional transport/transduction prior,low,high,model/human_spatial_pbpk.py:REGIONS,comparative-prior,circular muscle episomes and ~0.5 vg/diploid genome persisted at least 4 y,updated from 365 to 1460 d; lower-bound effective persistence prior,https://pmc.ncbi.nlm.nih.gov/articles/PMC5374867/,人体分区：注射侧上臂肌肉,注射侧上臂肌肉：游离体半衰期,d,文献约束先验,参考成人,区域转运与转导的探索性先验,低,高,同条件比较形成的先验,circular muscle episomes and ~0.5 vg/diploid genome persisted at least 4 y,updated from 365 to 1460 d; lower-bound effective persistence prior
human_region:muscle_contralateral_arm,flow_fraction,Contralateral arm muscle: flow_fraction,0.012,fraction of cardiac output,scaled,reference human,ICRP Publication 89 (2002); Jones and Rowland-Yeo 2013; Shah and Betts 2012/2013,Region-resolved reference geometry,medium-low,medium,model/human_spatial_pbpk.py:REGIONS,physiology-scaled,,,https://www.icrp.org/publication.asp?id=icrp%20publication%2089; https://pmc.ncbi.nlm.nih.gov/articles/PMC6890583/,人体分区：对侧上臂肌肉,对侧上臂肌肉：血流分数,心输出量分数,缩放值,参考成人,分区参考解剖几何,中低,中,生理学缩放证据,,
human_region:muscle_contralateral_arm,vascular_ml,Contralateral arm muscle: vascular_ml,38,mL,scaled,reference human,ICRP Publication 89 (2002); Jones and Rowland-Yeo 2013; Shah and Betts 2012/2013,Region-resolved reference geometry,medium-low,medium,model/human_spatial_pbpk.py:REGIONS,physiology-scaled,,,https://www.icrp.org/publication.asp?id=icrp%20publication%2089; https://pmc.ncbi.nlm.nih.gov/articles/PMC6890583/,人体分区：对侧上臂肌肉,对侧上臂肌肉：血管容积,mL,缩放值,参考成人,分区参考解剖几何,中低,中,生理学缩放证据,,
human_region:muscle_contralateral_arm,isf_ml,Contralateral arm muscle: isf_ml,420,mL,scaled,reference human,ICRP Publication 89 (2002); Jones and Rowland-Yeo 2013; Shah and Betts 2012/2013,Region-resolved reference geometry,medium-low,medium,model/human_spatial_pbpk.py:REGIONS,physiology-scaled,,,https://www.icrp.org/publication.asp?id=icrp%20publication%2089; https://pmc.ncbi.nlm.nih.gov/articles/PMC6890583/,人体分区：对侧上臂肌肉,对侧上臂肌肉：组织间液容积,mL,缩放值,参考成人,分区参考解剖几何,中低,中,生理学缩放证据,,
human_region:muscle_contralateral_arm,ps_ml_h,Contralateral arm muscle: ps_ml_h,3.36,mL/h,assumed,reference human,Current model structural prior; requires project-specific calibration,Exploratory regional transport/transduction prior,low,high,model/human_spatial_pbpk.py:REGIONS,structural/design,,,,人体分区：对侧上臂肌肉,对侧上臂肌肉：通透性-表面积乘积,mL/h,假设值,参考成人,区域转运与转导的探索性先验,低,高,模型结构或设计输入,,
human_region:muscle_contralateral_arm,kp,Contralateral arm muscle: kp,0.55,dimensionless,assumed,reference human,Current model structural prior; requires project-specific calibration,Exploratory regional transport/transduction prior,low,high,model/human_spatial_pbpk.py:REGIONS,structural/design,,,,人体分区：对侧上臂肌肉,对侧上臂肌肉：组织-血浆分配系数,无量纲,假设值,参考成人,区域转运与转导的探索性先验,低,高,模型结构或设计输入,,
human_region:muscle_contralateral_arm,internalization_half_life_h,Contralateral arm muscle: internalization_half_life_h,36,h,assumed,reference human,Current model structural prior; requires project-specific calibration,Exploratory regional transport/transduction prior,low,high,model/human_spatial_pbpk.py:REGIONS,structural/design,,,,人体分区：对侧上臂肌肉,对侧上臂肌肉：内化半衰期,h,假设值,参考成人,区域转运与转导的探索性先验,低,高,模型结构或设计输入,,
human_region:muscle_contralateral_arm,episome_half_life_days,Contralateral arm muscle: episome_half_life_days,1460,day,literature-constrained prior,reference human,"Mueller et al. 2017, PMCID:PMC5374867",Exploratory regional transport/transduction prior,low,high,model/human_spatial_pbpk.py:REGIONS,comparative-prior,circular muscle episomes and ~0.5 vg/diploid genome persisted at least 4 y,updated from 365 to 1460 d; lower-bound effective persistence prior,https://pmc.ncbi.nlm.nih.gov/articles/PMC5374867/,人体分区：对侧上臂肌肉,对侧上臂肌肉：游离体半衰期,d,文献约束先验,参考成人,区域转运与转导的探索性先验,低,高,同条件比较形成的先验,circular muscle episomes and ~0.5 vg/diploid genome persisted at least 4 y,updated from 365 to 1460 d; lower-bound effective persistence prior
human_region:muscle_trunk,flow_fraction,Trunk muscle: flow_fraction,0.056,fraction of cardiac output,scaled,reference human,ICRP Publication 89 (2002); Jones and Rowland-Yeo 2013; Shah and Betts 2012/2013,Region-resolved reference geometry,medium-low,medium,model/human_spatial_pbpk.py:REGIONS,physiology-scaled,,,https://www.icrp.org/publication.asp?id=icrp%20publication%2089; https://pmc.ncbi.nlm.nih.gov/articles/PMC6890583/,人体分区：躯干肌肉,躯干肌肉：血流分数,心输出量分数,缩放值,参考成人,分区参考解剖几何,中低,中,生理学缩放证据,,
human_region:muscle_trunk,vascular_ml,Trunk muscle: vascular_ml,175,mL,scaled,reference human,ICRP Publication 89 (2002); Jones and Rowland-Yeo 2013; Shah and Betts 2012/2013,Region-resolved reference geometry,medium-low,medium,model/human_spatial_pbpk.py:REGIONS,physiology-scaled,,,https://www.icrp.org/publication.asp?id=icrp%20publication%2089; https://pmc.ncbi.nlm.nih.gov/articles/PMC6890583/,人体分区：躯干肌肉,躯干肌肉：血管容积,mL,缩放值,参考成人,分区参考解剖几何,中低,中,生理学缩放证据,,
human_region:muscle_trunk,isf_ml,Trunk muscle: isf_ml,2900,mL,scaled,reference human,ICRP Publication 89 (2002); Jones and Rowland-Yeo 2013; Shah and Betts 2012/2013,Region-resolved reference geometry,medium-low,medium,model/human_spatial_pbpk.py:REGIONS,physiology-scaled,,,https://www.icrp.org/publication.asp?id=icrp%20publication%2089; https://pmc.ncbi.nlm.nih.gov/articles/PMC6890583/,人体分区：躯干肌肉,躯干肌肉：组织间液容积,mL,缩放值,参考成人,分区参考解剖几何,中低,中,生理学缩放证据,,
human_region:muscle_trunk,ps_ml_h,Trunk muscle: ps_ml_h,20.3,mL/h,assumed,reference human,Current model structural prior; requires project-specific calibration,Exploratory regional transport/transduction prior,low,high,model/human_spatial_pbpk.py:REGIONS,structural/design,,,,人体分区：躯干肌肉,躯干肌肉：通透性-表面积乘积,mL/h,假设值,参考成人,区域转运与转导的探索性先验,低,高,模型结构或设计输入,,
human_region:muscle_trunk,kp,Trunk muscle: kp,0.55,dimensionless,assumed,reference human,Current model structural prior; requires project-specific calibration,Exploratory regional transport/transduction prior,low,high,model/human_spatial_pbpk.py:REGIONS,structural/design,,,,人体分区：躯干肌肉,躯干肌肉：组织-血浆分配系数,无量纲,假设值,参考成人,区域转运与转导的探索性先验,低,高,模型结构或设计输入,,
human_region:muscle_trunk,internalization_half_life_h,Trunk muscle: internalization_half_life_h,36,h,assumed,reference human,Current model structural prior; requires project-specific calibration,Exploratory regional transport/transduction prior,low,high,model/human_spatial_pbpk.py:REGIONS,structural/design,,,,人体分区：躯干肌肉,躯干肌肉：内化半衰期,h,假设值,参考成人,区域转运与转导的探索性先验,低,高,模型结构或设计输入,,
human_region:muscle_trunk,episome_half_life_days,Trunk muscle: episome_half_life_days,1460,day,literature-constrained prior,reference human,"Mueller et al. 2017, PMCID:PMC5374867",Exploratory regional transport/transduction prior,low,high,model/human_spatial_pbpk.py:REGIONS,comparative-prior,circular muscle episomes and ~0.5 vg/diploid genome persisted at least 4 y,updated from 365 to 1460 d; lower-bound effective persistence prior,https://pmc.ncbi.nlm.nih.gov/articles/PMC5374867/,人体分区：躯干肌肉,躯干肌肉：游离体半衰期,d,文献约束先验,参考成人,区域转运与转导的探索性先验,低,高,同条件比较形成的先验,circular muscle episomes and ~0.5 vg/diploid genome persisted at least 4 y,updated from 365 to 1460 d; lower-bound effective persistence prior
human_region:muscle_legs,flow_fraction,Leg muscle: flow_fraction,0.09,fraction of cardiac output,scaled,reference human,ICRP Publication 89 (2002); Jones and Rowland-Yeo 2013; Shah and Betts 2012/2013,Region-resolved reference geometry,medium-low,medium,model/human_spatial_pbpk.py:REGIONS,physiology-scaled,,,https://www.icrp.org/publication.asp?id=icrp%20publication%2089; https://pmc.ncbi.nlm.nih.gov/articles/PMC6890583/,人体分区：下肢肌肉,下肢肌肉：血流分数,心输出量分数,缩放值,参考成人,分区参考解剖几何,中低,中,生理学缩放证据,,
human_region:muscle_legs,vascular_ml,Leg muscle: vascular_ml,280,mL,scaled,reference human,ICRP Publication 89 (2002); Jones and Rowland-Yeo 2013; Shah and Betts 2012/2013,Region-resolved reference geometry,medium-low,medium,model/human_spatial_pbpk.py:REGIONS,physiology-scaled,,,https://www.icrp.org/publication.asp?id=icrp%20publication%2089; https://pmc.ncbi.nlm.nih.gov/articles/PMC6890583/,人体分区：下肢肌肉,下肢肌肉：血管容积,mL,缩放值,参考成人,分区参考解剖几何,中低,中,生理学缩放证据,,
human_region:muscle_legs,isf_ml,Leg muscle: isf_ml,5000,mL,scaled,reference human,ICRP Publication 89 (2002); Jones and Rowland-Yeo 2013; Shah and Betts 2012/2013,Region-resolved reference geometry,medium-low,medium,model/human_spatial_pbpk.py:REGIONS,physiology-scaled,,,https://www.icrp.org/publication.asp?id=icrp%20publication%2089; https://pmc.ncbi.nlm.nih.gov/articles/PMC6890583/,人体分区：下肢肌肉,下肢肌肉：组织间液容积,mL,缩放值,参考成人,分区参考解剖几何,中低,中,生理学缩放证据,,
human_region:muscle_legs,ps_ml_h,Leg muscle: ps_ml_h,35,mL/h,assumed,reference human,Current model structural prior; requires project-specific calibration,Exploratory regional transport/transduction prior,low,high,model/human_spatial_pbpk.py:REGIONS,structural/design,,,,人体分区：下肢肌肉,下肢肌肉：通透性-表面积乘积,mL/h,假设值,参考成人,区域转运与转导的探索性先验,低,高,模型结构或设计输入,,
human_region:muscle_legs,kp,Leg muscle: kp,0.55,dimensionless,assumed,reference human,Current model structural prior; requires project-specific calibration,Exploratory regional transport/transduction prior,low,high,model/human_spatial_pbpk.py:REGIONS,structural/design,,,,人体分区：下肢肌肉,下肢肌肉：组织-血浆分配系数,无量纲,假设值,参考成人,区域转运与转导的探索性先验,低,高,模型结构或设计输入,,
human_region:muscle_legs,internalization_half_life_h,Leg muscle: internalization_half_life_h,36,h,assumed,reference human,Current model structural prior; requires project-specific calibration,Exploratory regional transport/transduction prior,low,high,model/human_spatial_pbpk.py:REGIONS,structural/design,,,,人体分区：下肢肌肉,下肢肌肉：内化半衰期,h,假设值,参考成人,区域转运与转导的探索性先验,低,高,模型结构或设计输入,,
human_region:muscle_legs,episome_half_life_days,Leg muscle: episome_half_life_days,1460,day,literature-constrained prior,reference human,"Mueller et al. 2017, PMCID:PMC5374867",Exploratory regional transport/transduction prior,low,high,model/human_spatial_pbpk.py:REGIONS,comparative-prior,circular muscle episomes and ~0.5 vg/diploid genome persisted at least 4 y,updated from 365 to 1460 d; lower-bound effective persistence prior,https://pmc.ncbi.nlm.nih.gov/articles/PMC5374867/,人体分区：下肢肌肉,下肢肌肉：游离体半衰期,d,文献约束先验,参考成人,区域转运与转导的探索性先验,低,高,同条件比较形成的先验,circular muscle episomes and ~0.5 vg/diploid genome persisted at least 4 y,updated from 365 to 1460 d; lower-bound effective persistence prior
human_region:gut,flow_fraction,Gastrointestinal tract: flow_fraction,0.14,fraction of cardiac output,scaled,reference human,ICRP Publication 89 (2002); Jones and Rowland-Yeo 2013; Shah and Betts 2012/2013,Region-resolved reference geometry,medium-low,medium,model/human_spatial_pbpk.py:REGIONS,physiology-scaled,,,https://www.icrp.org/publication.asp?id=icrp%20publication%2089; https://pmc.ncbi.nlm.nih.gov/articles/PMC6890583/,人体分区：胃肠道,胃肠道：血流分数,心输出量分数,缩放值,参考成人,分区参考解剖几何,中低,中,生理学缩放证据,,
human_region:gut,vascular_ml,Gastrointestinal tract: vascular_ml,310,mL,scaled,reference human,ICRP Publication 89 (2002); Jones and Rowland-Yeo 2013; Shah and Betts 2012/2013,Region-resolved reference geometry,medium-low,medium,model/human_spatial_pbpk.py:REGIONS,physiology-scaled,,,https://www.icrp.org/publication.asp?id=icrp%20publication%2089; https://pmc.ncbi.nlm.nih.gov/articles/PMC6890583/,人体分区：胃肠道,胃肠道：血管容积,mL,缩放值,参考成人,分区参考解剖几何,中低,中,生理学缩放证据,,
human_region:gut,isf_ml,Gastrointestinal tract: isf_ml,1050,mL,scaled,reference human,ICRP Publication 89 (2002); Jones and Rowland-Yeo 2013; Shah and Betts 2012/2013,Region-resolved reference geometry,medium-low,medium,model/human_spatial_pbpk.py:REGIONS,physiology-scaled,,,https://www.icrp.org/publication.asp?id=icrp%20publication%2089; https://pmc.ncbi.nlm.nih.gov/articles/PMC6890583/,人体分区：胃肠道,胃肠道：组织间液容积,mL,缩放值,参考成人,分区参考解剖几何,中低,中,生理学缩放证据,,
human_region:gut,ps_ml_h,Gastrointestinal tract: ps_ml_h,18.9,mL/h,assumed,reference human,Current model structural prior; requires project-specific calibration,Exploratory regional transport/transduction prior,low,high,model/human_spatial_pbpk.py:REGIONS,structural/design,,,,人体分区：胃肠道,胃肠道：通透性-表面积乘积,mL/h,假设值,参考成人,区域转运与转导的探索性先验,低,高,模型结构或设计输入,,
human_region:gut,kp,Gastrointestinal tract: kp,0.65,dimensionless,assumed,reference human,Current model structural prior; requires project-specific calibration,Exploratory regional transport/transduction prior,low,high,model/human_spatial_pbpk.py:REGIONS,structural/design,,,,人体分区：胃肠道,胃肠道：组织-血浆分配系数,无量纲,假设值,参考成人,区域转运与转导的探索性先验,低,高,模型结构或设计输入,,
human_region:gut,internalization_half_life_h,Gastrointestinal tract: internalization_half_life_h,20,h,assumed,reference human,Current model structural prior; requires project-specific calibration,Exploratory regional transport/transduction prior,low,high,model/human_spatial_pbpk.py:REGIONS,structural/design,,,,人体分区：胃肠道,胃肠道：内化半衰期,h,假设值,参考成人,区域转运与转导的探索性先验,低,高,模型结构或设计输入,,
human_region:gut,episome_half_life_days,Gastrointestinal tract: episome_half_life_days,120,day,assumed,reference human,Current model structural prior; requires project-specific calibration,Exploratory regional transport/transduction prior,low,high,model/human_spatial_pbpk.py:REGIONS,structural/design,,,,人体分区：胃肠道,胃肠道：游离体半衰期,d,假设值,参考成人,区域转运与转导的探索性先验,低,高,模型结构或设计输入,,
human_region:skin_adipose,flow_fraction,Skin and adipose: flow_fraction,0.08,fraction of cardiac output,scaled,reference human,ICRP Publication 89 (2002); Jones and Rowland-Yeo 2013; Shah and Betts 2012/2013,Region-resolved reference geometry,medium-low,medium,model/human_spatial_pbpk.py:REGIONS,physiology-scaled,,,https://www.icrp.org/publication.asp?id=icrp%20publication%2089; https://pmc.ncbi.nlm.nih.gov/articles/PMC6890583/,人体分区：皮肤与脂肪,皮肤与脂肪：血流分数,心输出量分数,缩放值,参考成人,分区参考解剖几何,中低,中,生理学缩放证据,,
human_region:skin_adipose,vascular_ml,Skin and adipose: vascular_ml,230,mL,scaled,reference human,ICRP Publication 89 (2002); Jones and Rowland-Yeo 2013; Shah and Betts 2012/2013,Region-resolved reference geometry,medium-low,medium,model/human_spatial_pbpk.py:REGIONS,physiology-scaled,,,https://www.icrp.org/publication.asp?id=icrp%20publication%2089; https://pmc.ncbi.nlm.nih.gov/articles/PMC6890583/,人体分区：皮肤与脂肪,皮肤与脂肪：血管容积,mL,缩放值,参考成人,分区参考解剖几何,中低,中,生理学缩放证据,,
human_region:skin_adipose,isf_ml,Skin and adipose: isf_ml,7200,mL,scaled,reference human,ICRP Publication 89 (2002); Jones and Rowland-Yeo 2013; Shah and Betts 2012/2013,Region-resolved reference geometry,medium-low,medium,model/human_spatial_pbpk.py:REGIONS,physiology-scaled,,,https://www.icrp.org/publication.asp?id=icrp%20publication%2089; https://pmc.ncbi.nlm.nih.gov/articles/PMC6890583/,人体分区：皮肤与脂肪,皮肤与脂肪：组织间液容积,mL,缩放值,参考成人,分区参考解剖几何,中低,中,生理学缩放证据,,
human_region:skin_adipose,ps_ml_h,Skin and adipose: ps_ml_h,28.8,mL/h,assumed,reference human,Current model structural prior; requires project-specific calibration,Exploratory regional transport/transduction prior,low,high,model/human_spatial_pbpk.py:REGIONS,structural/design,,,,人体分区：皮肤与脂肪,皮肤与脂肪：通透性-表面积乘积,mL/h,假设值,参考成人,区域转运与转导的探索性先验,低,高,模型结构或设计输入,,
human_region:skin_adipose,kp,Skin and adipose: kp,0.35,dimensionless,assumed,reference human,Current model structural prior; requires project-specific calibration,Exploratory regional transport/transduction prior,low,high,model/human_spatial_pbpk.py:REGIONS,structural/design,,,,人体分区：皮肤与脂肪,皮肤与脂肪：组织-血浆分配系数,无量纲,假设值,参考成人,区域转运与转导的探索性先验,低,高,模型结构或设计输入,,
human_region:skin_adipose,internalization_half_life_h,Skin and adipose: internalization_half_life_h,60,h,assumed,reference human,Current model structural prior; requires project-specific calibration,Exploratory regional transport/transduction prior,low,high,model/human_spatial_pbpk.py:REGIONS,structural/design,,,,人体分区：皮肤与脂肪,皮肤与脂肪：内化半衰期,h,假设值,参考成人,区域转运与转导的探索性先验,低,高,模型结构或设计输入,,
human_region:skin_adipose,episome_half_life_days,Skin and adipose: episome_half_life_days,180,day,assumed,reference human,Current model structural prior; requires project-specific calibration,Exploratory regional transport/transduction prior,low,high,model/human_spatial_pbpk.py:REGIONS,structural/design,,,,人体分区：皮肤与脂肪,皮肤与脂肪：游离体半衰期,d,假设值,参考成人,区域转运与转导的探索性先验,低,高,模型结构或设计输入,,
human_region:bone_marrow,flow_fraction,Bone and marrow: flow_fraction,0.05,fraction of cardiac output,scaled,reference human,ICRP Publication 89 (2002); Jones and Rowland-Yeo 2013; Shah and Betts 2012/2013,Region-resolved reference geometry,medium-low,medium,model/human_spatial_pbpk.py:REGIONS,physiology-scaled,,,https://www.icrp.org/publication.asp?id=icrp%20publication%2089; https://pmc.ncbi.nlm.nih.gov/articles/PMC6890583/,人体分区：骨与骨髓,骨与骨髓：血流分数,心输出量分数,缩放值,参考成人,分区参考解剖几何,中低,中,生理学缩放证据,,
human_region:bone_marrow,vascular_ml,Bone and marrow: vascular_ml,180,mL,scaled,reference human,ICRP Publication 89 (2002); Jones and Rowland-Yeo 2013; Shah and Betts 2012/2013,Region-resolved reference geometry,medium-low,medium,model/human_spatial_pbpk.py:REGIONS,physiology-scaled,,,https://www.icrp.org/publication.asp?id=icrp%20publication%2089; https://pmc.ncbi.nlm.nih.gov/articles/PMC6890583/,人体分区：骨与骨髓,骨与骨髓：血管容积,mL,缩放值,参考成人,分区参考解剖几何,中低,中,生理学缩放证据,,
human_region:bone_marrow,isf_ml,Bone and marrow: isf_ml,2200,mL,scaled,reference human,ICRP Publication 89 (2002); Jones and Rowland-Yeo 2013; Shah and Betts 2012/2013,Region-resolved reference geometry,medium-low,medium,model/human_spatial_pbpk.py:REGIONS,physiology-scaled,,,https://www.icrp.org/publication.asp?id=icrp%20publication%2089; https://pmc.ncbi.nlm.nih.gov/articles/PMC6890583/,人体分区：骨与骨髓,骨与骨髓：组织间液容积,mL,缩放值,参考成人,分区参考解剖几何,中低,中,生理学缩放证据,,
human_region:bone_marrow,ps_ml_h,Bone and marrow: ps_ml_h,11,mL/h,assumed,reference human,Current model structural prior; requires project-specific calibration,Exploratory regional transport/transduction prior,low,high,model/human_spatial_pbpk.py:REGIONS,structural/design,,,,人体分区：骨与骨髓,骨与骨髓：通透性-表面积乘积,mL/h,假设值,参考成人,区域转运与转导的探索性先验,低,高,模型结构或设计输入,,
human_region:bone_marrow,kp,Bone and marrow: kp,0.4,dimensionless,assumed,reference human,Current model structural prior; requires project-specific calibration,Exploratory regional transport/transduction prior,low,high,model/human_spatial_pbpk.py:REGIONS,structural/design,,,,人体分区：骨与骨髓,骨与骨髓：组织-血浆分配系数,无量纲,假设值,参考成人,区域转运与转导的探索性先验,低,高,模型结构或设计输入,,
human_region:bone_marrow,internalization_half_life_h,Bone and marrow: internalization_half_life_h,48,h,assumed,reference human,Current model structural prior; requires project-specific calibration,Exploratory regional transport/transduction prior,low,high,model/human_spatial_pbpk.py:REGIONS,structural/design,,,,人体分区：骨与骨髓,骨与骨髓：内化半衰期,h,假设值,参考成人,区域转运与转导的探索性先验,低,高,模型结构或设计输入,,
human_region:bone_marrow,episome_half_life_days,Bone and marrow: episome_half_life_days,240,day,assumed,reference human,Current model structural prior; requires project-specific calibration,Exploratory regional transport/transduction prior,low,high,model/human_spatial_pbpk.py:REGIONS,structural/design,,,,人体分区：骨与骨髓,骨与骨髓：游离体半衰期,d,假设值,参考成人,区域转运与转导的探索性先验,低,高,模型结构或设计输入,,
human_region:rest,flow_fraction,Other tissues: flow_fraction,0.11,fraction of cardiac output,scaled,reference human,ICRP Publication 89 (2002); Jones and Rowland-Yeo 2013; Shah and Betts 2012/2013,Region-resolved reference geometry,medium-low,medium,model/human_spatial_pbpk.py:REGIONS,physiology-scaled,,,https://www.icrp.org/publication.asp?id=icrp%20publication%2089; https://pmc.ncbi.nlm.nih.gov/articles/PMC6890583/,人体分区：其他组织,其他组织：血流分数,心输出量分数,缩放值,参考成人,分区参考解剖几何,中低,中,生理学缩放证据,,
human_region:rest,vascular_ml,Other tissues: vascular_ml,300,mL,scaled,reference human,ICRP Publication 89 (2002); Jones and Rowland-Yeo 2013; Shah and Betts 2012/2013,Region-resolved reference geometry,medium-low,medium,model/human_spatial_pbpk.py:REGIONS,physiology-scaled,,,https://www.icrp.org/publication.asp?id=icrp%20publication%2089; https://pmc.ncbi.nlm.nih.gov/articles/PMC6890583/,人体分区：其他组织,其他组织：血管容积,mL,缩放值,参考成人,分区参考解剖几何,中低,中,生理学缩放证据,,
human_region:rest,isf_ml,Other tissues: isf_ml,4200,mL,scaled,reference human,ICRP Publication 89 (2002); Jones and Rowland-Yeo 2013; Shah and Betts 2012/2013,Region-resolved reference geometry,medium-low,medium,model/human_spatial_pbpk.py:REGIONS,physiology-scaled,,,https://www.icrp.org/publication.asp?id=icrp%20publication%2089; https://pmc.ncbi.nlm.nih.gov/articles/PMC6890583/,人体分区：其他组织,其他组织：组织间液容积,mL,缩放值,参考成人,分区参考解剖几何,中低,中,生理学缩放证据,,
human_region:rest,ps_ml_h,Other tissues: ps_ml_h,21,mL/h,assumed,reference human,Current model structural prior; requires project-specific calibration,Exploratory regional transport/transduction prior,low,high,model/human_spatial_pbpk.py:REGIONS,structural/design,,,,人体分区：其他组织,其他组织：通透性-表面积乘积,mL/h,假设值,参考成人,区域转运与转导的探索性先验,低,高,模型结构或设计输入,,
human_region:rest,kp,Other tissues: kp,0.45,dimensionless,assumed,reference human,Current model structural prior; requires project-specific calibration,Exploratory regional transport/transduction prior,low,high,model/human_spatial_pbpk.py:REGIONS,structural/design,,,,人体分区：其他组织,其他组织：组织-血浆分配系数,无量纲,假设值,参考成人,区域转运与转导的探索性先验,低,高,模型结构或设计输入,,
human_region:rest,internalization_half_life_h,Other tissues: internalization_half_life_h,48,h,assumed,reference human,Current model structural prior; requires project-specific calibration,Exploratory regional transport/transduction prior,low,high,model/human_spatial_pbpk.py:REGIONS,structural/design,,,,人体分区：其他组织,其他组织：内化半衰期,h,假设值,参考成人,区域转运与转导的探索性先验,低,高,模型结构或设计输入,,
human_region:rest,episome_half_life_days,Other tissues: episome_half_life_days,180,day,assumed,reference human,Current model structural prior; requires project-specific calibration,Exploratory regional transport/transduction prior,low,high,model/human_spatial_pbpk.py:REGIONS,structural/design,,,,人体分区：其他组织,其他组织：游离体半衰期,d,假设值,参考成人,区域转运与转导的探索性先验,低,高,模型结构或设计输入,,
human_region:lung_left,flow_fraction,Left lung: flow_fraction,0.45,fraction of cardiac output,scaled,reference human,ICRP Publication 89 (2002); Jones and Rowland-Yeo 2013; Shah and Betts 2012/2013,Region-resolved reference geometry,medium-low,medium,model/human_spatial_pbpk.py:REGIONS,physiology-scaled,,,https://www.icrp.org/publication.asp?id=icrp%20publication%2089; https://pmc.ncbi.nlm.nih.gov/articles/PMC6890583/,人体分区：左肺,左肺：血流分数,心输出量分数,缩放值,参考成人,分区参考解剖几何,中低,中,生理学缩放证据,,
human_region:lung_left,vascular_ml,Left lung: vascular_ml,245,mL,scaled,reference human,ICRP Publication 89 (2002); Jones and Rowland-Yeo 2013; Shah and Betts 2012/2013,Region-resolved reference geometry,medium-low,medium,model/human_spatial_pbpk.py:REGIONS,physiology-scaled,,,https://www.icrp.org/publication.asp?id=icrp%20publication%2089; https://pmc.ncbi.nlm.nih.gov/articles/PMC6890583/,人体分区：左肺,左肺：血管容积,mL,缩放值,参考成人,分区参考解剖几何,中低,中,生理学缩放证据,,
human_region:lung_left,isf_ml,Left lung: isf_ml,330,mL,scaled,reference human,ICRP Publication 89 (2002); Jones and Rowland-Yeo 2013; Shah and Betts 2012/2013,Region-resolved reference geometry,medium-low,medium,model/human_spatial_pbpk.py:REGIONS,physiology-scaled,,,https://www.icrp.org/publication.asp?id=icrp%20publication%2089; https://pmc.ncbi.nlm.nih.gov/articles/PMC6890583/,人体分区：左肺,左肺：组织间液容积,mL,缩放值,参考成人,分区参考解剖几何,中低,中,生理学缩放证据,,
human_region:lung_left,ps_ml_h,Left lung: ps_ml_h,11.55,mL/h,assumed,reference human,Current model structural prior; requires project-specific calibration,Exploratory regional transport/transduction prior,low,high,model/human_spatial_pbpk.py:REGIONS,structural/design,,,,人体分区：左肺,左肺：通透性-表面积乘积,mL/h,假设值,参考成人,区域转运与转导的探索性先验,低,高,模型结构或设计输入,,
human_region:lung_left,kp,Left lung: kp,0.8,dimensionless,assumed,reference human,Current model structural prior; requires project-specific calibration,Exploratory regional transport/transduction prior,low,high,model/human_spatial_pbpk.py:REGIONS,structural/design,,,,人体分区：左肺,左肺：组织-血浆分配系数,无量纲,假设值,参考成人,区域转运与转导的探索性先验,低,高,模型结构或设计输入,,
human_region:lung_left,internalization_half_life_h,Left lung: internalization_half_life_h,16,h,assumed,reference human,Current model structural prior; requires project-specific calibration,Exploratory regional transport/transduction prior,low,high,model/human_spatial_pbpk.py:REGIONS,structural/design,,,,人体分区：左肺,左肺：内化半衰期,h,假设值,参考成人,区域转运与转导的探索性先验,低,高,模型结构或设计输入,,
human_region:lung_left,episome_half_life_days,Left lung: episome_half_life_days,180,day,assumed,reference human,Current model structural prior; requires project-specific calibration,Exploratory regional transport/transduction prior,low,high,model/human_spatial_pbpk.py:REGIONS,structural/design,,,,人体分区：左肺,左肺：游离体半衰期,d,假设值,参考成人,区域转运与转导的探索性先验,低,高,模型结构或设计输入,,
human_region:lung_right,flow_fraction,Right lung: flow_fraction,0.55,fraction of cardiac output,scaled,reference human,ICRP Publication 89 (2002); Jones and Rowland-Yeo 2013; Shah and Betts 2012/2013,Region-resolved reference geometry,medium-low,medium,model/human_spatial_pbpk.py:REGIONS,physiology-scaled,,,https://www.icrp.org/publication.asp?id=icrp%20publication%2089; https://pmc.ncbi.nlm.nih.gov/articles/PMC6890583/,人体分区：右肺,右肺：血流分数,心输出量分数,缩放值,参考成人,分区参考解剖几何,中低,中,生理学缩放证据,,
human_region:lung_right,vascular_ml,Right lung: vascular_ml,300,mL,scaled,reference human,ICRP Publication 89 (2002); Jones and Rowland-Yeo 2013; Shah and Betts 2012/2013,Region-resolved reference geometry,medium-low,medium,model/human_spatial_pbpk.py:REGIONS,physiology-scaled,,,https://www.icrp.org/publication.asp?id=icrp%20publication%2089; https://pmc.ncbi.nlm.nih.gov/articles/PMC6890583/,人体分区：右肺,右肺：血管容积,mL,缩放值,参考成人,分区参考解剖几何,中低,中,生理学缩放证据,,
human_region:lung_right,isf_ml,Right lung: isf_ml,400,mL,scaled,reference human,ICRP Publication 89 (2002); Jones and Rowland-Yeo 2013; Shah and Betts 2012/2013,Region-resolved reference geometry,medium-low,medium,model/human_spatial_pbpk.py:REGIONS,physiology-scaled,,,https://www.icrp.org/publication.asp?id=icrp%20publication%2089; https://pmc.ncbi.nlm.nih.gov/articles/PMC6890583/,人体分区：右肺,右肺：组织间液容积,mL,缩放值,参考成人,分区参考解剖几何,中低,中,生理学缩放证据,,
human_region:lung_right,ps_ml_h,Right lung: ps_ml_h,14,mL/h,assumed,reference human,Current model structural prior; requires project-specific calibration,Exploratory regional transport/transduction prior,low,high,model/human_spatial_pbpk.py:REGIONS,structural/design,,,,人体分区：右肺,右肺：通透性-表面积乘积,mL/h,假设值,参考成人,区域转运与转导的探索性先验,低,高,模型结构或设计输入,,
human_region:lung_right,kp,Right lung: kp,0.8,dimensionless,assumed,reference human,Current model structural prior; requires project-specific calibration,Exploratory regional transport/transduction prior,low,high,model/human_spatial_pbpk.py:REGIONS,structural/design,,,,人体分区：右肺,右肺：组织-血浆分配系数,无量纲,假设值,参考成人,区域转运与转导的探索性先验,低,高,模型结构或设计输入,,
human_region:lung_right,internalization_half_life_h,Right lung: internalization_half_life_h,16,h,assumed,reference human,Current model structural prior; requires project-specific calibration,Exploratory regional transport/transduction prior,low,high,model/human_spatial_pbpk.py:REGIONS,structural/design,,,,人体分区：右肺,右肺：内化半衰期,h,假设值,参考成人,区域转运与转导的探索性先验,低,高,模型结构或设计输入,,
human_region:lung_right,episome_half_life_days,Right lung: episome_half_life_days,180,day,assumed,reference human,Current model structural prior; requires project-specific calibration,Exploratory regional transport/transduction prior,low,high,model/human_spatial_pbpk.py:REGIONS,structural/design,,,,人体分区：右肺,右肺：游离体半衰期,d,假设值,参考成人,区域转运与转导的探索性先验,低,高,模型结构或设计输入,,
administration:iv,infusion_duration_h,Peripheral intravenous,0.166666666667,h,design/assumed,reference human,https://pmc.ncbi.nlm.nih.gov/articles/PMC7769048/,"Left arm vein to right heart, lung, left heart, then systemic organs",low-medium,high,model/human_spatial_pbpk.py:ADMINISTRATION_ROUTES,structural/design,,,https://pmc.ncbi.nlm.nih.gov/articles/PMC7769048/,给药途径：外周静脉注射,外周静脉注射,h,设计输入/假设值,参考成人,由左臂静脉进入右心、肺、左心，再到全身器官,低至中,高,模型结构或设计输入,,
administration:intrathecal,infusion_duration_h,Lumbar intrathecal,0.166666666667,h,design/assumed,reference human,https://pmc.ncbi.nlm.nih.gov/articles/PMC3618620/,"Lumbar CSF to spinal/cranial CSF and CNS ISF, with venous CSF drainage",low-medium,high,model/human_spatial_pbpk.py:ADMINISTRATION_ROUTES,structural/design,,,https://pmc.ncbi.nlm.nih.gov/articles/PMC3618620/,给药途径：腰椎鞘内注射,腰椎鞘内注射,h,设计输入/假设值,参考成人,由腰段 CSF 进入脊髓与颅内 CSF/CNS ISF，并经静脉回流,低至中,高,模型结构或设计输入,,
administration:intramuscular,infusion_duration_h,Deltoid intramuscular,0.0833333333333,h,design/assumed,reference human,https://pmc.ncbi.nlm.nih.gov/articles/PMC4098646/,Injected deltoid depot to local muscle ISF with slower systemic escape,low-medium,high,model/human_spatial_pbpk.py:ADMINISTRATION_ROUTES,structural/design,,,https://pmc.ncbi.nlm.nih.gov/articles/PMC4098646/,给药途径：三角肌肌内注射,三角肌肌内注射,h,设计输入/假设值,参考成人,三角肌注射仓进入局部肌肉 ISF，并缓慢泄漏至全身,低至中,高,模型结构或设计输入,,
administration:intracisternal,infusion_duration_h,Intra-cisterna magna,0.166666666667,h,design/assumed,reference human,https://pmc.ncbi.nlm.nih.gov/articles/PMC12509745/,"Cisterna magna to cranial CSF, favoring cerebellar and brainstem surfaces",low-medium,high,model/human_spatial_pbpk.py:ADMINISTRATION_ROUTES,structural/design,,,https://pmc.ncbi.nlm.nih.gov/articles/PMC12509745/,给药途径：枕大池注射（ICM）,枕大池注射（ICM）,h,设计输入/假设值,参考成人,由枕大池进入颅内 CSF，偏向小脑与脑干表面,低至中,高,模型结构或设计输入,,
administration:intracerebroventricular,infusion_duration_h,Intracerebroventricular,0.166666666667,h,design/assumed,reference human,https://pmc.ncbi.nlm.nih.gov/articles/PMC8417503/,Ventricular CSF input with greater access to periventricular and deep-gray regions,low-medium,high,model/human_spatial_pbpk.py:ADMINISTRATION_ROUTES,structural/design,,,https://pmc.ncbi.nlm.nih.gov/articles/PMC8417503/,给药途径：脑室内注射（ICV）,脑室内注射（ICV）,h,设计输入/假设值,参考成人,由脑室 CSF 输入，更易到达脑室周围和深部灰质,低至中,高,模型结构或设计输入,,
administration:inhaled,infusion_duration_h,Inhaled / airway,0.25,h,design/assumed,reference human,https://pmc.ncbi.nlm.nih.gov/articles/PMC5655841/,Airway depot to lung ISF with limited leakage into pulmonary venous blood,low-medium,high,model/human_spatial_pbpk.py:ADMINISTRATION_ROUTES,structural/design,,,https://pmc.ncbi.nlm.nih.gov/articles/PMC5655841/,给药途径：吸入 / 气道给药,吸入 / 气道给药,h,设计输入/假设值,参考成人,气道给药仓进入肺 ISF，并有限进入肺静脉血,低至中,高,模型结构或设计输入,,
capsid:aav2,tropism_liver,Relative AAV2 prior for liver,0.3,relative to AAV9,literature-constrained prior,preclinical + clinical ocular,https://pubmed.ncbi.nlm.nih.gov/18414476/; https://pubmed.ncbi.nlm.nih.gov/40337478/,Applied to PS and sqrt-scaled Kp; not a cross-study calibrated effect size,medium,high,model/export_delivery_design_space.py:CAPSID_PRIORS,comparative-prior,,,https://pubmed.ncbi.nlm.nih.gov/18414476/; https://pubmed.ncbi.nlm.nih.gov/40337478/,衣壳先验：aav2,AAV2 对肝脏的相对先验,相对于 AAV9,文献约束先验,临床前与临床眼部证据,用于缩放 PS，并以平方根缩放 Kp；不是跨研究校准的效应量,中,高,同条件比较形成的先验,,
capsid:aav2,tropism_spleen,Relative AAV2 prior for spleen,0.8,relative to AAV9,literature-constrained prior,preclinical + clinical ocular,https://pubmed.ncbi.nlm.nih.gov/18414476/; https://pubmed.ncbi.nlm.nih.gov/40337478/,Applied to PS and sqrt-scaled Kp; not a cross-study calibrated effect size,medium,high,model/export_delivery_design_space.py:CAPSID_PRIORS,comparative-prior,,,https://pubmed.ncbi.nlm.nih.gov/18414476/; https://pubmed.ncbi.nlm.nih.gov/40337478/,衣壳先验：aav2,AAV2 对脾脏的相对先验,相对于 AAV9,文献约束先验,临床前与临床眼部证据,用于缩放 PS，并以平方根缩放 Kp；不是跨研究校准的效应量,中,高,同条件比较形成的先验,,
capsid:aav2,tropism_kidney,Relative AAV2 prior for kidney,0.45,relative to AAV9,literature-constrained prior,preclinical + clinical ocular,https://pubmed.ncbi.nlm.nih.gov/18414476/; https://pubmed.ncbi.nlm.nih.gov/40337478/,Applied to PS and sqrt-scaled Kp; not a cross-study calibrated effect size,medium,high,model/export_delivery_design_space.py:CAPSID_PRIORS,comparative-prior,,,https://pubmed.ncbi.nlm.nih.gov/18414476/; https://pubmed.ncbi.nlm.nih.gov/40337478/,衣壳先验：aav2,AAV2 对肾脏的相对先验,相对于 AAV9,文献约束先验,临床前与临床眼部证据,用于缩放 PS，并以平方根缩放 Kp；不是跨研究校准的效应量,中,高,同条件比较形成的先验,,
capsid:aav2,tropism_heart,Relative AAV2 prior for heart,0.28,relative to AAV9,literature-constrained prior,preclinical + clinical ocular,https://pubmed.ncbi.nlm.nih.gov/18414476/; https://pubmed.ncbi.nlm.nih.gov/40337478/,Applied to PS and sqrt-scaled Kp; not a cross-study calibrated effect size,medium,high,model/export_delivery_design_space.py:CAPSID_PRIORS,comparative-prior,,,https://pubmed.ncbi.nlm.nih.gov/18414476/; https://pubmed.ncbi.nlm.nih.gov/40337478/,衣壳先验：aav2,AAV2 对心脏的相对先验,相对于 AAV9,文献约束先验,临床前与临床眼部证据,用于缩放 PS，并以平方根缩放 Kp；不是跨研究校准的效应量,中,高,同条件比较形成的先验,,
capsid:aav2,tropism_muscle,Relative AAV2 prior for muscle,0.22,relative to AAV9,literature-constrained prior,preclinical + clinical ocular,https://pubmed.ncbi.nlm.nih.gov/18414476/; https://pubmed.ncbi.nlm.nih.gov/40337478/,Applied to PS and sqrt-scaled Kp; not a cross-study calibrated effect size,medium,high,model/export_delivery_design_space.py:CAPSID_PRIORS,comparative-prior,,,https://pubmed.ncbi.nlm.nih.gov/18414476/; https://pubmed.ncbi.nlm.nih.gov/40337478/,衣壳先验：aav2,AAV2 对肌肉的相对先验,相对于 AAV9,文献约束先验,临床前与临床眼部证据,用于缩放 PS，并以平方根缩放 Kp；不是跨研究校准的效应量,中,高,同条件比较形成的先验,,
capsid:aav2,tropism_lung,Relative AAV2 prior for lung,0.8,relative to AAV9,literature-constrained prior,preclinical + clinical ocular,https://pubmed.ncbi.nlm.nih.gov/18414476/; https://pubmed.ncbi.nlm.nih.gov/40337478/,Applied to PS and sqrt-scaled Kp; not a cross-study calibrated effect size,medium,high,model/export_delivery_design_space.py:CAPSID_PRIORS,comparative-prior,,,https://pubmed.ncbi.nlm.nih.gov/18414476/; https://pubmed.ncbi.nlm.nih.gov/40337478/,衣壳先验：aav2,AAV2 对肺的相对先验,相对于 AAV9,文献约束先验,临床前与临床眼部证据,用于缩放 PS，并以平方根缩放 Kp；不是跨研究校准的效应量,中,高,同条件比较形成的先验,,
capsid:aav2,tropism_brain,Relative AAV2 prior for brain,0.16,relative to AAV9,literature-constrained prior,preclinical + clinical ocular,https://pubmed.ncbi.nlm.nih.gov/18414476/; https://pubmed.ncbi.nlm.nih.gov/40337478/,Applied to PS and sqrt-scaled Kp; not a cross-study calibrated effect size,medium,high,model/export_delivery_design_space.py:CAPSID_PRIORS,comparative-prior,,,https://pubmed.ncbi.nlm.nih.gov/18414476/; https://pubmed.ncbi.nlm.nih.gov/40337478/,衣壳先验：aav2,AAV2 对脑的相对先验,相对于 AAV9,文献约束先验,临床前与临床眼部证据,用于缩放 PS，并以平方根缩放 Kp；不是跨研究校准的效应量,中,高,同条件比较形成的先验,,
capsid:aav2,tropism_rest,Relative AAV2 prior for rest,0.35,relative to AAV9,literature-constrained prior,preclinical + clinical ocular,https://pubmed.ncbi.nlm.nih.gov/18414476/; https://pubmed.ncbi.nlm.nih.gov/40337478/,Applied to PS and sqrt-scaled Kp; not a cross-study calibrated effect size,medium,high,model/export_delivery_design_space.py:CAPSID_PRIORS,comparative-prior,,,https://pubmed.ncbi.nlm.nih.gov/18414476/; https://pubmed.ncbi.nlm.nih.gov/40337478/,衣壳先验：aav2,AAV2 对其他组织的相对先验,相对于 AAV9,文献约束先验,临床前与临床眼部证据,用于缩放 PS，并以平方根缩放 Kp；不是跨研究校准的效应量,中,高,同条件比较形成的先验,,
capsid:aav5,tropism_liver,Relative AAV5 prior for liver,0.55,relative to AAV9,literature-constrained prior,preclinical,https://pubmed.ncbi.nlm.nih.gov/39863928/; https://pmc.ncbi.nlm.nih.gov/articles/PMC11919325/,Applied to PS and sqrt-scaled Kp; not a cross-study calibrated effect size,medium,high,model/export_delivery_design_space.py:CAPSID_PRIORS,comparative-prior,,,https://pubmed.ncbi.nlm.nih.gov/39863928/; https://pmc.ncbi.nlm.nih.gov/articles/PMC11919325/,衣壳先验：aav5,AAV5 对肝脏的相对先验,相对于 AAV9,文献约束先验,临床前,用于缩放 PS，并以平方根缩放 Kp；不是跨研究校准的效应量,中,高,同条件比较形成的先验,,
capsid:aav5,tropism_spleen,Relative AAV5 prior for spleen,0.85,relative to AAV9,literature-constrained prior,preclinical,https://pubmed.ncbi.nlm.nih.gov/39863928/; https://pmc.ncbi.nlm.nih.gov/articles/PMC11919325/,Applied to PS and sqrt-scaled Kp; not a cross-study calibrated effect size,medium,high,model/export_delivery_design_space.py:CAPSID_PRIORS,comparative-prior,,,https://pubmed.ncbi.nlm.nih.gov/39863928/; https://pmc.ncbi.nlm.nih.gov/articles/PMC11919325/,衣壳先验：aav5,AAV5 对脾脏的相对先验,相对于 AAV9,文献约束先验,临床前,用于缩放 PS，并以平方根缩放 Kp；不是跨研究校准的效应量,中,高,同条件比较形成的先验,,
capsid:aav5,tropism_kidney,Relative AAV5 prior for kidney,0.48,relative to AAV9,literature-constrained prior,preclinical,https://pubmed.ncbi.nlm.nih.gov/39863928/; https://pmc.ncbi.nlm.nih.gov/articles/PMC11919325/,Applied to PS and sqrt-scaled Kp; not a cross-study calibrated effect size,medium,high,model/export_delivery_design_space.py:CAPSID_PRIORS,comparative-prior,,,https://pubmed.ncbi.nlm.nih.gov/39863928/; https://pmc.ncbi.nlm.nih.gov/articles/PMC11919325/,衣壳先验：aav5,AAV5 对肾脏的相对先验,相对于 AAV9,文献约束先验,临床前,用于缩放 PS，并以平方根缩放 Kp；不是跨研究校准的效应量,中,高,同条件比较形成的先验,,
capsid:aav5,tropism_heart,Relative AAV5 prior for heart,0.25,relative to AAV9,literature-constrained prior,preclinical,https://pubmed.ncbi.nlm.nih.gov/39863928/; https://pmc.ncbi.nlm.nih.gov/articles/PMC11919325/,Applied to PS and sqrt-scaled Kp; not a cross-study calibrated effect size,medium,high,model/export_delivery_design_space.py:CAPSID_PRIORS,comparative-prior,,,https://pubmed.ncbi.nlm.nih.gov/39863928/; https://pmc.ncbi.nlm.nih.gov/articles/PMC11919325/,衣壳先验：aav5,AAV5 对心脏的相对先验,相对于 AAV9,文献约束先验,临床前,用于缩放 PS，并以平方根缩放 Kp；不是跨研究校准的效应量,中,高,同条件比较形成的先验,,
capsid:aav5,tropism_muscle,Relative AAV5 prior for muscle,0.22,relative to AAV9,literature-constrained prior,preclinical,https://pubmed.ncbi.nlm.nih.gov/39863928/; https://pmc.ncbi.nlm.nih.gov/articles/PMC11919325/,Applied to PS and sqrt-scaled Kp; not a cross-study calibrated effect size,medium,high,model/export_delivery_design_space.py:CAPSID_PRIORS,comparative-prior,,,https://pubmed.ncbi.nlm.nih.gov/39863928/; https://pmc.ncbi.nlm.nih.gov/articles/PMC11919325/,衣壳先验：aav5,AAV5 对肌肉的相对先验,相对于 AAV9,文献约束先验,临床前,用于缩放 PS，并以平方根缩放 Kp；不是跨研究校准的效应量,中,高,同条件比较形成的先验,,
capsid:aav5,tropism_lung,Relative AAV5 prior for lung,2.2,relative to AAV9,literature-constrained prior,preclinical,https://pubmed.ncbi.nlm.nih.gov/39863928/; https://pmc.ncbi.nlm.nih.gov/articles/PMC11919325/,Applied to PS and sqrt-scaled Kp; not a cross-study calibrated effect size,medium,high,model/export_delivery_design_space.py:CAPSID_PRIORS,comparative-prior,,,https://pubmed.ncbi.nlm.nih.gov/39863928/; https://pmc.ncbi.nlm.nih.gov/articles/PMC11919325/,衣壳先验：aav5,AAV5 对肺的相对先验,相对于 AAV9,文献约束先验,临床前,用于缩放 PS，并以平方根缩放 Kp；不是跨研究校准的效应量,中,高,同条件比较形成的先验,,
capsid:aav5,tropism_brain,Relative AAV5 prior for brain,0.18,relative to AAV9,literature-constrained prior,preclinical,https://pubmed.ncbi.nlm.nih.gov/39863928/; https://pmc.ncbi.nlm.nih.gov/articles/PMC11919325/,Applied to PS and sqrt-scaled Kp; not a cross-study calibrated effect size,medium,high,model/export_delivery_design_space.py:CAPSID_PRIORS,comparative-prior,,,https://pubmed.ncbi.nlm.nih.gov/39863928/; https://pmc.ncbi.nlm.nih.gov/articles/PMC11919325/,衣壳先验：aav5,AAV5 对脑的相对先验,相对于 AAV9,文献约束先验,临床前,用于缩放 PS，并以平方根缩放 Kp；不是跨研究校准的效应量,中,高,同条件比较形成的先验,,
capsid:aav5,tropism_rest,Relative AAV5 prior for rest,0.45,relative to AAV9,literature-constrained prior,preclinical,https://pubmed.ncbi.nlm.nih.gov/39863928/; https://pmc.ncbi.nlm.nih.gov/articles/PMC11919325/,Applied to PS and sqrt-scaled Kp; not a cross-study calibrated effect size,medium,high,model/export_delivery_design_space.py:CAPSID_PRIORS,comparative-prior,,,https://pubmed.ncbi.nlm.nih.gov/39863928/; https://pmc.ncbi.nlm.nih.gov/articles/PMC11919325/,衣壳先验：aav5,AAV5 对其他组织的相对先验,相对于 AAV9,文献约束先验,临床前,用于缩放 PS，并以平方根缩放 Kp；不是跨研究校准的效应量,中,高,同条件比较形成的先验,,
capsid:aav8,tropism_liver,Relative AAV8 prior for liver,2.2,relative to AAV9,literature-constrained prior,mouse + NHP,https://doi.org/10.1016/j.xphs.2023.10.005; https://pmc.ncbi.nlm.nih.gov/articles/PMC11919325/; https://pubmed.ncbi.nlm.nih.gov/18414476/; https://pubmed.ncbi.nlm.nih.gov/39863928/,Applied to PS and sqrt-scaled Kp; not a cross-study calibrated effect size,strong,high,model/export_delivery_design_space.py:CAPSID_PRIORS,comparative-prior,,,https://doi.org/10.1016/j.xphs.2023.10.005; https://pmc.ncbi.nlm.nih.gov/articles/PMC11919325/; https://pubmed.ncbi.nlm.nih.gov/18414476/; https://pubmed.ncbi.nlm.nih.gov/39863928/,衣壳先验：aav8,AAV8 对肝脏的相对先验,相对于 AAV9,文献约束先验,小鼠与非人灵长类,用于缩放 PS，并以平方根缩放 Kp；不是跨研究校准的效应量,强,高,同条件比较形成的先验,,
capsid:aav8,tropism_spleen,Relative AAV8 prior for spleen,0.75,relative to AAV9,literature-constrained prior,mouse + NHP,https://doi.org/10.1016/j.xphs.2023.10.005; https://pmc.ncbi.nlm.nih.gov/articles/PMC11919325/; https://pubmed.ncbi.nlm.nih.gov/18414476/; https://pubmed.ncbi.nlm.nih.gov/39863928/,Applied to PS and sqrt-scaled Kp; not a cross-study calibrated effect size,strong,high,model/export_delivery_design_space.py:CAPSID_PRIORS,comparative-prior,,,https://doi.org/10.1016/j.xphs.2023.10.005; https://pmc.ncbi.nlm.nih.gov/articles/PMC11919325/; https://pubmed.ncbi.nlm.nih.gov/18414476/; https://pubmed.ncbi.nlm.nih.gov/39863928/,衣壳先验：aav8,AAV8 对脾脏的相对先验,相对于 AAV9,文献约束先验,小鼠与非人灵长类,用于缩放 PS，并以平方根缩放 Kp；不是跨研究校准的效应量,强,高,同条件比较形成的先验,,
capsid:aav8,tropism_kidney,Relative AAV8 prior for kidney,0.9,relative to AAV9,literature-constrained prior,mouse + NHP,https://doi.org/10.1016/j.xphs.2023.10.005; https://pmc.ncbi.nlm.nih.gov/articles/PMC11919325/; https://pubmed.ncbi.nlm.nih.gov/18414476/; https://pubmed.ncbi.nlm.nih.gov/39863928/,Applied to PS and sqrt-scaled Kp; not a cross-study calibrated effect size,strong,high,model/export_delivery_design_space.py:CAPSID_PRIORS,comparative-prior,,,https://doi.org/10.1016/j.xphs.2023.10.005; https://pmc.ncbi.nlm.nih.gov/articles/PMC11919325/; https://pubmed.ncbi.nlm.nih.gov/18414476/; https://pubmed.ncbi.nlm.nih.gov/39863928/,衣壳先验：aav8,AAV8 对肾脏的相对先验,相对于 AAV9,文献约束先验,小鼠与非人灵长类,用于缩放 PS，并以平方根缩放 Kp；不是跨研究校准的效应量,强,高,同条件比较形成的先验,,
capsid:aav8,tropism_heart,Relative AAV8 prior for heart,0.72,relative to AAV9,literature-constrained prior,mouse + NHP,https://doi.org/10.1016/j.xphs.2023.10.005; https://pmc.ncbi.nlm.nih.gov/articles/PMC11919325/; https://pubmed.ncbi.nlm.nih.gov/18414476/; https://pubmed.ncbi.nlm.nih.gov/39863928/,Applied to PS and sqrt-scaled Kp; not a cross-study calibrated effect size,strong,high,model/export_delivery_design_space.py:CAPSID_PRIORS,comparative-prior,,,https://doi.org/10.1016/j.xphs.2023.10.005; https://pmc.ncbi.nlm.nih.gov/articles/PMC11919325/; https://pubmed.ncbi.nlm.nih.gov/18414476/; https://pubmed.ncbi.nlm.nih.gov/39863928/,衣壳先验：aav8,AAV8 对心脏的相对先验,相对于 AAV9,文献约束先验,小鼠与非人灵长类,用于缩放 PS，并以平方根缩放 Kp；不是跨研究校准的效应量,强,高,同条件比较形成的先验,,
capsid:aav8,tropism_muscle,Relative AAV8 prior for muscle,0.95,relative to AAV9,literature-constrained prior,mouse + NHP,https://doi.org/10.1016/j.xphs.2023.10.005; https://pmc.ncbi.nlm.nih.gov/articles/PMC11919325/; https://pubmed.ncbi.nlm.nih.gov/18414476/; https://pubmed.ncbi.nlm.nih.gov/39863928/,Applied to PS and sqrt-scaled Kp; not a cross-study calibrated effect size,strong,high,model/export_delivery_design_space.py:CAPSID_PRIORS,comparative-prior,,,https://doi.org/10.1016/j.xphs.2023.10.005; https://pmc.ncbi.nlm.nih.gov/articles/PMC11919325/; https://pubmed.ncbi.nlm.nih.gov/18414476/; https://pubmed.ncbi.nlm.nih.gov/39863928/,衣壳先验：aav8,AAV8 对肌肉的相对先验,相对于 AAV9,文献约束先验,小鼠与非人灵长类,用于缩放 PS，并以平方根缩放 Kp；不是跨研究校准的效应量,强,高,同条件比较形成的先验,,
capsid:aav8,tropism_lung,Relative AAV8 prior for lung,0.65,relative to AAV9,literature-constrained prior,mouse + NHP,https://doi.org/10.1016/j.xphs.2023.10.005; https://pmc.ncbi.nlm.nih.gov/articles/PMC11919325/; https://pubmed.ncbi.nlm.nih.gov/18414476/; https://pubmed.ncbi.nlm.nih.gov/39863928/,Applied to PS and sqrt-scaled Kp; not a cross-study calibrated effect size,strong,high,model/export_delivery_design_space.py:CAPSID_PRIORS,comparative-prior,,,https://doi.org/10.1016/j.xphs.2023.10.005; https://pmc.ncbi.nlm.nih.gov/articles/PMC11919325/; https://pubmed.ncbi.nlm.nih.gov/18414476/; https://pubmed.ncbi.nlm.nih.gov/39863928/,衣壳先验：aav8,AAV8 对肺的相对先验,相对于 AAV9,文献约束先验,小鼠与非人灵长类,用于缩放 PS，并以平方根缩放 Kp；不是跨研究校准的效应量,强,高,同条件比较形成的先验,,
capsid:aav8,tropism_brain,Relative AAV8 prior for brain,0.14,relative to AAV9,literature-constrained prior,mouse + NHP,https://doi.org/10.1016/j.xphs.2023.10.005; https://pmc.ncbi.nlm.nih.gov/articles/PMC11919325/; https://pubmed.ncbi.nlm.nih.gov/18414476/; https://pubmed.ncbi.nlm.nih.gov/39863928/,Applied to PS and sqrt-scaled Kp; not a cross-study calibrated effect size,strong,high,model/export_delivery_design_space.py:CAPSID_PRIORS,comparative-prior,,,https://doi.org/10.1016/j.xphs.2023.10.005; https://pmc.ncbi.nlm.nih.gov/articles/PMC11919325/; https://pubmed.ncbi.nlm.nih.gov/18414476/; https://pubmed.ncbi.nlm.nih.gov/39863928/,衣壳先验：aav8,AAV8 对脑的相对先验,相对于 AAV9,文献约束先验,小鼠与非人灵长类,用于缩放 PS，并以平方根缩放 Kp；不是跨研究校准的效应量,强,高,同条件比较形成的先验,,
capsid:aav8,tropism_rest,Relative AAV8 prior for rest,0.9,relative to AAV9,literature-constrained prior,mouse + NHP,https://doi.org/10.1016/j.xphs.2023.10.005; https://pmc.ncbi.nlm.nih.gov/articles/PMC11919325/; https://pubmed.ncbi.nlm.nih.gov/18414476/; https://pubmed.ncbi.nlm.nih.gov/39863928/,Applied to PS and sqrt-scaled Kp; not a cross-study calibrated effect size,strong,high,model/export_delivery_design_space.py:CAPSID_PRIORS,comparative-prior,,,https://doi.org/10.1016/j.xphs.2023.10.005; https://pmc.ncbi.nlm.nih.gov/articles/PMC11919325/; https://pubmed.ncbi.nlm.nih.gov/18414476/; https://pubmed.ncbi.nlm.nih.gov/39863928/,衣壳先验：aav8,AAV8 对其他组织的相对先验,相对于 AAV9,文献约束先验,小鼠与非人灵长类,用于缩放 PS，并以平方根缩放 Kp；不是跨研究校准的效应量,强,高,同条件比较形成的先验,,
capsid:aav9,tropism_liver,Relative AAV9 prior for liver,1,relative to AAV9,literature-constrained prior,mouse + NHP,https://pmc.ncbi.nlm.nih.gov/articles/PMC11404148/; https://pmc.ncbi.nlm.nih.gov/articles/PMC7769048/; https://pmc.ncbi.nlm.nih.gov/articles/PMC11919325/; https://pubmed.ncbi.nlm.nih.gov/18414476/; https://pubmed.ncbi.nlm.nih.gov/39863928/,Applied to PS and sqrt-scaled Kp; not a cross-study calibrated effect size,strong,high,model/export_delivery_design_space.py:CAPSID_PRIORS,comparative-prior,,,https://pmc.ncbi.nlm.nih.gov/articles/PMC11404148/; https://pmc.ncbi.nlm.nih.gov/articles/PMC7769048/; https://pmc.ncbi.nlm.nih.gov/articles/PMC11919325/; https://pubmed.ncbi.nlm.nih.gov/18414476/; https://pubmed.ncbi.nlm.nih.gov/39863928/,衣壳先验：aav9,AAV9 对肝脏的相对先验,相对于 AAV9,文献约束先验,小鼠与非人灵长类,用于缩放 PS，并以平方根缩放 Kp；不是跨研究校准的效应量,强,高,同条件比较形成的先验,,
capsid:aav9,tropism_spleen,Relative AAV9 prior for spleen,1,relative to AAV9,literature-constrained prior,mouse + NHP,https://pmc.ncbi.nlm.nih.gov/articles/PMC11404148/; https://pmc.ncbi.nlm.nih.gov/articles/PMC7769048/; https://pmc.ncbi.nlm.nih.gov/articles/PMC11919325/; https://pubmed.ncbi.nlm.nih.gov/18414476/; https://pubmed.ncbi.nlm.nih.gov/39863928/,Applied to PS and sqrt-scaled Kp; not a cross-study calibrated effect size,strong,high,model/export_delivery_design_space.py:CAPSID_PRIORS,comparative-prior,,,https://pmc.ncbi.nlm.nih.gov/articles/PMC11404148/; https://pmc.ncbi.nlm.nih.gov/articles/PMC7769048/; https://pmc.ncbi.nlm.nih.gov/articles/PMC11919325/; https://pubmed.ncbi.nlm.nih.gov/18414476/; https://pubmed.ncbi.nlm.nih.gov/39863928/,衣壳先验：aav9,AAV9 对脾脏的相对先验,相对于 AAV9,文献约束先验,小鼠与非人灵长类,用于缩放 PS，并以平方根缩放 Kp；不是跨研究校准的效应量,强,高,同条件比较形成的先验,,
capsid:aav9,tropism_kidney,Relative AAV9 prior for kidney,1,relative to AAV9,literature-constrained prior,mouse + NHP,https://pmc.ncbi.nlm.nih.gov/articles/PMC11404148/; https://pmc.ncbi.nlm.nih.gov/articles/PMC7769048/; https://pmc.ncbi.nlm.nih.gov/articles/PMC11919325/; https://pubmed.ncbi.nlm.nih.gov/18414476/; https://pubmed.ncbi.nlm.nih.gov/39863928/,Applied to PS and sqrt-scaled Kp; not a cross-study calibrated effect size,strong,high,model/export_delivery_design_space.py:CAPSID_PRIORS,comparative-prior,,,https://pmc.ncbi.nlm.nih.gov/articles/PMC11404148/; https://pmc.ncbi.nlm.nih.gov/articles/PMC7769048/; https://pmc.ncbi.nlm.nih.gov/articles/PMC11919325/; https://pubmed.ncbi.nlm.nih.gov/18414476/; https://pubmed.ncbi.nlm.nih.gov/39863928/,衣壳先验：aav9,AAV9 对肾脏的相对先验,相对于 AAV9,文献约束先验,小鼠与非人灵长类,用于缩放 PS，并以平方根缩放 Kp；不是跨研究校准的效应量,强,高,同条件比较形成的先验,,
capsid:aav9,tropism_heart,Relative AAV9 prior for heart,1,relative to AAV9,literature-constrained prior,mouse + NHP,https://pmc.ncbi.nlm.nih.gov/articles/PMC11404148/; https://pmc.ncbi.nlm.nih.gov/articles/PMC7769048/; https://pmc.ncbi.nlm.nih.gov/articles/PMC11919325/; https://pubmed.ncbi.nlm.nih.gov/18414476/; https://pubmed.ncbi.nlm.nih.gov/39863928/,Applied to PS and sqrt-scaled Kp; not a cross-study calibrated effect size,strong,high,model/export_delivery_design_space.py:CAPSID_PRIORS,comparative-prior,,,https://pmc.ncbi.nlm.nih.gov/articles/PMC11404148/; https://pmc.ncbi.nlm.nih.gov/articles/PMC7769048/; https://pmc.ncbi.nlm.nih.gov/articles/PMC11919325/; https://pubmed.ncbi.nlm.nih.gov/18414476/; https://pubmed.ncbi.nlm.nih.gov/39863928/,衣壳先验：aav9,AAV9 对心脏的相对先验,相对于 AAV9,文献约束先验,小鼠与非人灵长类,用于缩放 PS，并以平方根缩放 Kp；不是跨研究校准的效应量,强,高,同条件比较形成的先验,,
capsid:aav9,tropism_muscle,Relative AAV9 prior for muscle,1,relative to AAV9,literature-constrained prior,mouse + NHP,https://pmc.ncbi.nlm.nih.gov/articles/PMC11404148/; https://pmc.ncbi.nlm.nih.gov/articles/PMC7769048/; https://pmc.ncbi.nlm.nih.gov/articles/PMC11919325/; https://pubmed.ncbi.nlm.nih.gov/18414476/; https://pubmed.ncbi.nlm.nih.gov/39863928/,Applied to PS and sqrt-scaled Kp; not a cross-study calibrated effect size,strong,high,model/export_delivery_design_space.py:CAPSID_PRIORS,comparative-prior,,,https://pmc.ncbi.nlm.nih.gov/articles/PMC11404148/; https://pmc.ncbi.nlm.nih.gov/articles/PMC7769048/; https://pmc.ncbi.nlm.nih.gov/articles/PMC11919325/; https://pubmed.ncbi.nlm.nih.gov/18414476/; https://pubmed.ncbi.nlm.nih.gov/39863928/,衣壳先验：aav9,AAV9 对肌肉的相对先验,相对于 AAV9,文献约束先验,小鼠与非人灵长类,用于缩放 PS，并以平方根缩放 Kp；不是跨研究校准的效应量,强,高,同条件比较形成的先验,,
capsid:aav9,tropism_lung,Relative AAV9 prior for lung,1,relative to AAV9,literature-constrained prior,mouse + NHP,https://pmc.ncbi.nlm.nih.gov/articles/PMC11404148/; https://pmc.ncbi.nlm.nih.gov/articles/PMC7769048/; https://pmc.ncbi.nlm.nih.gov/articles/PMC11919325/; https://pubmed.ncbi.nlm.nih.gov/18414476/; https://pubmed.ncbi.nlm.nih.gov/39863928/,Applied to PS and sqrt-scaled Kp; not a cross-study calibrated effect size,strong,high,model/export_delivery_design_space.py:CAPSID_PRIORS,comparative-prior,,,https://pmc.ncbi.nlm.nih.gov/articles/PMC11404148/; https://pmc.ncbi.nlm.nih.gov/articles/PMC7769048/; https://pmc.ncbi.nlm.nih.gov/articles/PMC11919325/; https://pubmed.ncbi.nlm.nih.gov/18414476/; https://pubmed.ncbi.nlm.nih.gov/39863928/,衣壳先验：aav9,AAV9 对肺的相对先验,相对于 AAV9,文献约束先验,小鼠与非人灵长类,用于缩放 PS，并以平方根缩放 Kp；不是跨研究校准的效应量,强,高,同条件比较形成的先验,,
capsid:aav9,tropism_brain,Relative AAV9 prior for brain,1,relative to AAV9,literature-constrained prior,mouse + NHP,https://pmc.ncbi.nlm.nih.gov/articles/PMC11404148/; https://pmc.ncbi.nlm.nih.gov/articles/PMC7769048/; https://pmc.ncbi.nlm.nih.gov/articles/PMC11919325/; https://pubmed.ncbi.nlm.nih.gov/18414476/; https://pubmed.ncbi.nlm.nih.gov/39863928/,Applied to PS and sqrt-scaled Kp; not a cross-study calibrated effect size,strong,high,model/export_delivery_design_space.py:CAPSID_PRIORS,comparative-prior,,,https://pmc.ncbi.nlm.nih.gov/articles/PMC11404148/; https://pmc.ncbi.nlm.nih.gov/articles/PMC7769048/; https://pmc.ncbi.nlm.nih.gov/articles/PMC11919325/; https://pubmed.ncbi.nlm.nih.gov/18414476/; https://pubmed.ncbi.nlm.nih.gov/39863928/,衣壳先验：aav9,AAV9 对脑的相对先验,相对于 AAV9,文献约束先验,小鼠与非人灵长类,用于缩放 PS，并以平方根缩放 Kp；不是跨研究校准的效应量,强,高,同条件比较形成的先验,,
capsid:aav9,tropism_rest,Relative AAV9 prior for rest,1,relative to AAV9,literature-constrained prior,mouse + NHP,https://pmc.ncbi.nlm.nih.gov/articles/PMC11404148/; https://pmc.ncbi.nlm.nih.gov/articles/PMC7769048/; https://pmc.ncbi.nlm.nih.gov/articles/PMC11919325/; https://pubmed.ncbi.nlm.nih.gov/18414476/; https://pubmed.ncbi.nlm.nih.gov/39863928/,Applied to PS and sqrt-scaled Kp; not a cross-study calibrated effect size,strong,high,model/export_delivery_design_space.py:CAPSID_PRIORS,comparative-prior,,,https://pmc.ncbi.nlm.nih.gov/articles/PMC11404148/; https://pmc.ncbi.nlm.nih.gov/articles/PMC7769048/; https://pmc.ncbi.nlm.nih.gov/articles/PMC11919325/; https://pubmed.ncbi.nlm.nih.gov/18414476/; https://pubmed.ncbi.nlm.nih.gov/39863928/,衣壳先验：aav9,AAV9 对其他组织的相对先验,相对于 AAV9,文献约束先验,小鼠与非人灵长类,用于缩放 PS，并以平方根缩放 Kp；不是跨研究校准的效应量,强,高,同条件比较形成的先验,,
capsid:aavrh10,tropism_liver,Relative AAVrh.10 prior for liver,0.82,relative to AAV9,literature-constrained prior,NHP,https://pmc.ncbi.nlm.nih.gov/articles/PMC11919325/; https://pubmed.ncbi.nlm.nih.gov/39863928/; https://pmc.ncbi.nlm.nih.gov/articles/PMC7769048/,Applied to PS and sqrt-scaled Kp; not a cross-study calibrated effect size,medium,high,model/export_delivery_design_space.py:CAPSID_PRIORS,comparative-prior,,,https://pmc.ncbi.nlm.nih.gov/articles/PMC11919325/; https://pubmed.ncbi.nlm.nih.gov/39863928/; https://pmc.ncbi.nlm.nih.gov/articles/PMC7769048/,衣壳先验：aavrh10,AAVrh.10 对肝脏的相对先验,相对于 AAV9,文献约束先验,非人灵长类,用于缩放 PS，并以平方根缩放 Kp；不是跨研究校准的效应量,中,高,同条件比较形成的先验,,
capsid:aavrh10,tropism_spleen,Relative AAVrh.10 prior for spleen,0.78,relative to AAV9,literature-constrained prior,NHP,https://pmc.ncbi.nlm.nih.gov/articles/PMC11919325/; https://pubmed.ncbi.nlm.nih.gov/39863928/; https://pmc.ncbi.nlm.nih.gov/articles/PMC7769048/,Applied to PS and sqrt-scaled Kp; not a cross-study calibrated effect size,medium,high,model/export_delivery_design_space.py:CAPSID_PRIORS,comparative-prior,,,https://pmc.ncbi.nlm.nih.gov/articles/PMC11919325/; https://pubmed.ncbi.nlm.nih.gov/39863928/; https://pmc.ncbi.nlm.nih.gov/articles/PMC7769048/,衣壳先验：aavrh10,AAVrh.10 对脾脏的相对先验,相对于 AAV9,文献约束先验,非人灵长类,用于缩放 PS，并以平方根缩放 Kp；不是跨研究校准的效应量,中,高,同条件比较形成的先验,,
capsid:aavrh10,tropism_kidney,Relative AAVrh.10 prior for kidney,0.75,relative to AAV9,literature-constrained prior,NHP,https://pmc.ncbi.nlm.nih.gov/articles/PMC11919325/; https://pubmed.ncbi.nlm.nih.gov/39863928/; https://pmc.ncbi.nlm.nih.gov/articles/PMC7769048/,Applied to PS and sqrt-scaled Kp; not a cross-study calibrated effect size,medium,high,model/export_delivery_design_space.py:CAPSID_PRIORS,comparative-prior,,,https://pmc.ncbi.nlm.nih.gov/articles/PMC11919325/; https://pubmed.ncbi.nlm.nih.gov/39863928/; https://pmc.ncbi.nlm.nih.gov/articles/PMC7769048/,衣壳先验：aavrh10,AAVrh.10 对肾脏的相对先验,相对于 AAV9,文献约束先验,非人灵长类,用于缩放 PS，并以平方根缩放 Kp；不是跨研究校准的效应量,中,高,同条件比较形成的先验,,
capsid:aavrh10,tropism_heart,Relative AAVrh.10 prior for heart,1.05,relative to AAV9,literature-constrained prior,NHP,https://pmc.ncbi.nlm.nih.gov/articles/PMC11919325/; https://pubmed.ncbi.nlm.nih.gov/39863928/; https://pmc.ncbi.nlm.nih.gov/articles/PMC7769048/,Applied to PS and sqrt-scaled Kp; not a cross-study calibrated effect size,medium,high,model/export_delivery_design_space.py:CAPSID_PRIORS,comparative-prior,,,https://pmc.ncbi.nlm.nih.gov/articles/PMC11919325/; https://pubmed.ncbi.nlm.nih.gov/39863928/; https://pmc.ncbi.nlm.nih.gov/articles/PMC7769048/,衣壳先验：aavrh10,AAVrh.10 对心脏的相对先验,相对于 AAV9,文献约束先验,非人灵长类,用于缩放 PS，并以平方根缩放 Kp；不是跨研究校准的效应量,中,高,同条件比较形成的先验,,
capsid:aavrh10,tropism_muscle,Relative AAVrh.10 prior for muscle,0.95,relative to AAV9,literature-constrained prior,NHP,https://pmc.ncbi.nlm.nih.gov/articles/PMC11919325/; https://pubmed.ncbi.nlm.nih.gov/39863928/; https://pmc.ncbi.nlm.nih.gov/articles/PMC7769048/,Applied to PS and sqrt-scaled Kp; not a cross-study calibrated effect size,medium,high,model/export_delivery_design_space.py:CAPSID_PRIORS,comparative-prior,,,https://pmc.ncbi.nlm.nih.gov/articles/PMC11919325/; https://pubmed.ncbi.nlm.nih.gov/39863928/; https://pmc.ncbi.nlm.nih.gov/articles/PMC7769048/,衣壳先验：aavrh10,AAVrh.10 对肌肉的相对先验,相对于 AAV9,文献约束先验,非人灵长类,用于缩放 PS，并以平方根缩放 Kp；不是跨研究校准的效应量,中,高,同条件比较形成的先验,,
capsid:aavrh10,tropism_lung,Relative AAVrh.10 prior for lung,0.9,relative to AAV9,literature-constrained prior,NHP,https://pmc.ncbi.nlm.nih.gov/articles/PMC11919325/; https://pubmed.ncbi.nlm.nih.gov/39863928/; https://pmc.ncbi.nlm.nih.gov/articles/PMC7769048/,Applied to PS and sqrt-scaled Kp; not a cross-study calibrated effect size,medium,high,model/export_delivery_design_space.py:CAPSID_PRIORS,comparative-prior,,,https://pmc.ncbi.nlm.nih.gov/articles/PMC11919325/; https://pubmed.ncbi.nlm.nih.gov/39863928/; https://pmc.ncbi.nlm.nih.gov/articles/PMC7769048/,衣壳先验：aavrh10,AAVrh.10 对肺的相对先验,相对于 AAV9,文献约束先验,非人灵长类,用于缩放 PS，并以平方根缩放 Kp；不是跨研究校准的效应量,中,高,同条件比较形成的先验,,
capsid:aavrh10,tropism_brain,Relative AAVrh.10 prior for brain,1.55,relative to AAV9,literature-constrained prior,NHP,https://pmc.ncbi.nlm.nih.gov/articles/PMC11919325/; https://pubmed.ncbi.nlm.nih.gov/39863928/; https://pmc.ncbi.nlm.nih.gov/articles/PMC7769048/,Applied to PS and sqrt-scaled Kp; not a cross-study calibrated effect size,medium,high,model/export_delivery_design_space.py:CAPSID_PRIORS,comparative-prior,,,https://pmc.ncbi.nlm.nih.gov/articles/PMC11919325/; https://pubmed.ncbi.nlm.nih.gov/39863928/; https://pmc.ncbi.nlm.nih.gov/articles/PMC7769048/,衣壳先验：aavrh10,AAVrh.10 对脑的相对先验,相对于 AAV9,文献约束先验,非人灵长类,用于缩放 PS，并以平方根缩放 Kp；不是跨研究校准的效应量,中,高,同条件比较形成的先验,,
capsid:aavrh10,tropism_rest,Relative AAVrh.10 prior for rest,0.95,relative to AAV9,literature-constrained prior,NHP,https://pmc.ncbi.nlm.nih.gov/articles/PMC11919325/; https://pubmed.ncbi.nlm.nih.gov/39863928/; https://pmc.ncbi.nlm.nih.gov/articles/PMC7769048/,Applied to PS and sqrt-scaled Kp; not a cross-study calibrated effect size,medium,high,model/export_delivery_design_space.py:CAPSID_PRIORS,comparative-prior,,,https://pmc.ncbi.nlm.nih.gov/articles/PMC11919325/; https://pubmed.ncbi.nlm.nih.gov/39863928/; https://pmc.ncbi.nlm.nih.gov/articles/PMC7769048/,衣壳先验：aavrh10,AAVrh.10 对其他组织的相对先验,相对于 AAV9,文献约束先验,非人灵长类,用于缩放 PS，并以平方根缩放 Kp；不是跨研究校准的效应量,中,高,同条件比较形成的先验,,
capsid:php-eb,tropism_liver,Relative PHP.eB prior for liver,0.55,relative to AAV9,literature-constrained prior,Ly6a-positive mouse only,https://pmc.ncbi.nlm.nih.gov/articles/PMC7193641/; https://pmc.ncbi.nlm.nih.gov/articles/PMC11919325/; https://pubmed.ncbi.nlm.nih.gov/40337478/,Applied to PS and sqrt-scaled Kp; not a cross-study calibrated effect size,exploratory,high,model/export_delivery_design_space.py:CAPSID_PRIORS,comparative-prior,,,https://pmc.ncbi.nlm.nih.gov/articles/PMC7193641/; https://pmc.ncbi.nlm.nih.gov/articles/PMC11919325/; https://pubmed.ncbi.nlm.nih.gov/40337478/,衣壳先验：php-eb,PHP.eB 对肝脏的相对先验,相对于 AAV9,文献约束先验,仅限 Ly6a 阳性小鼠,用于缩放 PS，并以平方根缩放 Kp；不是跨研究校准的效应量,探索性,高,同条件比较形成的先验,,
capsid:php-eb,tropism_spleen,Relative PHP.eB prior for spleen,0.72,relative to AAV9,literature-constrained prior,Ly6a-positive mouse only,https://pmc.ncbi.nlm.nih.gov/articles/PMC7193641/; https://pmc.ncbi.nlm.nih.gov/articles/PMC11919325/; https://pubmed.ncbi.nlm.nih.gov/40337478/,Applied to PS and sqrt-scaled Kp; not a cross-study calibrated effect size,exploratory,high,model/export_delivery_design_space.py:CAPSID_PRIORS,comparative-prior,,,https://pmc.ncbi.nlm.nih.gov/articles/PMC7193641/; https://pmc.ncbi.nlm.nih.gov/articles/PMC11919325/; https://pubmed.ncbi.nlm.nih.gov/40337478/,衣壳先验：php-eb,PHP.eB 对脾脏的相对先验,相对于 AAV9,文献约束先验,仅限 Ly6a 阳性小鼠,用于缩放 PS，并以平方根缩放 Kp；不是跨研究校准的效应量,探索性,高,同条件比较形成的先验,,
capsid:php-eb,tropism_kidney,Relative PHP.eB prior for kidney,0.65,relative to AAV9,literature-constrained prior,Ly6a-positive mouse only,https://pmc.ncbi.nlm.nih.gov/articles/PMC7193641/; https://pmc.ncbi.nlm.nih.gov/articles/PMC11919325/; https://pubmed.ncbi.nlm.nih.gov/40337478/,Applied to PS and sqrt-scaled Kp; not a cross-study calibrated effect size,exploratory,high,model/export_delivery_design_space.py:CAPSID_PRIORS,comparative-prior,,,https://pmc.ncbi.nlm.nih.gov/articles/PMC7193641/; https://pmc.ncbi.nlm.nih.gov/articles/PMC11919325/; https://pubmed.ncbi.nlm.nih.gov/40337478/,衣壳先验：php-eb,PHP.eB 对肾脏的相对先验,相对于 AAV9,文献约束先验,仅限 Ly6a 阳性小鼠,用于缩放 PS，并以平方根缩放 Kp；不是跨研究校准的效应量,探索性,高,同条件比较形成的先验,,
capsid:php-eb,tropism_heart,Relative PHP.eB prior for heart,0.72,relative to AAV9,literature-constrained prior,Ly6a-positive mouse only,https://pmc.ncbi.nlm.nih.gov/articles/PMC7193641/; https://pmc.ncbi.nlm.nih.gov/articles/PMC11919325/; https://pubmed.ncbi.nlm.nih.gov/40337478/,Applied to PS and sqrt-scaled Kp; not a cross-study calibrated effect size,exploratory,high,model/export_delivery_design_space.py:CAPSID_PRIORS,comparative-prior,,,https://pmc.ncbi.nlm.nih.gov/articles/PMC7193641/; https://pmc.ncbi.nlm.nih.gov/articles/PMC11919325/; https://pubmed.ncbi.nlm.nih.gov/40337478/,衣壳先验：php-eb,PHP.eB 对心脏的相对先验,相对于 AAV9,文献约束先验,仅限 Ly6a 阳性小鼠,用于缩放 PS，并以平方根缩放 Kp；不是跨研究校准的效应量,探索性,高,同条件比较形成的先验,,
capsid:php-eb,tropism_muscle,Relative PHP.eB prior for muscle,0.82,relative to AAV9,literature-constrained prior,Ly6a-positive mouse only,https://pmc.ncbi.nlm.nih.gov/articles/PMC7193641/; https://pmc.ncbi.nlm.nih.gov/articles/PMC11919325/; https://pubmed.ncbi.nlm.nih.gov/40337478/,Applied to PS and sqrt-scaled Kp; not a cross-study calibrated effect size,exploratory,high,model/export_delivery_design_space.py:CAPSID_PRIORS,comparative-prior,,,https://pmc.ncbi.nlm.nih.gov/articles/PMC7193641/; https://pmc.ncbi.nlm.nih.gov/articles/PMC11919325/; https://pubmed.ncbi.nlm.nih.gov/40337478/,衣壳先验：php-eb,PHP.eB 对肌肉的相对先验,相对于 AAV9,文献约束先验,仅限 Ly6a 阳性小鼠,用于缩放 PS，并以平方根缩放 Kp；不是跨研究校准的效应量,探索性,高,同条件比较形成的先验,,
capsid:php-eb,tropism_lung,Relative PHP.eB prior for lung,0.7,relative to AAV9,literature-constrained prior,Ly6a-positive mouse only,https://pmc.ncbi.nlm.nih.gov/articles/PMC7193641/; https://pmc.ncbi.nlm.nih.gov/articles/PMC11919325/; https://pubmed.ncbi.nlm.nih.gov/40337478/,Applied to PS and sqrt-scaled Kp; not a cross-study calibrated effect size,exploratory,high,model/export_delivery_design_space.py:CAPSID_PRIORS,comparative-prior,,,https://pmc.ncbi.nlm.nih.gov/articles/PMC7193641/; https://pmc.ncbi.nlm.nih.gov/articles/PMC11919325/; https://pubmed.ncbi.nlm.nih.gov/40337478/,衣壳先验：php-eb,PHP.eB 对肺的相对先验,相对于 AAV9,文献约束先验,仅限 Ly6a 阳性小鼠,用于缩放 PS，并以平方根缩放 Kp；不是跨研究校准的效应量,探索性,高,同条件比较形成的先验,,
capsid:php-eb,tropism_brain,Relative PHP.eB prior for brain,12,relative to AAV9,literature-constrained prior,Ly6a-positive mouse only,https://pmc.ncbi.nlm.nih.gov/articles/PMC7193641/; https://pmc.ncbi.nlm.nih.gov/articles/PMC11919325/; https://pubmed.ncbi.nlm.nih.gov/40337478/,Applied to PS and sqrt-scaled Kp; not a cross-study calibrated effect size,exploratory,high,model/export_delivery_design_space.py:CAPSID_PRIORS,comparative-prior,,,https://pmc.ncbi.nlm.nih.gov/articles/PMC7193641/; https://pmc.ncbi.nlm.nih.gov/articles/PMC11919325/; https://pubmed.ncbi.nlm.nih.gov/40337478/,衣壳先验：php-eb,PHP.eB 对脑的相对先验,相对于 AAV9,文献约束先验,仅限 Ly6a 阳性小鼠,用于缩放 PS，并以平方根缩放 Kp；不是跨研究校准的效应量,探索性,高,同条件比较形成的先验,,
capsid:php-eb,tropism_rest,Relative PHP.eB prior for rest,0.9,relative to AAV9,literature-constrained prior,Ly6a-positive mouse only,https://pmc.ncbi.nlm.nih.gov/articles/PMC7193641/; https://pmc.ncbi.nlm.nih.gov/articles/PMC11919325/; https://pubmed.ncbi.nlm.nih.gov/40337478/,Applied to PS and sqrt-scaled Kp; not a cross-study calibrated effect size,exploratory,high,model/export_delivery_design_space.py:CAPSID_PRIORS,comparative-prior,,,https://pmc.ncbi.nlm.nih.gov/articles/PMC7193641/; https://pmc.ncbi.nlm.nih.gov/articles/PMC11919325/; https://pubmed.ncbi.nlm.nih.gov/40337478/,衣壳先验：php-eb,PHP.eB 对其他组织的相对先验,相对于 AAV9,文献约束先验,仅限 Ly6a 阳性小鼠,用于缩放 PS，并以平方根缩放 Kp；不是跨研究校准的效应量,探索性,高,同条件比较形成的先验,,
capsid:cap-b10,tropism_liver,Relative CAP-B10 prior for liver,0.2,relative to AAV9,literature-constrained prior,mouse,https://pmc.ncbi.nlm.nih.gov/articles/PMC11919325/; https://pmc.ncbi.nlm.nih.gov/articles/PMC9621732/,Applied to PS and sqrt-scaled Kp; not a cross-study calibrated effect size,exploratory,high,model/export_delivery_design_space.py:CAPSID_PRIORS,comparative-prior,,,https://pmc.ncbi.nlm.nih.gov/articles/PMC11919325/; https://pmc.ncbi.nlm.nih.gov/articles/PMC9621732/,衣壳先验：cap-b10,CAP-B10 对肝脏的相对先验,相对于 AAV9,文献约束先验,小鼠,用于缩放 PS，并以平方根缩放 Kp；不是跨研究校准的效应量,探索性,高,同条件比较形成的先验,,
capsid:cap-b10,tropism_spleen,Relative CAP-B10 prior for spleen,0.55,relative to AAV9,literature-constrained prior,mouse,https://pmc.ncbi.nlm.nih.gov/articles/PMC11919325/; https://pmc.ncbi.nlm.nih.gov/articles/PMC9621732/,Applied to PS and sqrt-scaled Kp; not a cross-study calibrated effect size,exploratory,high,model/export_delivery_design_space.py:CAPSID_PRIORS,comparative-prior,,,https://pmc.ncbi.nlm.nih.gov/articles/PMC11919325/; https://pmc.ncbi.nlm.nih.gov/articles/PMC9621732/,衣壳先验：cap-b10,CAP-B10 对脾脏的相对先验,相对于 AAV9,文献约束先验,小鼠,用于缩放 PS，并以平方根缩放 Kp；不是跨研究校准的效应量,探索性,高,同条件比较形成的先验,,
capsid:cap-b10,tropism_kidney,Relative CAP-B10 prior for kidney,0.48,relative to AAV9,literature-constrained prior,mouse,https://pmc.ncbi.nlm.nih.gov/articles/PMC11919325/; https://pmc.ncbi.nlm.nih.gov/articles/PMC9621732/,Applied to PS and sqrt-scaled Kp; not a cross-study calibrated effect size,exploratory,high,model/export_delivery_design_space.py:CAPSID_PRIORS,comparative-prior,,,https://pmc.ncbi.nlm.nih.gov/articles/PMC11919325/; https://pmc.ncbi.nlm.nih.gov/articles/PMC9621732/,衣壳先验：cap-b10,CAP-B10 对肾脏的相对先验,相对于 AAV9,文献约束先验,小鼠,用于缩放 PS，并以平方根缩放 Kp；不是跨研究校准的效应量,探索性,高,同条件比较形成的先验,,
capsid:cap-b10,tropism_heart,Relative CAP-B10 prior for heart,0.58,relative to AAV9,literature-constrained prior,mouse,https://pmc.ncbi.nlm.nih.gov/articles/PMC11919325/; https://pmc.ncbi.nlm.nih.gov/articles/PMC9621732/,Applied to PS and sqrt-scaled Kp; not a cross-study calibrated effect size,exploratory,high,model/export_delivery_design_space.py:CAPSID_PRIORS,comparative-prior,,,https://pmc.ncbi.nlm.nih.gov/articles/PMC11919325/; https://pmc.ncbi.nlm.nih.gov/articles/PMC9621732/,衣壳先验：cap-b10,CAP-B10 对心脏的相对先验,相对于 AAV9,文献约束先验,小鼠,用于缩放 PS，并以平方根缩放 Kp；不是跨研究校准的效应量,探索性,高,同条件比较形成的先验,,
capsid:cap-b10,tropism_muscle,Relative CAP-B10 prior for muscle,0.72,relative to AAV9,literature-constrained prior,mouse,https://pmc.ncbi.nlm.nih.gov/articles/PMC11919325/; https://pmc.ncbi.nlm.nih.gov/articles/PMC9621732/,Applied to PS and sqrt-scaled Kp; not a cross-study calibrated effect size,exploratory,high,model/export_delivery_design_space.py:CAPSID_PRIORS,comparative-prior,,,https://pmc.ncbi.nlm.nih.gov/articles/PMC11919325/; https://pmc.ncbi.nlm.nih.gov/articles/PMC9621732/,衣壳先验：cap-b10,CAP-B10 对肌肉的相对先验,相对于 AAV9,文献约束先验,小鼠,用于缩放 PS，并以平方根缩放 Kp；不是跨研究校准的效应量,探索性,高,同条件比较形成的先验,,
capsid:cap-b10,tropism_lung,Relative CAP-B10 prior for lung,0.58,relative to AAV9,literature-constrained prior,mouse,https://pmc.ncbi.nlm.nih.gov/articles/PMC11919325/; https://pmc.ncbi.nlm.nih.gov/articles/PMC9621732/,Applied to PS and sqrt-scaled Kp; not a cross-study calibrated effect size,exploratory,high,model/export_delivery_design_space.py:CAPSID_PRIORS,comparative-prior,,,https://pmc.ncbi.nlm.nih.gov/articles/PMC11919325/; https://pmc.ncbi.nlm.nih.gov/articles/PMC9621732/,衣壳先验：cap-b10,CAP-B10 对肺的相对先验,相对于 AAV9,文献约束先验,小鼠,用于缩放 PS，并以平方根缩放 Kp；不是跨研究校准的效应量,探索性,高,同条件比较形成的先验,,
capsid:cap-b10,tropism_brain,Relative CAP-B10 prior for brain,14,relative to AAV9,literature-constrained prior,mouse,https://pmc.ncbi.nlm.nih.gov/articles/PMC11919325/; https://pmc.ncbi.nlm.nih.gov/articles/PMC9621732/,Applied to PS and sqrt-scaled Kp; not a cross-study calibrated effect size,exploratory,high,model/export_delivery_design_space.py:CAPSID_PRIORS,comparative-prior,,,https://pmc.ncbi.nlm.nih.gov/articles/PMC11919325/; https://pmc.ncbi.nlm.nih.gov/articles/PMC9621732/,衣壳先验：cap-b10,CAP-B10 对脑的相对先验,相对于 AAV9,文献约束先验,小鼠,用于缩放 PS，并以平方根缩放 Kp；不是跨研究校准的效应量,探索性,高,同条件比较形成的先验,,
capsid:cap-b10,tropism_rest,Relative CAP-B10 prior for rest,0.85,relative to AAV9,literature-constrained prior,mouse,https://pmc.ncbi.nlm.nih.gov/articles/PMC11919325/; https://pmc.ncbi.nlm.nih.gov/articles/PMC9621732/,Applied to PS and sqrt-scaled Kp; not a cross-study calibrated effect size,exploratory,high,model/export_delivery_design_space.py:CAPSID_PRIORS,comparative-prior,,,https://pmc.ncbi.nlm.nih.gov/articles/PMC11919325/; https://pmc.ncbi.nlm.nih.gov/articles/PMC9621732/,衣壳先验：cap-b10,CAP-B10 对其他组织的相对先验,相对于 AAV9,文献约束先验,小鼠,用于缩放 PS，并以平方根缩放 Kp；不是跨研究校准的效应量,探索性,高,同条件比较形成的先验,,
capsid:lk03,tropism_liver,Relative AAV-LK03 prior for liver,2.8,relative to AAV9,literature-constrained prior,human-hepatocyte prior,https://pmc.ncbi.nlm.nih.gov/articles/PMC11919325/; https://pmc.ncbi.nlm.nih.gov/articles/PMC9621732/,Applied to PS and sqrt-scaled Kp; not a cross-study calibrated effect size,exploratory,high,model/export_delivery_design_space.py:CAPSID_PRIORS,comparative-prior,,,https://pmc.ncbi.nlm.nih.gov/articles/PMC11919325/; https://pmc.ncbi.nlm.nih.gov/articles/PMC9621732/,衣壳先验：lk03,AAV-LK03 对肝脏的相对先验,相对于 AAV9,文献约束先验,人肝细胞先验,用于缩放 PS，并以平方根缩放 Kp；不是跨研究校准的效应量,探索性,高,同条件比较形成的先验,,
capsid:lk03,tropism_spleen,Relative AAV-LK03 prior for spleen,0.48,relative to AAV9,literature-constrained prior,human-hepatocyte prior,https://pmc.ncbi.nlm.nih.gov/articles/PMC11919325/; https://pmc.ncbi.nlm.nih.gov/articles/PMC9621732/,Applied to PS and sqrt-scaled Kp; not a cross-study calibrated effect size,exploratory,high,model/export_delivery_design_space.py:CAPSID_PRIORS,comparative-prior,,,https://pmc.ncbi.nlm.nih.gov/articles/PMC11919325/; https://pmc.ncbi.nlm.nih.gov/articles/PMC9621732/,衣壳先验：lk03,AAV-LK03 对脾脏的相对先验,相对于 AAV9,文献约束先验,人肝细胞先验,用于缩放 PS，并以平方根缩放 Kp；不是跨研究校准的效应量,探索性,高,同条件比较形成的先验,,
capsid:lk03,tropism_kidney,Relative AAV-LK03 prior for kidney,0.55,relative to AAV9,literature-constrained prior,human-hepatocyte prior,https://pmc.ncbi.nlm.nih.gov/articles/PMC11919325/; https://pmc.ncbi.nlm.nih.gov/articles/PMC9621732/,Applied to PS and sqrt-scaled Kp; not a cross-study calibrated effect size,exploratory,high,model/export_delivery_design_space.py:CAPSID_PRIORS,comparative-prior,,,https://pmc.ncbi.nlm.nih.gov/articles/PMC11919325/; https://pmc.ncbi.nlm.nih.gov/articles/PMC9621732/,衣壳先验：lk03,AAV-LK03 对肾脏的相对先验,相对于 AAV9,文献约束先验,人肝细胞先验,用于缩放 PS，并以平方根缩放 Kp；不是跨研究校准的效应量,探索性,高,同条件比较形成的先验,,
capsid:lk03,tropism_heart,Relative AAV-LK03 prior for heart,0.38,relative to AAV9,literature-constrained prior,human-hepatocyte prior,https://pmc.ncbi.nlm.nih.gov/articles/PMC11919325/; https://pmc.ncbi.nlm.nih.gov/articles/PMC9621732/,Applied to PS and sqrt-scaled Kp; not a cross-study calibrated effect size,exploratory,high,model/export_delivery_design_space.py:CAPSID_PRIORS,comparative-prior,,,https://pmc.ncbi.nlm.nih.gov/articles/PMC11919325/; https://pmc.ncbi.nlm.nih.gov/articles/PMC9621732/,衣壳先验：lk03,AAV-LK03 对心脏的相对先验,相对于 AAV9,文献约束先验,人肝细胞先验,用于缩放 PS，并以平方根缩放 Kp；不是跨研究校准的效应量,探索性,高,同条件比较形成的先验,,
capsid:lk03,tropism_muscle,Relative AAV-LK03 prior for muscle,0.42,relative to AAV9,literature-constrained prior,human-hepatocyte prior,https://pmc.ncbi.nlm.nih.gov/articles/PMC11919325/; https://pmc.ncbi.nlm.nih.gov/articles/PMC9621732/,Applied to PS and sqrt-scaled Kp; not a cross-study calibrated effect size,exploratory,high,model/export_delivery_design_space.py:CAPSID_PRIORS,comparative-prior,,,https://pmc.ncbi.nlm.nih.gov/articles/PMC11919325/; https://pmc.ncbi.nlm.nih.gov/articles/PMC9621732/,衣壳先验：lk03,AAV-LK03 对肌肉的相对先验,相对于 AAV9,文献约束先验,人肝细胞先验,用于缩放 PS，并以平方根缩放 Kp；不是跨研究校准的效应量,探索性,高,同条件比较形成的先验,,
capsid:lk03,tropism_lung,Relative AAV-LK03 prior for lung,0.48,relative to AAV9,literature-constrained prior,human-hepatocyte prior,https://pmc.ncbi.nlm.nih.gov/articles/PMC11919325/; https://pmc.ncbi.nlm.nih.gov/articles/PMC9621732/,Applied to PS and sqrt-scaled Kp; not a cross-study calibrated effect size,exploratory,high,model/export_delivery_design_space.py:CAPSID_PRIORS,comparative-prior,,,https://pmc.ncbi.nlm.nih.gov/articles/PMC11919325/; https://pmc.ncbi.nlm.nih.gov/articles/PMC9621732/,衣壳先验：lk03,AAV-LK03 对肺的相对先验,相对于 AAV9,文献约束先验,人肝细胞先验,用于缩放 PS，并以平方根缩放 Kp；不是跨研究校准的效应量,探索性,高,同条件比较形成的先验,,
capsid:lk03,tropism_brain,Relative AAV-LK03 prior for brain,0.1,relative to AAV9,literature-constrained prior,human-hepatocyte prior,https://pmc.ncbi.nlm.nih.gov/articles/PMC11919325/; https://pmc.ncbi.nlm.nih.gov/articles/PMC9621732/,Applied to PS and sqrt-scaled Kp; not a cross-study calibrated effect size,exploratory,high,model/export_delivery_design_space.py:CAPSID_PRIORS,comparative-prior,,,https://pmc.ncbi.nlm.nih.gov/articles/PMC11919325/; https://pmc.ncbi.nlm.nih.gov/articles/PMC9621732/,衣壳先验：lk03,AAV-LK03 对脑的相对先验,相对于 AAV9,文献约束先验,人肝细胞先验,用于缩放 PS，并以平方根缩放 Kp；不是跨研究校准的效应量,探索性,高,同条件比较形成的先验,,
capsid:lk03,tropism_rest,Relative AAV-LK03 prior for rest,0.55,relative to AAV9,literature-constrained prior,human-hepatocyte prior,https://pmc.ncbi.nlm.nih.gov/articles/PMC11919325/; https://pmc.ncbi.nlm.nih.gov/articles/PMC9621732/,Applied to PS and sqrt-scaled Kp; not a cross-study calibrated effect size,exploratory,high,model/export_delivery_design_space.py:CAPSID_PRIORS,comparative-prior,,,https://pmc.ncbi.nlm.nih.gov/articles/PMC11919325/; https://pmc.ncbi.nlm.nih.gov/articles/PMC9621732/,衣壳先验：lk03,AAV-LK03 对其他组织的相对先验,相对于 AAV9,文献约束先验,人肝细胞先验,用于缩放 PS，并以平方根缩放 Kp；不是跨研究校准的效应量,探索性,高,同条件比较形成的先验,,
cns_profile:cortical_excitatory,weights,Reduced-order CNS depth parameter: weights,"(0.6, 0.35, 0.05)",dimensionless or mm,assumed,generic CNS,Current model structural prior; requires project-specific calibration,Produces disease-specific depth contrasts; not an anatomical diffusion fit,low,high,model/export_delivery_design_space.py:CNS_PROFILES,structural/design,,,,CNS 深度配置：cortical_excitatory,降阶 CNS 深度参数：三级深度权重,无量纲或 mm,假设值,通用中枢神经系统,用于产生疾病相关的深度差异，并非脑解剖扩散拟合,低,高,模型结构或设计输入,,
cns_profile:cortical_excitatory,cell_access,Reduced-order CNS depth parameter: cell_access,0.9,dimensionless or mm,assumed,generic CNS,Current model structural prior; requires project-specific calibration,Produces disease-specific depth contrasts; not an anatomical diffusion fit,low,high,model/export_delivery_design_space.py:CNS_PROFILES,structural/design,,,,CNS 深度配置：cortical_excitatory,降阶 CNS 深度参数：细胞可及性,无量纲或 mm,假设值,通用中枢神经系统,用于产生疾病相关的深度差异，并非脑解剖扩散拟合,低,高,模型结构或设计输入,,
cns_profile:cortical_excitatory,persistence,Reduced-order CNS depth parameter: persistence,1,dimensionless or mm,assumed,generic CNS,Current model structural prior; requires project-specific calibration,Produces disease-specific depth contrasts; not an anatomical diffusion fit,low,high,model/export_delivery_design_space.py:CNS_PROFILES,structural/design,,,,CNS 深度配置：cortical_excitatory,降阶 CNS 深度参数：持久性修正,无量纲或 mm,假设值,通用中枢神经系统,用于产生疾病相关的深度差异，并非脑解剖扩散拟合,低,高,模型结构或设计输入,,
cns_profile:cortical_excitatory,depth_mm,Reduced-order CNS depth parameter: depth_mm,0.8,dimensionless or mm,assumed,generic CNS,Current model structural prior; requires project-specific calibration,Produces disease-specific depth contrasts; not an anatomical diffusion fit,low,high,model/export_delivery_design_space.py:CNS_PROFILES,structural/design,,,,CNS 深度配置：cortical_excitatory,降阶 CNS 深度参数：目标深度,无量纲或 mm,假设值,通用中枢神经系统,用于产生疾病相关的深度差异，并非脑解剖扩散拟合,低,高,模型结构或设计输入,,
cns_profile:cortical_inhibitory,weights,Reduced-order CNS depth parameter: weights,"(0.45, 0.45, 0.1)",dimensionless or mm,assumed,generic CNS,Current model structural prior; requires project-specific calibration,Produces disease-specific depth contrasts; not an anatomical diffusion fit,low,high,model/export_delivery_design_space.py:CNS_PROFILES,structural/design,,,,CNS 深度配置：cortical_inhibitory,降阶 CNS 深度参数：三级深度权重,无量纲或 mm,假设值,通用中枢神经系统,用于产生疾病相关的深度差异，并非脑解剖扩散拟合,低,高,模型结构或设计输入,,
cns_profile:cortical_inhibitory,cell_access,Reduced-order CNS depth parameter: cell_access,0.68,dimensionless or mm,assumed,generic CNS,Current model structural prior; requires project-specific calibration,Produces disease-specific depth contrasts; not an anatomical diffusion fit,low,high,model/export_delivery_design_space.py:CNS_PROFILES,structural/design,,,,CNS 深度配置：cortical_inhibitory,降阶 CNS 深度参数：细胞可及性,无量纲或 mm,假设值,通用中枢神经系统,用于产生疾病相关的深度差异，并非脑解剖扩散拟合,低,高,模型结构或设计输入,,
cns_profile:cortical_inhibitory,persistence,Reduced-order CNS depth parameter: persistence,0.95,dimensionless or mm,assumed,generic CNS,Current model structural prior; requires project-specific calibration,Produces disease-specific depth contrasts; not an anatomical diffusion fit,low,high,model/export_delivery_design_space.py:CNS_PROFILES,structural/design,,,,CNS 深度配置：cortical_inhibitory,降阶 CNS 深度参数：持久性修正,无量纲或 mm,假设值,通用中枢神经系统,用于产生疾病相关的深度差异，并非脑解剖扩散拟合,低,高,模型结构或设计输入,,
cns_profile:cortical_inhibitory,depth_mm,Reduced-order CNS depth parameter: depth_mm,1.2,dimensionless or mm,assumed,generic CNS,Current model structural prior; requires project-specific calibration,Produces disease-specific depth contrasts; not an anatomical diffusion fit,low,high,model/export_delivery_design_space.py:CNS_PROFILES,structural/design,,,,CNS 深度配置：cortical_inhibitory,降阶 CNS 深度参数：目标深度,无量纲或 mm,假设值,通用中枢神经系统,用于产生疾病相关的深度差异，并非脑解剖扩散拟合,低,高,模型结构或设计输入,,
cns_profile:cortical_projection,weights,Reduced-order CNS depth parameter: weights,"(0.3, 0.52, 0.18)",dimensionless or mm,assumed,generic CNS,Current model structural prior; requires project-specific calibration,Produces disease-specific depth contrasts; not an anatomical diffusion fit,low,high,model/export_delivery_design_space.py:CNS_PROFILES,structural/design,,,,CNS 深度配置：cortical_projection,降阶 CNS 深度参数：三级深度权重,无量纲或 mm,假设值,通用中枢神经系统,用于产生疾病相关的深度差异，并非脑解剖扩散拟合,低,高,模型结构或设计输入,,
cns_profile:cortical_projection,cell_access,Reduced-order CNS depth parameter: cell_access,0.78,dimensionless or mm,assumed,generic CNS,Current model structural prior; requires project-specific calibration,Produces disease-specific depth contrasts; not an anatomical diffusion fit,low,high,model/export_delivery_design_space.py:CNS_PROFILES,structural/design,,,,CNS 深度配置：cortical_projection,降阶 CNS 深度参数：细胞可及性,无量纲或 mm,假设值,通用中枢神经系统,用于产生疾病相关的深度差异，并非脑解剖扩散拟合,低,高,模型结构或设计输入,,
cns_profile:cortical_projection,persistence,Reduced-order CNS depth parameter: persistence,1,dimensionless or mm,assumed,generic CNS,Current model structural prior; requires project-specific calibration,Produces disease-specific depth contrasts; not an anatomical diffusion fit,low,high,model/export_delivery_design_space.py:CNS_PROFILES,structural/design,,,,CNS 深度配置：cortical_projection,降阶 CNS 深度参数：持久性修正,无量纲或 mm,假设值,通用中枢神经系统,用于产生疾病相关的深度差异，并非脑解剖扩散拟合,低,高,模型结构或设计输入,,
cns_profile:cortical_projection,depth_mm,Reduced-order CNS depth parameter: depth_mm,1.8,dimensionless or mm,assumed,generic CNS,Current model structural prior; requires project-specific calibration,Produces disease-specific depth contrasts; not an anatomical diffusion fit,low,high,model/export_delivery_design_space.py:CNS_PROFILES,structural/design,,,,CNS 深度配置：cortical_projection,降阶 CNS 深度参数：目标深度,无量纲或 mm,假设值,通用中枢神经系统,用于产生疾病相关的深度差异，并非脑解剖扩散拟合,低,高,模型结构或设计输入,,
cns_profile:synaptic_neuron,weights,Reduced-order CNS depth parameter: weights,"(0.38, 0.47, 0.15)",dimensionless or mm,assumed,generic CNS,Current model structural prior; requires project-specific calibration,Produces disease-specific depth contrasts; not an anatomical diffusion fit,low,high,model/export_delivery_design_space.py:CNS_PROFILES,structural/design,,,,CNS 深度配置：synaptic_neuron,降阶 CNS 深度参数：三级深度权重,无量纲或 mm,假设值,通用中枢神经系统,用于产生疾病相关的深度差异，并非脑解剖扩散拟合,低,高,模型结构或设计输入,,
cns_profile:synaptic_neuron,cell_access,Reduced-order CNS depth parameter: cell_access,0.82,dimensionless or mm,assumed,generic CNS,Current model structural prior; requires project-specific calibration,Produces disease-specific depth contrasts; not an anatomical diffusion fit,low,high,model/export_delivery_design_space.py:CNS_PROFILES,structural/design,,,,CNS 深度配置：synaptic_neuron,降阶 CNS 深度参数：细胞可及性,无量纲或 mm,假设值,通用中枢神经系统,用于产生疾病相关的深度差异，并非脑解剖扩散拟合,低,高,模型结构或设计输入,,
cns_profile:synaptic_neuron,persistence,Reduced-order CNS depth parameter: persistence,1,dimensionless or mm,assumed,generic CNS,Current model structural prior; requires project-specific calibration,Produces disease-specific depth contrasts; not an anatomical diffusion fit,low,high,model/export_delivery_design_space.py:CNS_PROFILES,structural/design,,,,CNS 深度配置：synaptic_neuron,降阶 CNS 深度参数：持久性修正,无量纲或 mm,假设值,通用中枢神经系统,用于产生疾病相关的深度差异，并非脑解剖扩散拟合,低,高,模型结构或设计输入,,
cns_profile:synaptic_neuron,depth_mm,Reduced-order CNS depth parameter: depth_mm,1.5,dimensionless or mm,assumed,generic CNS,Current model structural prior; requires project-specific calibration,Produces disease-specific depth contrasts; not an anatomical diffusion fit,low,high,model/export_delivery_design_space.py:CNS_PROFILES,structural/design,,,,CNS 深度配置：synaptic_neuron,降阶 CNS 深度参数：目标深度,无量纲或 mm,假设值,通用中枢神经系统,用于产生疾病相关的深度差异，并非脑解剖扩散拟合,低,高,模型结构或设计输入,,
cns_profile:deep_striatal,weights,Reduced-order CNS depth parameter: weights,"(0.08, 0.32, 0.6)",dimensionless or mm,assumed,generic CNS,Current model structural prior; requires project-specific calibration,Produces disease-specific depth contrasts; not an anatomical diffusion fit,low,high,model/export_delivery_design_space.py:CNS_PROFILES,structural/design,,,,CNS 深度配置：deep_striatal,降阶 CNS 深度参数：三级深度权重,无量纲或 mm,假设值,通用中枢神经系统,用于产生疾病相关的深度差异，并非脑解剖扩散拟合,低,高,模型结构或设计输入,,
cns_profile:deep_striatal,cell_access,Reduced-order CNS depth parameter: cell_access,0.62,dimensionless or mm,assumed,generic CNS,Current model structural prior; requires project-specific calibration,Produces disease-specific depth contrasts; not an anatomical diffusion fit,low,high,model/export_delivery_design_space.py:CNS_PROFILES,structural/design,,,,CNS 深度配置：deep_striatal,降阶 CNS 深度参数：细胞可及性,无量纲或 mm,假设值,通用中枢神经系统,用于产生疾病相关的深度差异，并非脑解剖扩散拟合,低,高,模型结构或设计输入,,
cns_profile:deep_striatal,persistence,Reduced-order CNS depth parameter: persistence,1,dimensionless or mm,assumed,generic CNS,Current model structural prior; requires project-specific calibration,Produces disease-specific depth contrasts; not an anatomical diffusion fit,low,high,model/export_delivery_design_space.py:CNS_PROFILES,structural/design,,,,CNS 深度配置：deep_striatal,降阶 CNS 深度参数：持久性修正,无量纲或 mm,假设值,通用中枢神经系统,用于产生疾病相关的深度差异，并非脑解剖扩散拟合,低,高,模型结构或设计输入,,
cns_profile:deep_striatal,depth_mm,Reduced-order CNS depth parameter: depth_mm,4.5,dimensionless or mm,assumed,generic CNS,Current model structural prior; requires project-specific calibration,Produces disease-specific depth contrasts; not an anatomical diffusion fit,low,high,model/export_delivery_design_space.py:CNS_PROFILES,structural/design,,,,CNS 深度配置：deep_striatal,降阶 CNS 深度参数：目标深度,无量纲或 mm,假设值,通用中枢神经系统,用于产生疾病相关的深度差异，并非脑解剖扩散拟合,低,高,模型结构或设计输入,,
cns_profile:hypothalamic,weights,Reduced-order CNS depth parameter: weights,"(0.05, 0.23, 0.72)",dimensionless or mm,assumed,generic CNS,Current model structural prior; requires project-specific calibration,Produces disease-specific depth contrasts; not an anatomical diffusion fit,low,high,model/export_delivery_design_space.py:CNS_PROFILES,structural/design,,,,CNS 深度配置：hypothalamic,降阶 CNS 深度参数：三级深度权重,无量纲或 mm,假设值,通用中枢神经系统,用于产生疾病相关的深度差异，并非脑解剖扩散拟合,低,高,模型结构或设计输入,,
cns_profile:hypothalamic,cell_access,Reduced-order CNS depth parameter: cell_access,0.55,dimensionless or mm,assumed,generic CNS,Current model structural prior; requires project-specific calibration,Produces disease-specific depth contrasts; not an anatomical diffusion fit,low,high,model/export_delivery_design_space.py:CNS_PROFILES,structural/design,,,,CNS 深度配置：hypothalamic,降阶 CNS 深度参数：细胞可及性,无量纲或 mm,假设值,通用中枢神经系统,用于产生疾病相关的深度差异，并非脑解剖扩散拟合,低,高,模型结构或设计输入,,
cns_profile:hypothalamic,persistence,Reduced-order CNS depth parameter: persistence,1,dimensionless or mm,assumed,generic CNS,Current model structural prior; requires project-specific calibration,Produces disease-specific depth contrasts; not an anatomical diffusion fit,low,high,model/export_delivery_design_space.py:CNS_PROFILES,structural/design,,,,CNS 深度配置：hypothalamic,降阶 CNS 深度参数：持久性修正,无量纲或 mm,假设值,通用中枢神经系统,用于产生疾病相关的深度差异，并非脑解剖扩散拟合,低,高,模型结构或设计输入,,
cns_profile:hypothalamic,depth_mm,Reduced-order CNS depth parameter: depth_mm,5.5,dimensionless or mm,assumed,generic CNS,Current model structural prior; requires project-specific calibration,Produces disease-specific depth contrasts; not an anatomical diffusion fit,low,high,model/export_delivery_design_space.py:CNS_PROFILES,structural/design,,,,CNS 深度配置：hypothalamic,降阶 CNS 深度参数：目标深度,无量纲或 mm,假设值,通用中枢神经系统,用于产生疾病相关的深度差异，并非脑解剖扩散拟合,低,高,模型结构或设计输入,,
cns_profile:broad_neuronal,weights,Reduced-order CNS depth parameter: weights,"(0.34, 0.41, 0.25)",dimensionless or mm,assumed,generic CNS,Current model structural prior; requires project-specific calibration,Produces disease-specific depth contrasts; not an anatomical diffusion fit,low,high,model/export_delivery_design_space.py:CNS_PROFILES,structural/design,,,,CNS 深度配置：broad_neuronal,降阶 CNS 深度参数：三级深度权重,无量纲或 mm,假设值,通用中枢神经系统,用于产生疾病相关的深度差异，并非脑解剖扩散拟合,低,高,模型结构或设计输入,,
cns_profile:broad_neuronal,cell_access,Reduced-order CNS depth parameter: cell_access,0.75,dimensionless or mm,assumed,generic CNS,Current model structural prior; requires project-specific calibration,Produces disease-specific depth contrasts; not an anatomical diffusion fit,low,high,model/export_delivery_design_space.py:CNS_PROFILES,structural/design,,,,CNS 深度配置：broad_neuronal,降阶 CNS 深度参数：细胞可及性,无量纲或 mm,假设值,通用中枢神经系统,用于产生疾病相关的深度差异，并非脑解剖扩散拟合,低,高,模型结构或设计输入,,
cns_profile:broad_neuronal,persistence,Reduced-order CNS depth parameter: persistence,1,dimensionless or mm,assumed,generic CNS,Current model structural prior; requires project-specific calibration,Produces disease-specific depth contrasts; not an anatomical diffusion fit,low,high,model/export_delivery_design_space.py:CNS_PROFILES,structural/design,,,,CNS 深度配置：broad_neuronal,降阶 CNS 深度参数：持久性修正,无量纲或 mm,假设值,通用中枢神经系统,用于产生疾病相关的深度差异，并非脑解剖扩散拟合,低,高,模型结构或设计输入,,
cns_profile:broad_neuronal,depth_mm,Reduced-order CNS depth parameter: depth_mm,2.5,dimensionless or mm,assumed,generic CNS,Current model structural prior; requires project-specific calibration,Produces disease-specific depth contrasts; not an anatomical diffusion fit,low,high,model/export_delivery_design_space.py:CNS_PROFILES,structural/design,,,,CNS 深度配置：broad_neuronal,降阶 CNS 深度参数：目标深度,无量纲或 mm,假设值,通用中枢神经系统,用于产生疾病相关的深度差异，并非脑解剖扩散拟合,低,高,模型结构或设计输入,,
cns_profile:neural_progenitor,weights,Reduced-order CNS depth parameter: weights,"(0.48, 0.37, 0.15)",dimensionless or mm,assumed,generic CNS,Current model structural prior; requires project-specific calibration,Produces disease-specific depth contrasts; not an anatomical diffusion fit,low,high,model/export_delivery_design_space.py:CNS_PROFILES,structural/design,,,,CNS 深度配置：neural_progenitor,降阶 CNS 深度参数：三级深度权重,无量纲或 mm,假设值,通用中枢神经系统,用于产生疾病相关的深度差异，并非脑解剖扩散拟合,低,高,模型结构或设计输入,,
cns_profile:neural_progenitor,cell_access,Reduced-order CNS depth parameter: cell_access,0.58,dimensionless or mm,assumed,generic CNS,Current model structural prior; requires project-specific calibration,Produces disease-specific depth contrasts; not an anatomical diffusion fit,low,high,model/export_delivery_design_space.py:CNS_PROFILES,structural/design,,,,CNS 深度配置：neural_progenitor,降阶 CNS 深度参数：细胞可及性,无量纲或 mm,假设值,通用中枢神经系统,用于产生疾病相关的深度差异，并非脑解剖扩散拟合,低,高,模型结构或设计输入,,
cns_profile:neural_progenitor,persistence,Reduced-order CNS depth parameter: persistence,0.3,dimensionless or mm,assumed,generic CNS,Current model structural prior; requires project-specific calibration,Produces disease-specific depth contrasts; not an anatomical diffusion fit,low,high,model/export_delivery_design_space.py:CNS_PROFILES,structural/design,,,,CNS 深度配置：neural_progenitor,降阶 CNS 深度参数：持久性修正,无量纲或 mm,假设值,通用中枢神经系统,用于产生疾病相关的深度差异，并非脑解剖扩散拟合,低,高,模型结构或设计输入,,
cns_profile:neural_progenitor,depth_mm,Reduced-order CNS depth parameter: depth_mm,1.6,dimensionless or mm,assumed,generic CNS,Current model structural prior; requires project-specific calibration,Produces disease-specific depth contrasts; not an anatomical diffusion fit,low,high,model/export_delivery_design_space.py:CNS_PROFILES,structural/design,,,,CNS 深度配置：neural_progenitor,降阶 CNS 深度参数：目标深度,无量纲或 mm,假设值,通用中枢神经系统,用于产生疾病相关的深度差异，并非脑解剖扩散拟合,低,高,模型结构或设计输入,,
sineup_pd,sineup_rna_half_life_days,SINEUP pharmacodynamic parameter,0.25,"day, fraction or a.u.",assumed,generic target,"Zucchelli et al. 2015, PMID:26259533 (SINEUP mechanism only)",Mechanism is supported; numerical value is a transparent design prior,low,high,model/export_delivery_design_space.py:solve_sineup_pd,mechanistic-only,,,https://pubmed.ncbi.nlm.nih.gov/26259533/,SINEUP 药效动力学,SINEUP 药效动力学参数,d、比例或任意单位,假设值,通用靶标,机制有文献支持，数值是公开透明的设计先验,低,高,仅支持机制，不能直接约束数值,,
sineup_pd,target_protein_half_life_days,SINEUP pharmacodynamic parameter,2,"day, fraction or a.u.",assumed,generic target,"Zucchelli et al. 2015, PMID:26259533 (SINEUP mechanism only)",Mechanism is supported; numerical value is a transparent design prior,low,high,model/export_delivery_design_space.py:solve_sineup_pd,mechanistic-only,,,https://pubmed.ncbi.nlm.nih.gov/26259533/,SINEUP 药效动力学,SINEUP 药效动力学参数,d、比例或任意单位,假设值,通用靶标,机制有文献支持，数值是公开透明的设计先验,低,高,仅支持机制，不能直接约束数值,,
sineup_pd,k_sineup_tx,SINEUP pharmacodynamic parameter,4,"day, fraction or a.u.",assumed,generic target,"Zucchelli et al. 2015, PMID:26259533 (SINEUP mechanism only)",Mechanism is supported; numerical value is a transparent design prior,low,high,model/export_delivery_design_space.py:solve_sineup_pd,mechanistic-only,,,https://pubmed.ncbi.nlm.nih.gov/26259533/,SINEUP 药效动力学,SINEUP 药效动力学参数,d、比例或任意单位,假设值,通用靶标,机制有文献支持，数值是公开透明的设计先验,低,高,仅支持机制，不能直接约束数值,,
sineup_pd,ec50_epi,SINEUP pharmacodynamic parameter,0.3,"day, fraction or a.u.",assumed,generic target,"Zucchelli et al. 2015, PMID:26259533 (SINEUP mechanism only)",Mechanism is supported; numerical value is a transparent design prior,low,high,model/export_delivery_design_space.py:solve_sineup_pd,mechanistic-only,,,https://pubmed.ncbi.nlm.nih.gov/26259533/,SINEUP 药效动力学,SINEUP 药效动力学参数,d、比例或任意单位,假设值,通用靶标,机制有文献支持，数值是公开透明的设计先验,低,高,仅支持机制，不能直接约束数值,,
sineup_pd,ec50_sineup,SINEUP pharmacodynamic parameter,0.5,"day, fraction or a.u.",assumed,generic target,"Zucchelli et al. 2015, PMID:26259533 (SINEUP mechanism only)",Mechanism is supported; numerical value is a transparent design prior,low,high,model/export_delivery_design_space.py:solve_sineup_pd,mechanistic-only,,,https://pubmed.ncbi.nlm.nih.gov/26259533/,SINEUP 药效动力学,SINEUP 药效动力学参数,d、比例或任意单位,假设值,通用靶标,机制有文献支持，数值是公开透明的设计先验,低,高,仅支持机制，不能直接约束数值,,
sineup_pd,max_translation_boost,SINEUP pharmacodynamic parameter,1,"day, fraction or a.u.",assumed,generic target,"Zucchelli et al. 2015, PMID:26259533 (SINEUP mechanism only)",Mechanism is supported; numerical value is a transparent design prior,low,high,model/export_delivery_design_space.py:solve_sineup_pd,mechanistic-only,,,https://pubmed.ncbi.nlm.nih.gov/26259533/,SINEUP 药效动力学,SINEUP 药效动力学参数,d、比例或任意单位,假设值,通用靶标,机制有文献支持，数值是公开透明的设计先验,低,高,仅支持机制，不能直接约束数值,,
sineup_pd,therapeutic_threshold,SINEUP pharmacodynamic parameter,0.65,"day, fraction or a.u.",assumed,generic target,"Zucchelli et al. 2015, PMID:26259533 (SINEUP mechanism only)",Mechanism is supported; numerical value is a transparent design prior,low,high,model/export_delivery_design_space.py:solve_sineup_pd,mechanistic-only,,,https://pubmed.ncbi.nlm.nih.gov/26259533/,SINEUP 药效动力学,SINEUP 药效动力学参数,d、比例或任意单位,假设值,通用靶标,机制有文献支持，数值是公开透明的设计先验,低,高,仅支持机制，不能直接约束数值,,
